#	total_frames:200	interaction_types:hbbb,hbsb,hbss
#	Columns:	residue_1,	residue_2	frame_count	contact_frequency
B:HIS:311	R:LYS:76	0.080
A:ILE:28	R:GLN:157	0.005
A:ASN:347	R:GLN:157	0.145
A:GLU:318	R:SER:247	0.430
A:GLU:318	R:LYS:248	0.120
A:GLU:25	R:ARG:160	0.055
A:LEU:353	R:GLN:321	0.815
A:ASP:341	R:GLN:245	0.290
B:ASP:312	R:LYS:76	0.475
A:GLY:352	R:ARG:143	0.010
B:ASN:313	R:LYS:76	0.090
A:ASN:347	R:ALA:158	0.865
A:ASP:341	R:ASN:246	0.370
B:GLY:310	R:LYS:75	0.020
A:GLY:350	R:SER:79	0.545
A:ALA:345	R:ASN:246	0.025
A:SER:29	R:ARG:160	0.180
A:LEU:195	R:THR:151	0.005
A:ASP:337	R:GLN:245	0.140
A:ARG:349	R:TYR:326	0.370
A:TYR:320	R:SER:247	0.120
A:TYR:320	R:ASN:246	0.055
A:ARG:349	R:ASN:325	0.060
A:LYS:317	R:SER:247	0.055
A:ILE:343	R:GLN:157	0.015
A:ASN:316	R:LYS:248	0.035
A:GLY:350	R:LYS:322	0.670
A:TYR:320	R:GLN:245	0.690
B:GLY:310	R:LYS:76	0.030
A:ASN:194	R:LYS:152	0.035
A:VAL:334	R:GLN:245	0.030
A:GLY:352	R:GLN:321	0.240
A:ASN:347	R:ALA:153	0.035
A:ASN:347	R:ALA:146	0.105
A:ASN:312	R:SER:247	0.005
A:ASN:347	R:LYS:159	0.010
A:ALA:345	R:LYS:248	0.115
A:LYS:32	R:VAL:155	0.005
A:CYS:351	R:ARG:143	0.865
B:ASP:312	R:LYS:75	0.280
A:ASN:346	R:GLN:157	0.530
A:ARG:349	R:LYS:248	0.080
A:TYR:354	R:LYS:251	0.130
A:TYR:354	R:ASN:325	0.700
A:ASN:194	R:THR:151	0.515
A:TYR:354	R:ARG:324	0.040
A:ASN:346	R:LYS:248	0.010
A:GLY:27	R:GLN:157	0.005
A:GLU:318	R:ASN:246	0.120
B:ASP:333	R:LYS:76	0.045
A:PRO:315	R:SER:247	0.005
A:PRO:315	R:LYS:248	0.710
A:ALA:338	R:GLN:245	0.015
A:CYS:321	R:GLN:245	0.060
A:LYS:193	R:THR:151	0.265
A:TYR:354	R:ASN:246	0.025
A:TYR:354	R:ALA:252	0.005
A:LYS:317	R:LYS:248	0.010
A:ASN:347	R:ARG:143	0.700
A:GLY:352	R:LYS:322	0.695
A:TYR:354	R:LYS:248	0.075
A:CYS:351	R:THR:81	0.030
A:ARG:349	R:LYS:322	0.015
A:LYS:32	R:THR:151	0.165
A:LYS:32	R:LYS:152	0.105
A:TYR:354	R:GLN:321	0.060
B:SER:334	R:LYS:76	0.005
A:ASN:347	R:SER:156	0.075
A:ASN:347	R:ASP:142	0.265
