{
  "tracks": [
    {
      "trackProperties": [
        {
          "color": " #CC33EE", 
          "nodeName": "R:S156", 
          "size": 1.0
        }, 
        {
          "color": " #CC33EE", 
          "nodeName": "R:R324", 
          "size": 1.0
        }, 
        {
          "color": " #CC33EE", 
          "nodeName": "R:A158", 
          "size": 1.0
        }, 
        {
          "color": " #00FF00", 
          "nodeName": "A:S29", 
          "size": 1.0
        }, 
        {
          "color": " #00FF00", 
          "nodeName": "A:C321", 
          "size": 1.0
        }, 
        {
          "color": " #CC33EE", 
          "nodeName": "R:K75", 
          "size": 1.0
        }, 
        {
          "color": " #CC33EE", 
          "nodeName": "R:A153", 
          "size": 1.0
        }, 
        {
          "color": " #00FF00", 
          "nodeName": "A:G352", 
          "size": 1.0
        }, 
        {
          "color": " #00FF00", 
          "nodeName": "A:G350", 
          "size": 1.0
        }, 
        {
          "color": " #FFEC2B", 
          "nodeName": "B:D312", 
          "size": 1.0
        }, 
        {
          "color": " #00FF00", 
          "nodeName": "A:N194", 
          "size": 1.0
        }, 
        {
          "color": " #CC33EE", 
          "nodeName": "R:A252", 
          "size": 1.0
        }, 
        {
          "color": " #CC33EE", 
          "nodeName": "R:K322", 
          "size": 1.0
        }, 
        {
          "color": " #CC33EE", 
          "nodeName": "R:K152", 
          "size": 1.0
        }, 
        {
          "color": " #00FF00", 
          "nodeName": "A:D341", 
          "size": 1.0
        }, 
        {
          "color": " #00FF00", 
          "nodeName": "A:E318", 
          "size": 1.0
        }, 
        {
          "color": " #FFEC2B", 
          "nodeName": "B:G310", 
          "size": 1.0
        }, 
        {
          "color": " #00FF00", 
          "nodeName": "A:R349", 
          "size": 1.0
        }, 
        {
          "color": " #CC33EE", 
          "nodeName": "R:Q157", 
          "size": 1.0
        }, 
        {
          "color": " #CC33EE", 
          "nodeName": "R:R160", 
          "size": 1.0
        }, 
        {
          "color": " #00FF00", 
          "nodeName": "A:V334", 
          "size": 1.0
        }, 
        {
          "color": " #00FF00", 
          "nodeName": "A:G27", 
          "size": 1.0
        }, 
        {
          "color": " #FFEC2B", 
          "nodeName": "B:N313", 
          "size": 1.0
        }, 
        {
          "color": " #CC33EE", 
          "nodeName": "R:K159", 
          "size": 1.0
        }, 
        {
          "color": " #00FF00", 
          "nodeName": "A:Y320", 
          "size": 1.0
        }, 
        {
          "color": " #CC33EE", 
          "nodeName": "R:Y326", 
          "size": 1.0
        }, 
        {
          "color": " #00FF00", 
          "nodeName": "A:A338", 
          "size": 1.0
        }, 
        {
          "color": " #00FF00", 
          "nodeName": "A:I343", 
          "size": 1.0
        }, 
        {
          "color": " #CC33EE", 
          "nodeName": "R:V155", 
          "size": 1.0
        }, 
        {
          "color": " #CC33EE", 
          "nodeName": "R:N246", 
          "size": 1.0
        }, 
        {
          "color": " #CC33EE", 
          "nodeName": "R:N325", 
          "size": 1.0
        }, 
        {
          "color": " #00FF00", 
          "nodeName": "A:I28", 
          "size": 1.0
        }, 
        {
          "color": " #CC33EE", 
          "nodeName": "R:K251", 
          "size": 1.0
        }, 
        {
          "color": " #CC33EE", 
          "nodeName": "R:A146", 
          "size": 1.0
        }, 
        {
          "color": " #00FF00", 
          "nodeName": "A:C351", 
          "size": 1.0
        }, 
        {
          "color": " #00FF00", 
          "nodeName": "A:K32", 
          "size": 1.0
        }, 
        {
          "color": " #00FF00", 
          "nodeName": "A:N312", 
          "size": 1.0
        }, 
        {
          "color": " #00FF00", 
          "nodeName": "A:E25", 
          "size": 1.0
        }, 
        {
          "color": " #CC33EE", 
          "nodeName": "R:T81", 
          "size": 1.0
        }, 
        {
          "color": " #CC33EE", 
          "nodeName": "R:D142", 
          "size": 1.0
        }, 
        {
          "color": " #FFEC2B", 
          "nodeName": "B:S334", 
          "size": 1.0
        }, 
        {
          "color": " #FFEC2B", 
          "nodeName": "B:H311", 
          "size": 1.0
        }, 
        {
          "color": " #CC33EE", 
          "nodeName": "R:K76", 
          "size": 1.0
        }, 
        {
          "color": " #CC33EE", 
          "nodeName": "R:Q245", 
          "size": 1.0
        }, 
        {
          "color": " #00FF00", 
          "nodeName": "A:L195", 
          "size": 1.0
        }, 
        {
          "color": " #00FF00", 
          "nodeName": "A:A345", 
          "size": 1.0
        }, 
        {
          "color": " #CC33EE", 
          "nodeName": "R:S79", 
          "size": 1.0
        }, 
        {
          "color": " #00FF00", 
          "nodeName": "A:N316", 
          "size": 1.0
        }, 
        {
          "color": " #FFEC2B", 
          "nodeName": "B:D333", 
          "size": 1.0
        }, 
        {
          "color": " #00FF00", 
          "nodeName": "A:P315", 
          "size": 1.0
        }, 
        {
          "color": " #00FF00", 
          "nodeName": "A:K193", 
          "size": 1.0
        }, 
        {
          "color": " #CC33EE", 
          "nodeName": "R:T151", 
          "size": 1.0
        }, 
        {
          "color": " #00FF00", 
          "nodeName": "A:K317", 
          "size": 1.0
        }, 
        {
          "color": " #CC33EE", 
          "nodeName": "R:K248", 
          "size": 1.0
        }, 
        {
          "color": " #CC33EE", 
          "nodeName": "R:R143", 
          "size": 1.0
        }, 
        {
          "color": " #00FF00", 
          "nodeName": "A:N347", 
          "size": 1.0
        }, 
        {
          "color": " #00FF00", 
          "nodeName": "A:N346", 
          "size": 1.0
        }, 
        {
          "color": " #00FF00", 
          "nodeName": "A:D337", 
          "size": 1.0
        }, 
        {
          "color": " #CC33EE", 
          "nodeName": "R:Q321", 
          "size": 1.0
        }, 
        {
          "color": " #00FF00", 
          "nodeName": "A:L353", 
          "size": 1.0
        }, 
        {
          "color": " #00FF00", 
          "nodeName": "A:Y354", 
          "size": 1.0
        }, 
        {
          "color": " #CC33EE", 
          "nodeName": "R:S247", 
          "size": 1.0
        }
      ], 
      "trackLabel": "DefaultTrack"
    }
  ], 
  "edges": [
    {
      "frames": [0, 
        1, 
        2, 
        3, 
        6, 
        7, 
        8, 
        9, 
        10, 
        11, 
        12, 
        13, 
        14, 
        15, 
        16, 
        17, 
        18, 
        19, 
        20, 
        21, 
        22, 
        23, 
        24, 
        25, 
        26, 
        27, 
        28, 
        29, 
        30, 
        31, 
        32, 
        33, 
        34, 
        35, 
        36, 
        37, 
        38, 
        39, 
        40, 
        41, 
        42, 
        43, 
        44, 
        45, 
        46, 
        47, 
        48, 
        49, 
        50, 
        51, 
        52, 
        53, 
        55, 
        56, 
        57, 
        58, 
        59, 
        60, 
        61, 
        63, 
        64, 
        65, 
        67, 
        69, 
        71, 
        74, 
        76, 
        77, 
        79, 
        80, 
        81, 
        82, 
        83, 
        84, 
        85, 
        86, 
        88, 
        89, 
        92, 
        97, 
        98, 
        99, 
        100, 
        101, 
        102, 
        103, 
        104, 
        105, 
        106, 
        107, 
        108, 
        109, 
        110, 
        111, 
        112, 
        113, 
        114, 
        117, 
        118, 
        119, 
        120, 
        122, 
        123, 
        124, 
        125, 
        126, 
        127, 
        128, 
        129, 
        130, 
        131, 
        132, 
        134, 
        135, 
        136, 
        138, 
        139, 
        140, 
        141, 
        142, 
        143, 
        144, 
        145, 
        146, 
        147, 
        148, 
        149, 
        150, 
        151, 
        152, 
        154, 
        155, 
        156, 
        157, 
        158, 
        159, 
        160, 
        161, 
        162, 
        163, 
        164, 
        165, 
        166, 
        167, 
        168, 
        169, 
        170, 
        171, 
        172, 
        173, 
        174, 
        176, 
        177, 
        179, 
        180, 
        181, 
        182, 
        183, 
        184, 
        185, 
        187, 
        188, 
        189, 
        190, 
        191, 
        192, 
        193, 
        194, 
        195, 
        196, 
        197, 
        198, 
        199], 
      "name2": "R:R143", 
      "name1": "A:C351"
    }, 
    {
      "frames": [0, 
        1, 
        2, 
        3, 
        4, 
        5, 
        6, 
        7, 
        8, 
        9, 
        10, 
        11, 
        12, 
        13, 
        14, 
        15, 
        16, 
        17, 
        18, 
        19, 
        20, 
        21, 
        22, 
        23, 
        24, 
        25, 
        26, 
        27, 
        28, 
        29, 
        31, 
        32, 
        33, 
        34, 
        35, 
        36, 
        37, 
        38, 
        40, 
        41, 
        42, 
        43, 
        45, 
        46, 
        47, 
        49, 
        52, 
        53, 
        55, 
        60, 
        65, 
        68, 
        69, 
        77, 
        79, 
        80, 
        84, 
        85, 
        86, 
        89, 
        90, 
        94, 
        95, 
        96, 
        97, 
        98, 
        99, 
        101, 
        102, 
        111, 
        114, 
        116, 
        118, 
        129, 
        134, 
        141, 
        143, 
        146, 
        158, 
        159, 
        160, 
        161, 
        162, 
        163, 
        164, 
        173], 
      "name2": "R:S247", 
      "name1": "A:E318"
    }, 
    {
      "frames": [0, 
        2, 
        3, 
        4, 
        5, 
        6, 
        7, 
        8, 
        9, 
        10, 
        11, 
        12, 
        13, 
        14, 
        15, 
        17, 
        43, 
        63, 
        178, 
        183, 
        185, 
        191, 
        192], 
      "name2": "R:K248", 
      "name1": "A:A345"
    }, 
    {
      "frames": [0, 
        4, 
        6, 
        8, 
        10, 
        12, 
        13, 
        23, 
        24, 
        26, 
        27, 
        28, 
        29, 
        30, 
        31, 
        33, 
        42, 
        43, 
        51, 
        54, 
        61, 
        64, 
        66, 
        70, 
        76, 
        77, 
        78, 
        79, 
        80, 
        82, 
        83, 
        85, 
        88, 
        90, 
        93, 
        94, 
        96, 
        97, 
        98, 
        103, 
        107, 
        114, 
        120, 
        122, 
        123, 
        124, 
        130, 
        131, 
        139, 
        143, 
        148, 
        151, 
        164, 
        174, 
        176, 
        177, 
        178, 
        195], 
      "name2": "R:Q245", 
      "name1": "A:D341"
    }, 
    {
      "frames": [0, 
        9, 
        52, 
        53, 
        54, 
        64, 
        76, 
        80, 
        86, 
        87, 
        94, 
        100, 
        109, 
        110, 
        111, 
        112, 
        114, 
        115, 
        116, 
        117, 
        118, 
        120, 
        121, 
        122, 
        124, 
        126, 
        131, 
        132, 
        134, 
        138, 
        140, 
        142, 
        143, 
        146, 
        147, 
        152, 
        156, 
        159, 
        161, 
        163, 
        164, 
        168, 
        172, 
        174, 
        175, 
        178, 
        181, 
        183, 
        184, 
        185, 
        187, 
        188, 
        194, 
        195, 
        196, 
        198], 
      "name2": "R:K75", 
      "name1": "B:D312"
    }, 
    {
      "frames": [0, 
        1], 
      "name2": "R:K159", 
      "name1": "A:N347"
    }, 
    {
      "frames": [0, 
        1, 
        2, 
        3, 
        4, 
        5, 
        6, 
        7, 
        8, 
        9, 
        10, 
        11], 
      "name2": "R:Q321", 
      "name1": "A:Y354"
    }, 
    {
      "frames": [0, 
        1, 
        2, 
        3, 
        4, 
        16, 
        17, 
        20, 
        21, 
        22, 
        23, 
        24, 
        25, 
        26, 
        27, 
        28, 
        29, 
        30, 
        31, 
        32, 
        33, 
        34, 
        35, 
        37, 
        38, 
        39, 
        40, 
        41, 
        43, 
        44, 
        45, 
        46, 
        47, 
        48, 
        49, 
        50, 
        51, 
        52, 
        53, 
        54, 
        55, 
        56, 
        57, 
        58, 
        59, 
        60, 
        61, 
        62, 
        63, 
        64, 
        65, 
        66, 
        68, 
        88, 
        91, 
        93, 
        94, 
        95, 
        96, 
        97, 
        98, 
        99, 
        102, 
        103, 
        104, 
        105, 
        106, 
        107, 
        108, 
        109, 
        111, 
        112, 
        113, 
        115, 
        116, 
        121, 
        122, 
        123, 
        124, 
        126, 
        132, 
        138, 
        140, 
        141, 
        148, 
        153, 
        154, 
        155, 
        157, 
        161, 
        165, 
        167, 
        168, 
        169, 
        170, 
        171, 
        172, 
        173, 
        174, 
        176, 
        177, 
        178, 
        185, 
        186, 
        187, 
        188, 
        189, 
        190, 
        191], 
      "name2": "R:S79", 
      "name1": "A:G350"
    }, 
    {
      "frames": [1, 
        19, 
        36, 
        38, 
        40, 
        56, 
        59, 
        61, 
        62, 
        63, 
        66, 
        83, 
        87, 
        93, 
        95, 
        96, 
        97, 
        104, 
        107, 
        124, 
        131, 
        139, 
        146, 
        162, 
        180, 
        181], 
      "name2": "R:K251", 
      "name1": "A:Y354"
    }, 
    {
      "frames": [1, 
        2, 
        3, 
        6, 
        7, 
        8, 
        9, 
        10, 
        12, 
        13, 
        14, 
        15, 
        16, 
        17, 
        19, 
        20, 
        30, 
        41, 
        131, 
        154, 
        155], 
      "name2": "R:A146", 
      "name1": "A:N347"
    }, 
    {
      "frames": [2, 
        3, 
        4, 
        5, 
        6, 
        7, 
        8, 
        9, 
        11, 
        12, 
        13, 
        14, 
        15, 
        17, 
        18, 
        19, 
        20, 
        21, 
        22, 
        23, 
        24, 
        25, 
        26, 
        27, 
        28, 
        29, 
        30, 
        31, 
        32, 
        33, 
        34, 
        35, 
        36, 
        37, 
        38, 
        40, 
        41, 
        43, 
        44, 
        45, 
        46, 
        47, 
        48, 
        60, 
        63, 
        64, 
        65, 
        67, 
        69, 
        70, 
        71, 
        72, 
        75, 
        76, 
        77, 
        78, 
        79, 
        80, 
        81, 
        83, 
        84, 
        85, 
        86, 
        87, 
        88, 
        89, 
        90, 
        91, 
        92, 
        93, 
        94, 
        95, 
        96, 
        97, 
        98, 
        99, 
        100, 
        101, 
        102, 
        103, 
        104, 
        105, 
        106, 
        107, 
        108, 
        109, 
        110, 
        111, 
        112, 
        113, 
        114, 
        115, 
        116, 
        117, 
        118, 
        119, 
        120, 
        121, 
        122, 
        123, 
        124, 
        125, 
        126, 
        127, 
        129, 
        130, 
        132, 
        133, 
        134, 
        135, 
        136, 
        137, 
        138, 
        139, 
        140, 
        141, 
        142, 
        143, 
        144, 
        145, 
        146, 
        147, 
        148, 
        149, 
        150, 
        152, 
        153, 
        154, 
        155, 
        156, 
        157, 
        158, 
        159, 
        160, 
        161, 
        162, 
        163, 
        164], 
      "name2": "R:Q245", 
      "name1": "A:Y320"
    }, 
    {
      "frames": [2, 
        3, 
        6, 
        8, 
        9, 
        11, 
        13, 
        18, 
        32, 
        34, 
        40, 
        41, 
        42, 
        45, 
        46, 
        50, 
        51, 
        52, 
        56, 
        57, 
        60, 
        64, 
        65, 
        68, 
        69, 
        73, 
        75, 
        79, 
        80, 
        83, 
        85, 
        87, 
        89, 
        90, 
        91, 
        96, 
        97, 
        98, 
        99, 
        101, 
        102, 
        105, 
        108, 
        112, 
        120, 
        131, 
        132, 
        133, 
        140, 
        141, 
        144, 
        146, 
        148, 
        152, 
        153, 
        155, 
        157, 
        160, 
        162, 
        163, 
        165, 
        167, 
        168, 
        170, 
        171, 
        172, 
        175, 
        179, 
        184, 
        190, 
        194, 
        197, 
        198, 
        199], 
      "name2": "R:N246", 
      "name1": "A:D341"
    }, 
    {
      "frames": [3], 
      "name2": "R:V155", 
      "name1": "A:K32"
    }, 
    {
      "frames": [3], 
      "name2": "R:K76", 
      "name1": "B:S334"
    }, 
    {
      "frames": [4, 
        5, 
        6, 
        7, 
        8, 
        9, 
        11, 
        13, 
        14, 
        190, 
        191, 
        195], 
      "name2": "R:N325", 
      "name1": "A:R349"
    }, 
    {
      "frames": [4, 
        5], 
      "name2": "R:R143", 
      "name1": "A:G352"
    }, 
    {
      "frames": [4], 
      "name2": "R:S247", 
      "name1": "A:P315"
    }, 
    {
      "frames": [4, 
        5, 
        17, 
        106, 
        146], 
      "name2": "R:N246", 
      "name1": "A:A345"
    }, 
    {
      "frames": [5], 
      "name2": "R:Q157", 
      "name1": "A:I28"
    }, 
    {
      "frames": [5, 
        18, 
        20, 
        21, 
        34, 
        47, 
        67, 
        74, 
        75, 
        78, 
        87, 
        91, 
        94, 
        140, 
        141, 
        142, 
        144, 
        149, 
        150, 
        151, 
        152, 
        153, 
        155, 
        156, 
        159, 
        168, 
        171, 
        184], 
      "name2": "R:Q245", 
      "name1": "A:D337"
    }, 
    {
      "frames": [5], 
      "name2": "R:Q157", 
      "name1": "A:G27"
    }, 
    {
      "frames": [6, 
        12, 
        19, 
        20, 
        21, 
        27], 
      "name2": "R:T81", 
      "name1": "A:C351"
    }, 
    {
      "frames": [6, 
        14, 
        15, 
        20, 
        23, 
        24, 
        25, 
        26, 
        27, 
        28, 
        29, 
        31, 
        32, 
        33, 
        38, 
        185, 
        190, 
        192], 
      "name2": "R:K76", 
      "name1": "B:N313"
    }, 
    {
      "frames": [8, 
        12, 
        14, 
        19, 
        20, 
        21, 
        22, 
        24, 
        25, 
        26, 
        27, 
        76, 
        77, 
        78, 
        79, 
        81, 
        85, 
        86, 
        87, 
        94, 
        98, 
        102, 
        105, 
        112, 
        113, 
        116, 
        122, 
        124, 
        126, 
        130, 
        131, 
        133, 
        138, 
        140, 
        144, 
        145, 
        147, 
        151, 
        152, 
        153, 
        165, 
        166, 
        169, 
        175, 
        177, 
        179, 
        182, 
        197], 
      "name2": "R:Q321", 
      "name1": "A:G352"
    }, 
    {
      "frames": [9, 
        10, 
        11, 
        12, 
        13, 
        14, 
        18, 
        19, 
        36, 
        42, 
        43, 
        44, 
        45, 
        46, 
        47, 
        49, 
        50, 
        51, 
        52, 
        57, 
        58, 
        59, 
        65, 
        66, 
        67, 
        68, 
        70, 
        72, 
        73, 
        75, 
        76, 
        77, 
        78, 
        79, 
        81, 
        83, 
        84, 
        85, 
        86, 
        87, 
        90, 
        91, 
        92, 
        93, 
        94, 
        95, 
        96, 
        98, 
        99, 
        100, 
        103, 
        104, 
        105, 
        106, 
        107, 
        108, 
        110, 
        111, 
        112, 
        113, 
        115, 
        117, 
        118, 
        119, 
        120, 
        121, 
        122, 
        123, 
        124, 
        125, 
        126, 
        127, 
        128, 
        129, 
        130, 
        132, 
        133, 
        134, 
        135, 
        139, 
        140, 
        141, 
        142, 
        143, 
        144, 
        145, 
        146, 
        147, 
        148, 
        149, 
        150, 
        152, 
        153, 
        154, 
        155, 
        156, 
        157, 
        158, 
        159, 
        160, 
        161, 
        162, 
        163, 
        164, 
        165, 
        166, 
        168, 
        169, 
        170, 
        172, 
        173, 
        174, 
        175, 
        176, 
        177, 
        179, 
        180, 
        181, 
        182, 
        183, 
        184, 
        185, 
        187, 
        188, 
        189, 
        190, 
        191, 
        192, 
        193, 
        194, 
        195, 
        197, 
        198, 
        199], 
      "name2": "R:K322", 
      "name1": "A:G350"
    }, 
    {
      "frames": [12, 
        13, 
        14, 
        165, 
        166, 
        171, 
        174, 
        175, 
        177, 
        180, 
        183], 
      "name2": "R:R160", 
      "name1": "A:E25"
    }, 
    {
      "frames": [12, 
        17, 
        18, 
        19, 
        20, 
        22, 
        23, 
        30, 
        32, 
        33, 
        36, 
        38, 
        41, 
        42, 
        43, 
        44, 
        45, 
        46, 
        48, 
        52, 
        53, 
        55, 
        57, 
        60, 
        61, 
        62, 
        65, 
        66, 
        67, 
        68, 
        69, 
        70, 
        73, 
        74, 
        75, 
        77, 
        78, 
        79, 
        81, 
        83, 
        84, 
        85, 
        86, 
        89, 
        90, 
        91, 
        92, 
        93, 
        97, 
        99, 
        101, 
        102, 
        103, 
        104, 
        105, 
        106, 
        107, 
        108, 
        109, 
        110, 
        111, 
        112, 
        113, 
        114, 
        115, 
        119, 
        120, 
        123, 
        125, 
        127, 
        128, 
        130, 
        131, 
        133, 
        134, 
        136, 
        137, 
        140, 
        142, 
        146, 
        147, 
        148, 
        149, 
        150, 
        151, 
        154, 
        157, 
        158, 
        160, 
        163, 
        170, 
        175, 
        176, 
        178, 
        182, 
        183, 
        184, 
        188, 
        189, 
        191, 
        192, 
        193, 
        195], 
      "name2": "R:T151", 
      "name1": "A:N194"
    }, 
    {
      "frames": [13], 
      "name2": "R:A252", 
      "name1": "A:Y354"
    }, 
    {
      "frames": [14, 
        15, 
        19, 
        20, 
        21, 
        31, 
        32, 
        33, 
        34, 
        41, 
        42, 
        46, 
        48, 
        50, 
        147], 
      "name2": "R:K248", 
      "name1": "A:Y354"
    }, 
    {
      "frames": [15, 
        77, 
        82, 
        108, 
        117, 
        122, 
        141, 
        190], 
      "name2": "R:R324", 
      "name1": "A:Y354"
    }, 
    {
      "frames": [17, 
        18, 
        28, 
        29, 
        32, 
        34, 
        36, 
        37, 
        38, 
        39, 
        40, 
        41, 
        42, 
        43, 
        44, 
        45, 
        46, 
        47, 
        49, 
        50, 
        51, 
        52, 
        53, 
        54, 
        55, 
        56, 
        57, 
        59, 
        60, 
        61, 
        62, 
        63, 
        64, 
        65, 
        66, 
        67, 
        68, 
        69, 
        71, 
        72, 
        73, 
        76, 
        77, 
        78, 
        79, 
        80, 
        81, 
        82, 
        84, 
        85, 
        86, 
        88, 
        89, 
        90, 
        91, 
        92, 
        94, 
        95, 
        96, 
        98, 
        100, 
        102, 
        104, 
        106, 
        107, 
        108, 
        109, 
        111, 
        112, 
        113, 
        114, 
        115, 
        116, 
        117, 
        118, 
        120, 
        122, 
        123, 
        124, 
        125, 
        128, 
        129, 
        130, 
        133, 
        137, 
        139, 
        140, 
        141, 
        142, 
        143, 
        144, 
        145, 
        146, 
        147, 
        148, 
        151, 
        152, 
        153, 
        155, 
        156, 
        157, 
        158, 
        159, 
        160, 
        161, 
        162, 
        163, 
        164, 
        165, 
        166, 
        167, 
        168, 
        170, 
        171, 
        173, 
        174, 
        175, 
        176, 
        177, 
        178, 
        179, 
        180, 
        181, 
        182, 
        183, 
        184, 
        185, 
        186, 
        187, 
        188, 
        189, 
        192, 
        193, 
        194, 
        195, 
        196, 
        197, 
        198, 
        199], 
      "name2": "R:K322", 
      "name1": "A:G352"
    }, 
    {
      "frames": [18, 
        36, 
        37, 
        80, 
        117, 
        120, 
        125, 
        127, 
        128, 
        129, 
        130, 
        132, 
        133, 
        134, 
        135, 
        136, 
        138, 
        146, 
        148, 
        149, 
        150, 
        151, 
        152, 
        153, 
        156, 
        158, 
        178, 
        189, 
        190], 
      "name2": "R:Q157", 
      "name1": "A:N347"
    }, 
    {
      "frames": [19, 
        23, 
        58, 
        70, 
        72, 
        73, 
        84, 
        130, 
        135, 
        149, 
        196], 
      "name2": "R:N246", 
      "name1": "A:Y320"
    }, 
    {
      "frames": [19, 
        33, 
        84, 
        85, 
        88, 
        89, 
        98], 
      "name2": "R:K248", 
      "name1": "A:N316"
    }, 
    {
      "frames": [21, 
        24, 
        26, 
        27, 
        28, 
        29, 
        30, 
        31, 
        32, 
        33, 
        35, 
        36, 
        37, 
        38, 
        39, 
        40, 
        41, 
        42, 
        43, 
        44, 
        45, 
        46, 
        47, 
        48, 
        49, 
        50, 
        51, 
        52, 
        53, 
        54, 
        55, 
        56, 
        57, 
        58, 
        59, 
        60, 
        61, 
        62, 
        63, 
        64, 
        65, 
        66, 
        67, 
        68, 
        69, 
        70, 
        71, 
        72, 
        73, 
        74, 
        75, 
        76, 
        77, 
        78, 
        79, 
        80, 
        81, 
        82, 
        83, 
        84, 
        85, 
        86, 
        87, 
        88, 
        89, 
        90, 
        91, 
        92, 
        93, 
        94, 
        95, 
        96, 
        97, 
        98, 
        99, 
        100, 
        101, 
        102, 
        103, 
        104, 
        105, 
        106, 
        107, 
        108, 
        109, 
        110, 
        111, 
        112, 
        113, 
        114, 
        115, 
        116, 
        117, 
        118, 
        119, 
        120, 
        121, 
        122, 
        123, 
        124, 
        125, 
        126, 
        127, 
        128, 
        129, 
        130, 
        131, 
        132, 
        133, 
        134, 
        135, 
        136, 
        137, 
        138, 
        139, 
        140, 
        141, 
        142, 
        143, 
        144, 
        145, 
        146, 
        147, 
        148, 
        149, 
        150, 
        151, 
        152, 
        153, 
        155, 
        156, 
        157, 
        158, 
        159, 
        160, 
        161, 
        162, 
        163, 
        164, 
        165, 
        166, 
        167, 
        168, 
        169, 
        170, 
        171, 
        172, 
        173, 
        174, 
        175, 
        176, 
        177, 
        178, 
        179, 
        180, 
        181, 
        182, 
        183, 
        184, 
        185, 
        186, 
        187, 
        188, 
        189, 
        190, 
        191, 
        192, 
        193, 
        194, 
        195, 
        196, 
        197, 
        199], 
      "name2": "R:A158", 
      "name1": "A:N347"
    }, 
    {
      "frames": [21, 
        23, 
        30, 
        31, 
        58, 
        63, 
        65, 
        70, 
        72, 
        77, 
        86, 
        95, 
        104, 
        113, 
        127, 
        129, 
        130, 
        135, 
        136, 
        137, 
        139, 
        143, 
        149, 
        178], 
      "name2": "R:N246", 
      "name1": "A:E318"
    }, 
    {
      "frames": [22, 
        26, 
        27, 
        29, 
        30, 
        31, 
        33, 
        34, 
        35, 
        36, 
        37, 
        38, 
        39, 
        40, 
        41, 
        42, 
        44, 
        45, 
        46, 
        47, 
        48, 
        49, 
        50, 
        51, 
        52, 
        53, 
        54, 
        56, 
        57, 
        58, 
        59, 
        60, 
        61, 
        62, 
        64, 
        65, 
        66, 
        67, 
        68, 
        69, 
        70, 
        71, 
        72, 
        74, 
        75, 
        76, 
        77, 
        78, 
        79, 
        80, 
        81, 
        82, 
        83, 
        84, 
        86, 
        87, 
        88, 
        89, 
        92, 
        93, 
        94, 
        95, 
        96, 
        97, 
        100, 
        101, 
        102, 
        103, 
        104, 
        105, 
        106, 
        107, 
        108, 
        109, 
        110, 
        111, 
        112, 
        113, 
        114, 
        115, 
        117, 
        119, 
        120, 
        121, 
        122, 
        123, 
        124, 
        125, 
        126, 
        127, 
        128, 
        129, 
        130, 
        131, 
        132, 
        133, 
        134, 
        135, 
        136, 
        137, 
        138, 
        139, 
        140, 
        141, 
        142, 
        143, 
        144, 
        145, 
        146, 
        147, 
        149, 
        150, 
        151, 
        152, 
        153, 
        154, 
        155, 
        156, 
        157, 
        158, 
        159, 
        160, 
        161, 
        162, 
        163, 
        164, 
        165, 
        166, 
        167, 
        168, 
        169, 
        170, 
        171, 
        172, 
        173, 
        174, 
        175, 
        176, 
        179, 
        184, 
        197, 
        199], 
      "name2": "R:K248", 
      "name1": "A:P315"
    }, 
    {
      "frames": [23, 
        32, 
        33, 
        34, 
        36, 
        37, 
        39, 
        40, 
        41, 
        42, 
        43, 
        44, 
        45, 
        46, 
        47, 
        49, 
        50, 
        51, 
        52, 
        53, 
        54, 
        55, 
        56, 
        57, 
        58, 
        60, 
        61, 
        63, 
        64, 
        65, 
        66, 
        67, 
        68, 
        69, 
        70, 
        71, 
        72, 
        73, 
        74, 
        75, 
        76, 
        77, 
        78, 
        79, 
        80, 
        81, 
        84, 
        85, 
        86, 
        87, 
        88, 
        89, 
        90, 
        91, 
        92, 
        93, 
        95, 
        96, 
        98, 
        99, 
        100, 
        101, 
        102, 
        103, 
        105, 
        106, 
        107, 
        108, 
        109, 
        110, 
        111, 
        112, 
        113, 
        114, 
        115, 
        117, 
        118, 
        120, 
        121, 
        122, 
        123, 
        124, 
        125, 
        126, 
        127, 
        128, 
        129, 
        130, 
        131, 
        132, 
        133, 
        135, 
        138, 
        139, 
        140, 
        142, 
        143, 
        144, 
        146, 
        148, 
        149, 
        151, 
        152, 
        155, 
        156, 
        157, 
        159, 
        160, 
        161, 
        162, 
        163, 
        164, 
        165, 
        166, 
        167, 
        168, 
        170, 
        171, 
        173, 
        174, 
        176, 
        177, 
        179, 
        180, 
        181, 
        182, 
        183, 
        184, 
        186, 
        187, 
        188, 
        189, 
        190, 
        192, 
        193, 
        194, 
        196, 
        197, 
        198, 
        199], 
      "name2": "R:N325", 
      "name1": "A:Y354"
    }, 
    {
      "frames": [23, 
        26, 
        30, 
        31, 
        33, 
        34, 
        35], 
      "name2": "R:A153", 
      "name1": "A:N347"
    }, 
    {
      "frames": [24, 
        44, 
        49, 
        50, 
        54, 
        60, 
        62, 
        84, 
        99, 
        106, 
        109, 
        112, 
        118, 
        137, 
        138, 
        139, 
        140, 
        149, 
        150, 
        151, 
        154, 
        157, 
        158, 
        159, 
        160, 
        161, 
        162, 
        164, 
        165, 
        166, 
        167, 
        170, 
        171, 
        172, 
        173, 
        174, 
        175, 
        176, 
        177, 
        178, 
        179, 
        180, 
        181, 
        182, 
        183, 
        184, 
        185, 
        186, 
        187, 
        190, 
        191, 
        192, 
        199], 
      "name2": "R:T151", 
      "name1": "A:K193"
    }, 
    {
      "frames": [25, 
        26, 
        27, 
        28, 
        29], 
      "name2": "R:N246", 
      "name1": "A:Y354"
    }, 
    {
      "frames": [26, 
        36, 
        56, 
        57, 
        66, 
        67, 
        70, 
        71, 
        72, 
        73, 
        75, 
        98, 
        122, 
        126, 
        153, 
        163, 
        166, 
        174, 
        179, 
        181, 
        185, 
        188, 
        189, 
        196], 
      "name2": "R:K248", 
      "name1": "A:E318"
    }, 
    {
      "frames": [28, 
        29, 
        30, 
        31, 
        33, 
        34, 
        35, 
        36, 
        37, 
        38, 
        40, 
        42, 
        43, 
        44, 
        45, 
        47, 
        48, 
        49, 
        50, 
        51, 
        52, 
        53, 
        54, 
        55, 
        56, 
        57, 
        58, 
        59, 
        60, 
        62, 
        63, 
        64, 
        65, 
        66, 
        67, 
        68, 
        69, 
        71, 
        73, 
        74, 
        75, 
        76, 
        77, 
        78, 
        79, 
        80, 
        81, 
        82, 
        83, 
        84, 
        85, 
        86, 
        87, 
        88, 
        89, 
        90, 
        91, 
        92, 
        93, 
        94, 
        95, 
        96, 
        97, 
        98, 
        99, 
        100, 
        101, 
        102, 
        103, 
        104, 
        105, 
        107, 
        108, 
        109, 
        110, 
        112, 
        113, 
        114, 
        115, 
        116, 
        117, 
        118, 
        119, 
        120, 
        121, 
        122, 
        123, 
        124, 
        125, 
        126, 
        127, 
        128, 
        129, 
        130, 
        131, 
        132, 
        133, 
        134, 
        135, 
        136, 
        137, 
        138, 
        139, 
        140, 
        141, 
        142, 
        143, 
        144, 
        145, 
        146, 
        147, 
        148, 
        149, 
        150, 
        151, 
        152, 
        153, 
        154, 
        155, 
        156, 
        157, 
        158, 
        159, 
        160, 
        161, 
        162, 
        163, 
        164, 
        165, 
        166, 
        167, 
        168, 
        169, 
        170, 
        171, 
        172, 
        173, 
        174, 
        175, 
        176, 
        177, 
        178, 
        179, 
        180, 
        181, 
        182, 
        183, 
        184, 
        185, 
        186, 
        187, 
        188, 
        189, 
        190, 
        191, 
        192, 
        193, 
        194, 
        195, 
        196, 
        197, 
        198, 
        199], 
      "name2": "R:Q321", 
      "name1": "A:L353"
    }, 
    {
      "frames": [29, 
        30, 
        31, 
        32, 
        33, 
        36, 
        37, 
        40, 
        41, 
        42, 
        46, 
        47, 
        48, 
        49, 
        53, 
        55, 
        57, 
        58, 
        60, 
        62, 
        67, 
        69, 
        70, 
        79, 
        81, 
        83, 
        84, 
        85, 
        86, 
        87, 
        88, 
        89, 
        90, 
        91, 
        92, 
        93, 
        95, 
        97, 
        99, 
        100, 
        103, 
        105, 
        107, 
        110, 
        114, 
        119, 
        121, 
        126, 
        129, 
        130, 
        131, 
        138, 
        153, 
        154, 
        155, 
        156, 
        158, 
        159, 
        161, 
        162, 
        168, 
        171, 
        172, 
        173, 
        175, 
        176, 
        177, 
        178, 
        180, 
        181, 
        185, 
        187, 
        193, 
        197], 
      "name2": "R:Y326", 
      "name1": "A:R349"
    }, 
    {
      "frames": [31, 
        40, 
        41, 
        42, 
        43, 
        44, 
        45, 
        46, 
        47, 
        48, 
        49, 
        50, 
        52, 
        54, 
        55, 
        56, 
        57, 
        59, 
        60, 
        62, 
        63, 
        64, 
        66, 
        67, 
        68, 
        69, 
        70, 
        71, 
        72, 
        73, 
        74, 
        75, 
        76, 
        77, 
        78, 
        79, 
        80, 
        81, 
        82, 
        83, 
        84, 
        85, 
        87, 
        88, 
        89, 
        90, 
        91, 
        92, 
        93, 
        95, 
        96, 
        97, 
        98, 
        99, 
        101, 
        102, 
        103, 
        104, 
        105, 
        107, 
        108, 
        109, 
        110, 
        111, 
        113, 
        114, 
        115, 
        116, 
        118, 
        121, 
        122, 
        124, 
        126, 
        139, 
        141, 
        142, 
        143, 
        144, 
        145, 
        154, 
        157, 
        158, 
        160, 
        161, 
        162, 
        163, 
        164, 
        165, 
        167, 
        168, 
        169, 
        170, 
        171, 
        172, 
        173, 
        176, 
        177, 
        178, 
        179, 
        180, 
        181, 
        182, 
        185, 
        193, 
        194, 
        196], 
      "name2": "R:Q157", 
      "name1": "A:N346"
    }, 
    {
      "frames": [41, 
        43, 
        44, 
        45, 
        46, 
        47, 
        48, 
        49, 
        50, 
        51, 
        52, 
        53, 
        54, 
        55, 
        56, 
        57, 
        58, 
        59, 
        60, 
        62, 
        63, 
        64, 
        65, 
        66, 
        67, 
        68, 
        69, 
        70, 
        71, 
        72, 
        73, 
        74, 
        75, 
        76, 
        77, 
        78, 
        79, 
        80, 
        82, 
        83, 
        84, 
        85, 
        86, 
        87, 
        90, 
        91, 
        92, 
        93, 
        94, 
        95, 
        96, 
        97, 
        98, 
        99, 
        100, 
        101, 
        102, 
        103, 
        104, 
        105, 
        106, 
        107, 
        108, 
        109, 
        110, 
        111, 
        112, 
        113, 
        114, 
        116, 
        117, 
        118, 
        120, 
        121, 
        122, 
        123, 
        124, 
        125, 
        126, 
        127, 
        129, 
        130, 
        131, 
        132, 
        133, 
        134, 
        136, 
        137, 
        138, 
        139, 
        140, 
        141, 
        143, 
        144, 
        145, 
        146, 
        147, 
        148, 
        149, 
        150, 
        151, 
        152, 
        153, 
        154, 
        155, 
        156, 
        157, 
        158, 
        159, 
        160, 
        161, 
        162, 
        163, 
        164, 
        165, 
        166, 
        167, 
        168, 
        169, 
        170, 
        171, 
        174, 
        175, 
        176, 
        177, 
        178, 
        181, 
        182, 
        184, 
        186, 
        188, 
        189, 
        190, 
        191, 
        193, 
        194, 
        195, 
        196, 
        197, 
        199], 
      "name2": "R:R143", 
      "name1": "A:N347"
    }, 
    {
      "frames": [49, 
        57, 
        59, 
        60, 
        61, 
        78, 
        106, 
        142, 
        165, 
        166, 
        167, 
        168, 
        169, 
        170, 
        171, 
        172, 
        173, 
        174, 
        175, 
        178, 
        180, 
        182, 
        183, 
        185], 
      "name2": "R:S247", 
      "name1": "A:Y320"
    }, 
    {
      "frames": [49, 
        156, 
        161, 
        165, 
        166, 
        169], 
      "name2": "R:Q245", 
      "name1": "A:V334"
    }, 
    {
      "frames": [52], 
      "name2": "R:S247", 
      "name1": "A:N312"
    }, 
    {
      "frames": [52, 
        53, 
        54, 
        55, 
        56, 
        59, 
        61, 
        62, 
        63, 
        64, 
        65, 
        66, 
        67, 
        68, 
        71, 
        73, 
        74, 
        76, 
        77, 
        78, 
        80, 
        93, 
        94, 
        96, 
        97, 
        100, 
        101, 
        102, 
        103, 
        104, 
        105, 
        106, 
        108, 
        109, 
        111, 
        112, 
        113, 
        114, 
        115, 
        116, 
        117, 
        118, 
        120, 
        121, 
        122, 
        124, 
        125, 
        126, 
        128, 
        129, 
        130, 
        131, 
        132, 
        133, 
        134, 
        136, 
        137, 
        138, 
        140, 
        141, 
        142, 
        143, 
        144, 
        147, 
        148, 
        152, 
        153, 
        154, 
        155, 
        157, 
        158, 
        159, 
        160, 
        161, 
        162, 
        163, 
        164, 
        173, 
        174, 
        175, 
        177, 
        178, 
        179, 
        181, 
        182, 
        183, 
        185, 
        186, 
        187, 
        188, 
        193, 
        196, 
        197, 
        198, 
        199], 
      "name2": "R:K76", 
      "name1": "B:D312"
    }, 
    {
      "frames": [53, 
        188, 
        189, 
        190, 
        191, 
        192, 
        194, 
        195, 
        196, 
        197, 
        198, 
        199], 
      "name2": "R:Q245", 
      "name1": "A:C321"
    }, 
    {
      "frames": [53, 
        63, 
        99, 
        104, 
        111, 
        116, 
        129, 
        148, 
        151, 
        163, 
        169, 
        180, 
        190, 
        192, 
        196, 
        197], 
      "name2": "R:K248", 
      "name1": "A:R349"
    }, 
    {
      "frames": [54, 
        55, 
        56, 
        57, 
        58, 
        59, 
        60, 
        61, 
        62, 
        63, 
        64, 
        65, 
        66, 
        67, 
        73, 
        74, 
        76, 
        77, 
        78, 
        79, 
        81, 
        82, 
        83, 
        84, 
        85, 
        86, 
        87, 
        88, 
        95, 
        98, 
        99, 
        100, 
        101, 
        102, 
        103, 
        104, 
        105, 
        106, 
        107, 
        108, 
        110, 
        114, 
        116, 
        139, 
        143, 
        144, 
        164, 
        172, 
        180, 
        184, 
        185, 
        196, 
        198], 
      "name2": "R:D142", 
      "name1": "A:N347"
    }, 
    {
      "frames": [57, 
        167, 
        169], 
      "name2": "R:Q245", 
      "name1": "A:A338"
    }, 
    {
      "frames": [58, 
        65, 
        71, 
        72, 
        121, 
        131, 
        156], 
      "name2": "R:K152", 
      "name1": "A:N194"
    }, 
    {
      "frames": [58, 
        59, 
        66, 
        73, 
        77, 
        79, 
        81, 
        82, 
        83, 
        84, 
        85, 
        95, 
        182, 
        183, 
        184], 
      "name2": "R:S156", 
      "name1": "A:N347"
    }, 
    {
      "frames": [79, 
        80], 
      "name2": "R:K248", 
      "name1": "A:K317"
    }, 
    {
      "frames": [80, 
        82, 
        83], 
      "name2": "R:Q157", 
      "name1": "A:I343"
    }, 
    {
      "frames": [82, 
        139, 
        140, 
        141, 
        142, 
        144, 
        153, 
        154, 
        155, 
        157, 
        158, 
        159, 
        160, 
        163, 
        164, 
        165, 
        166, 
        167, 
        168, 
        169, 
        170, 
        171, 
        172, 
        175, 
        176, 
        177, 
        178, 
        180, 
        181, 
        182, 
        184, 
        188, 
        191], 
      "name2": "R:T151", 
      "name1": "A:K32"
    }, 
    {
      "frames": [82, 
        139, 
        140, 
        141, 
        154, 
        156, 
        158, 
        159, 
        164, 
        165, 
        167, 
        170, 
        171, 
        172, 
        173, 
        174, 
        176, 
        177, 
        179, 
        181, 
        189], 
      "name2": "R:K152", 
      "name1": "A:K32"
    }, 
    {
      "frames": [95, 
        97, 
        102, 
        107, 
        183, 
        194, 
        196, 
        198, 
        199], 
      "name2": "R:K76", 
      "name1": "B:D333"
    }, 
    {
      "frames": [101, 
        106, 
        190], 
      "name2": "R:K322", 
      "name1": "A:R349"
    }, 
    {
      "frames": [150, 
        151, 
        152, 
        154, 
        157, 
        158, 
        163, 
        164, 
        165, 
        166, 
        167, 
        168, 
        169, 
        170, 
        171, 
        172], 
      "name2": "R:K76", 
      "name1": "B:H311"
    }, 
    {
      "frames": [150, 
        151, 
        166, 
        168, 
        170, 
        171], 
      "name2": "R:K76", 
      "name1": "B:G310"
    }, 
    {
      "frames": [153, 
        154, 
        155, 
        156], 
      "name2": "R:K75", 
      "name1": "B:G310"
    }, 
    {
      "frames": [158, 
        159, 
        160, 
        161, 
        162, 
        163, 
        164, 
        165, 
        166, 
        167, 
        168, 
        169, 
        170, 
        171, 
        172, 
        173, 
        174, 
        175, 
        176, 
        178, 
        180, 
        181, 
        182, 
        183, 
        185, 
        186, 
        187, 
        188, 
        189, 
        190, 
        191, 
        193, 
        196, 
        197, 
        198, 
        199], 
      "name2": "R:R160", 
      "name1": "A:S29"
    }, 
    {
      "frames": [187], 
      "name2": "R:T151", 
      "name1": "A:L195"
    }, 
    {
      "frames": [189, 
        190, 
        191, 
        192, 
        193, 
        194, 
        195, 
        196, 
        197, 
        198, 
        199], 
      "name2": "R:S247", 
      "name1": "A:K317"
    }, 
    {
      "frames": [190, 
        191], 
      "name2": "R:K248", 
      "name1": "A:N346"
    }
  ], 
  "trees": [
    {
      "treeLabel": "DefaultTree", 
      "treePaths": [
        " R.R0156.R:S156", 
        " R.R0324.R:R324", 
        " R.R0158.R:A158", 
        " A.A0029.A:S29", 
        " A.A0321.A:C321", 
        " R.R0075.R:K75", 
        " R.R0153.R:A153", 
        " A.A0352.A:G352", 
        " A.A0350.A:G350", 
        " B.B0312.B:D312", 
        " A.A0194.A:N194", 
        " R.R0252.R:A252", 
        " R.R0322.R:K322", 
        " R.R0152.R:K152", 
        " A.A0341.A:D341", 
        " A.A0318.A:E318", 
        " B.B0310.B:G310", 
        " A.A0349.A:R349", 
        " R.R0157.R:Q157", 
        " R.R0160.R:R160", 
        " A.A0334.A:V334", 
        " A.A0027.A:G27", 
        " B.B0313.B:N313", 
        " R.R0159.R:K159", 
        " A.A0320.A:Y320", 
        " R.R0326.R:Y326", 
        " A.A0338.A:A338", 
        " A.A0343.A:I343", 
        " R.R0155.R:V155", 
        " R.R0246.R:N246", 
        " R.R0325.R:N325", 
        " A.A0028.A:I28", 
        " R.R0251.R:K251", 
        " R.R0146.R:A146", 
        " A.A0351.A:C351", 
        " A.A0032.A:K32", 
        " A.A0312.A:N312", 
        " A.A0025.A:E25", 
        " R.R0081.R:T81", 
        " R.R0142.R:D142", 
        " B.B0334.B:S334", 
        " B.B0311.B:H311", 
        " R.R0076.R:K76", 
        " R.R0245.R:Q245", 
        " A.A0195.A:L195", 
        " A.A0345.A:A345", 
        " R.R0079.R:S79", 
        " A.A0316.A:N316", 
        " B.B0333.B:D333", 
        " A.A0315.A:P315", 
        " A.A0193.A:K193", 
        " R.R0151.R:T151", 
        " A.A0317.A:K317", 
        " R.R0248.R:K248", 
        " R.R0143.R:R143", 
        " A.A0347.A:N347", 
        " A.A0346.A:N346", 
        " A.A0337.A:D337", 
        " R.R0321.R:Q321", 
        " A.A0353.A:L353", 
        " A.A0354.A:Y354", 
        " R.R0247.R:S247"
      ]
    }
  ]
}