#	total_frames:200	interaction_types:vdw
#	Columns:	residue_1,	residue_2	frame_count	contact_frequency
A:ILE:261	R:TYR:326	0.005
A:ILE:28	R:GLN:157	0.010
A:LYS:32	R:HIS:154	0.435
A:ASN:347	R:VAL:147	0.100
A:ILE:343	R:HIS:154	0.560
A:ASN:347	R:ALA:150	0.005
A:ARG:349	R:LYS:322	0.090
A:ARG:349	R:ASN:325	0.070
A:LEU:348	R:LYS:248	0.045
A:LEU:195	R:THR:151	0.165
A:ARG:313	R:SER:247	0.005
A:LEU:353	R:ILE:256	0.580
A:GLY:350	R:THR:81	0.105
A:TYR:320	R:GLN:245	0.930
A:ASN:194	R:THR:151	0.725
A:ASP:341	R:ALA:244	0.420
A:ASN:347	R:ALA:153	0.040
A:LEU:353	R:ALA:252	0.185
A:THR:340	R:ALA:150	0.360
A:ASN:312	R:SER:247	0.005
A:ILE:344	R:VAL:147	0.470
A:LEU:348	R:ILE:256	0.005
A:ASP:341	R:LEU:241	0.015
B:ASP:312	R:LYS:75	0.345
A:ARG:349	R:LYS:248	0.385
A:GLY:352	R:VAL:255	0.010
A:CYS:351	R:ASP:142	0.200
A:CYS:351	R:ARG:143	0.995
A:TYR:354	R:LYS:251	0.580
A:GLY:352	R:LYS:322	0.815
A:CYS:351	R:ILE:139	0.095
A:ILE:343	R:ALA:146	0.190
A:ASN:347	R:SER:156	0.090
A:THR:340	R:ALA:146	0.005
A:GLY:352	R:ILE:319	0.005
A:ILE:28	R:VAL:155	0.155
A:PRO:315	R:TYR:326	0.005
A:LEU:348	R:ARG:143	0.225
A:ASP:341	R:GLN:245	0.930
A:ASP:337	R:ALA:244	0.020
B:HIS:311	R:LYS:76	0.085
A:ILE:342	R:GLN:157	0.015
A:GLY:350	R:SER:79	0.710
A:ARG:349	R:GLN:321	0.015
A:ILE:344	R:LEU:241	0.380
A:LEU:348	R:LEU:241	0.195
A:LEU:348	R:ALA:252	0.150
B:HIS:311	R:LYS:75	0.010
A:LEU:348	R:VAL:147	0.105
A:ASN:347	R:LYS:159	0.010
A:ALA:345	R:LYS:248	0.265
A:ILE:343	R:ALA:150	0.315
A:TYR:354	R:TYR:326	0.030
A:ASN:346	R:GLN:157	0.600
A:ILE:319	R:GLN:245	0.005
A:ASN:346	R:LYS:248	0.010
A:GLU:318	R:ASN:246	0.470
A:ALA:31	R:VAL:155	0.125
A:ILE:344	R:ALA:150	0.015
A:LYS:193	R:THR:151	0.305
A:GLU:318	R:GLN:245	0.010
B:ASP:312	R:TRP:335	0.015
B:ASP:312	R:LYS:76	0.520
A:CYS:351	R:THR:81	0.605
A:GLY:352	R:GLY:320	0.755
A:GLU:25	R:ARG:160	0.065
A:GLY:27	R:GLN:157	0.005
A:TYR:354	R:GLN:321	0.845
A:ASN:347	R:ALA:158	0.880
B:PHE:335	R:LYS:76	0.010
A:LEU:353	R:VAL:255	0.550
A:SER:29	R:ARG:160	0.180
A:TYR:354	R:LYS:322	0.375
A:ASN:347	R:GLN:157	0.710
A:GLU:318	R:SER:247	0.650
A:GLU:318	R:LYS:248	0.310
A:LEU:353	R:GLN:321	0.875
A:ASN:347	R:ARG:143	0.750
A:LEU:353	R:TYR:234	0.030
A:GLY:352	R:ARG:143	0.065
A:CYS:351	R:MET:80	0.120
B:GLY:310	R:LYS:75	0.020
A:ALA:345	R:ASN:246	0.280
B:PHE:292	R:LYS:76	0.020
A:ASN:346	R:ALA:158	0.105
A:LYS:32	R:VAL:155	0.085
A:ASP:337	R:GLN:245	0.410
A:ARG:349	R:TYR:326	0.710
A:TYR:320	R:ASN:246	0.220
A:ILE:343	R:GLN:157	0.240
A:LYS:317	R:SER:247	0.060
A:ALA:31	R:GLN:157	0.020
A:LEU:353	R:ARG:143	0.710
A:GLY:350	R:LYS:322	0.790
A:LEU:353	R:VAL:147	0.015
A:PRO:315	R:SER:247	0.040
A:GLY:352	R:GLN:321	0.760
A:TYR:354	R:ASN:246	0.025
A:GLY:350	R:TYR:326	0.095
A:ILE:344	R:ASN:246	0.105
A:LEU:353	R:ILE:237	0.010
A:LEU:353	R:GLY:320	0.045
A:TYR:354	R:VAL:255	0.025
A:LEU:195	R:VAL:155	0.010
A:CYS:351	R:SER:79	0.440
A:VAL:334	R:GLN:245	0.075
A:PRO:315	R:LYS:248	0.795
A:ASP:33	R:HIS:154	0.165
A:ALA:338	R:GLN:245	0.050
A:LEU:348	R:ILE:237	0.010
A:ILE:343	R:ALA:153	0.040
A:LEU:353	R:ILE:319	0.010
A:HIS:322	R:GLN:245	0.005
A:LYS:317	R:LYS:248	0.015
A:ASN:194	R:LYS:152	0.125
A:LYS:32	R:THR:151	0.180
A:LEU:348	R:ARG:249	0.100
A:GLY:352	R:THR:81	0.260
A:PRO:315	R:ASN:325	0.010
A:VAL:339	R:HIS:154	0.015
B:ASP:312	R:LEU:334	0.035
A:VAL:34	R:HIS:154	0.200
B:ASN:313	R:LYS:76	0.110
A:GLY:350	R:ALA:158	0.015
A:ASP:341	R:ASN:246	0.685
A:ASN:347	R:ALA:146	0.585
A:LEU:195	R:HIS:154	0.390
A:ALA:31	R:HIS:154	0.585
A:LYS:32	R:ALA:153	0.005
A:LEU:353	R:VAL:259	0.045
A:ILE:28	R:ARG:160	0.040
A:CYS:351	R:TYR:84	0.015
A:LEU:348	R:ASN:246	0.025
A:ASN:316	R:LYS:248	0.085
B:GLY:310	R:LYS:76	0.035
A:THR:220	R:HIS:154	0.015
B:SER:334	R:LYS:76	0.005
A:ILE:344	R:ALA:146	0.290
A:PRO:315	R:LYS:251	0.010
A:TYR:320	R:SER:247	0.155
A:ILE:343	R:THR:151	0.005
A:TYR:354	R:ASN:325	0.845
A:ILE:344	R:ALA:244	0.045
A:TYR:354	R:ARG:324	0.150
B:ASP:333	R:LYS:76	0.045
A:CYS:321	R:GLN:245	0.060
A:PHE:336	R:THR:151	0.280
A:TYR:354	R:ALA:252	0.100
A:SER:29	R:VAL:155	0.100
A:CYS:351	R:ALA:146	0.070
A:CYS:351	R:ALA:158	0.140
B:PHE:292	R:LEU:334	0.005
A:TYR:354	R:LYS:248	0.470
A:LYS:32	R:LYS:152	0.125
A:THR:340	R:THR:151	0.005
A:ASN:347	R:ASP:142	0.590
