{
  "tracks": [
    {
      "trackProperties": [
        {
          "color": " #CC33EE", 
          "nodeName": "R:K248", 
          "size": 1.0
        }, 
        {
          "color": " #CC33EE", 
          "nodeName": "R:R324", 
          "size": 1.0
        }, 
        {
          "color": " #FFEC2B", 
          "nodeName": "B:F292", 
          "size": 1.0
        }, 
        {
          "color": " #CC33EE", 
          "nodeName": "R:K75", 
          "size": 1.0
        }, 
        {
          "color": " #CC33EE", 
          "nodeName": "R:H154", 
          "size": 1.0
        }, 
        {
          "color": " #CC33EE", 
          "nodeName": "R:K251", 
          "size": 1.0
        }, 
        {
          "color": " #CC33EE", 
          "nodeName": "R:R254", 
          "size": 1.0
        }, 
        {
          "color": " #00FF00", 
          "nodeName": "A:R349", 
          "size": 1.0
        }, 
        {
          "color": " #00FF00", 
          "nodeName": "A:K32", 
          "size": 1.0
        }, 
        {
          "color": " #FFEC2B", 
          "nodeName": "B:F335", 
          "size": 1.0
        }, 
        {
          "color": " #CC33EE", 
          "nodeName": "R:Y326", 
          "size": 1.0
        }, 
        {
          "color": " #00FF00", 
          "nodeName": "A:Y354", 
          "size": 1.0
        }, 
        {
          "color": " #CC33EE", 
          "nodeName": "R:K76", 
          "size": 1.0
        }
      ], 
      "trackLabel": "DefaultTrack"
    }
  ], 
  "edges": [
    {
      "frames": [0, 
        1, 
        2, 
        3, 
        4, 
        5, 
        6, 
        7, 
        8, 
        9, 
        10, 
        11, 
        14, 
        16, 
        24, 
        32, 
        33, 
        34, 
        35, 
        67, 
        72, 
        74, 
        78, 
        86, 
        91, 
        95, 
        118, 
        143, 
        144, 
        147, 
        162, 
        169], 
      "name2": "R:K248", 
      "name1": "A:Y354"
    }, 
    {
      "frames": [1, 
        3, 
        4, 
        6, 
        8, 
        11, 
        12, 
        13, 
        18, 
        20, 
        24, 
        36, 
        48, 
        60, 
        62, 
        66, 
        70, 
        71, 
        93, 
        95, 
        108, 
        110, 
        121, 
        122, 
        134, 
        150, 
        151, 
        174, 
        192, 
        196], 
      "name2": "R:K251", 
      "name1": "A:Y354"
    }, 
    {
      "frames": [3, 
        4, 
        104, 
        105, 
        191, 
        192], 
      "name2": "R:K76", 
      "name1": "B:F335"
    }, 
    {
      "frames": [15, 
        34, 
        43, 
        47, 
        50, 
        53, 
        54, 
        59, 
        69, 
        75, 
        78, 
        81, 
        82, 
        85, 
        86, 
        89, 
        90, 
        93, 
        97, 
        102, 
        103, 
        104, 
        107, 
        111, 
        117, 
        118, 
        121, 
        122, 
        124, 
        127, 
        137, 
        138, 
        139, 
        140, 
        141, 
        142, 
        145, 
        155, 
        156, 
        157, 
        158, 
        159, 
        174, 
        176, 
        177, 
        178, 
        179, 
        180, 
        181, 
        185, 
        197], 
      "name2": "R:R324", 
      "name1": "A:Y354"
    }, 
    {
      "frames": [33, 
        39, 
        41, 
        69, 
        71, 
        118, 
        123, 
        161, 
        171, 
        178, 
        180, 
        182, 
        183, 
        185, 
        188], 
      "name2": "R:Y326", 
      "name1": "A:R349"
    }, 
    {
      "frames": [41, 
        63, 
        95, 
        129, 
        130, 
        133, 
        143], 
      "name2": "R:H154", 
      "name1": "A:K32"
    }, 
    {
      "frames": [137], 
      "name2": "R:R254", 
      "name1": "A:Y354"
    }, 
    {
      "frames": [148, 
        149, 
        153, 
        154, 
        155, 
        157, 
        158, 
        159, 
        160, 
        165, 
        167, 
        169, 
        172, 
        176, 
        179, 
        180], 
      "name2": "R:K76", 
      "name1": "B:F292"
    }, 
    {
      "frames": [162], 
      "name2": "R:K75", 
      "name1": "B:F292"
    }
  ], 
  "trees": [
    {
      "treeLabel": "DefaultTree", 
      "treePaths": [
        " R.R0248.R:K248", 
        " R.R0324.R:R324", 
        " B.B0292.B:F292", 
        " R.R0075.R:K75", 
        " R.R0154.R:H154", 
        " R.R0251.R:K251", 
        " R.R0254.R:R254", 
        " A.A0349.A:R349", 
        " A.A0032.A:K32", 
        " B.B0335.B:F335", 
        " R.R0326.R:Y326", 
        " A.A0354.A:Y354", 
        " R.R0076.R:K76"
      ]
    }
  ]
}