{
  "tracks": [
    {
      "trackProperties": [
        {
          "color": " #CC33EE", 
          "nodeName": "R:K248", 
          "size": 1.0
        }, 
        {
          "color": " #00FF00", 
          "nodeName": "A:E318", 
          "size": 1.0
        }, 
        {
          "color": " #CC33EE", 
          "nodeName": "R:K75", 
          "size": 1.0
        }, 
        {
          "color": " #CC33EE", 
          "nodeName": "R:R160", 
          "size": 1.0
        }, 
        {
          "color": " #FFEC2B", 
          "nodeName": "B:D333", 
          "size": 1.0
        }, 
        {
          "color": " #FFEC2B", 
          "nodeName": "B:D312", 
          "size": 1.0
        }, 
        {
          "color": " #00FF00", 
          "nodeName": "A:E25", 
          "size": 1.0
        }, 
        {
          "color": " #CC33EE", 
          "nodeName": "R:K76", 
          "size": 1.0
        }
      ], 
      "trackLabel": "DefaultTrack"
    }
  ], 
  "edges": [
    {
      "frames": [0, 
        9, 
        52, 
        53, 
        54, 
        55, 
        64, 
        67, 
        68, 
        74, 
        76, 
        80, 
        82, 
        86, 
        87, 
        88, 
        94, 
        106, 
        109, 
        110, 
        111, 
        112, 
        114, 
        115, 
        116, 
        117, 
        118, 
        119, 
        120, 
        121, 
        122, 
        124, 
        126, 
        128, 
        129, 
        130, 
        131, 
        132, 
        134, 
        136, 
        138, 
        140, 
        141, 
        142, 
        143, 
        144, 
        146, 
        147, 
        150, 
        152, 
        156, 
        159, 
        161, 
        163, 
        164, 
        167, 
        168, 
        172, 
        174, 
        175, 
        178, 
        181, 
        182, 
        183, 
        184, 
        185, 
        186, 
        187, 
        188, 
        194, 
        196, 
        197, 
        198], 
      "name2": "R:K75", 
      "name1": "B:D312"
    }, 
    {
      "frames": [12, 
        13, 
        14, 
        162, 
        165, 
        166, 
        171, 
        174, 
        175, 
        176, 
        177, 
        178, 
        180, 
        181, 
        183], 
      "name2": "R:R160", 
      "name1": "A:E25"
    }, 
    {
      "frames": [36, 
        51, 
        56, 
        57, 
        58, 
        60, 
        62, 
        66, 
        67, 
        68, 
        70, 
        71, 
        72, 
        73, 
        75, 
        77, 
        91, 
        110, 
        120, 
        122, 
        123, 
        126, 
        130, 
        133, 
        139, 
        143, 
        145, 
        153, 
        166, 
        168, 
        174, 
        179, 
        180, 
        181, 
        182, 
        185, 
        187, 
        188, 
        189, 
        190, 
        194, 
        196], 
      "name2": "R:K248", 
      "name1": "A:E318"
    }, 
    {
      "frames": [73, 
        121, 
        125, 
        143, 
        145, 
        152, 
        159, 
        171, 
        174, 
        177, 
        178, 
        191], 
      "name2": "R:K76", 
      "name1": "B:D312"
    }, 
    {
      "frames": [95, 
        97, 
        102, 
        107, 
        160, 
        162, 
        183, 
        184, 
        185, 
        194, 
        196, 
        198, 
        199], 
      "name2": "R:K76", 
      "name1": "B:D333"
    }
  ], 
  "trees": [
    {
      "treeLabel": "DefaultTree", 
      "treePaths": [
        " R.R0248.R:K248", 
        " A.A0318.A:E318", 
        " R.R0075.R:K75", 
        " R.R0160.R:R160", 
        " B.B0333.B:D333", 
        " B.B0312.B:D312", 
        " A.A0025.A:E25", 
        " R.R0076.R:K76"
      ]
    }
  ]
}