{
  "tracks": [
    {
      "trackProperties": [
        {
          "color": " #CC33EE", 
          "nodeName": "R:K248", 
          "size": 1.0
        }, 
        {
          "color": " #00FF00", 
          "nodeName": "A:D341", 
          "size": 1.0
        }, 
        {
          "color": " #CC33EE", 
          "nodeName": "R:K75", 
          "size": 1.0
        }, 
        {
          "color": " #00FF00", 
          "nodeName": "A:E318", 
          "size": 1.0
        }, 
        {
          "color": " #CC33EE", 
          "nodeName": "R:R160", 
          "size": 1.0
        }, 
        {
          "color": " #FFEC2B", 
          "nodeName": "B:D333", 
          "size": 1.0
        }, 
        {
          "color": " #FFEC2B", 
          "nodeName": "B:D312", 
          "size": 1.0
        }, 
        {
          "color": " #00FF00", 
          "nodeName": "A:R349", 
          "size": 1.0
        }, 
        {
          "color": " #00FF00", 
          "nodeName": "A:E25", 
          "size": 1.0
        }, 
        {
          "color": " #00FF00", 
          "nodeName": "A:D26", 
          "size": 1.0
        }, 
        {
          "color": " #CC33EE", 
          "nodeName": "R:D82", 
          "size": 1.0
        }, 
        {
          "color": " #CC33EE", 
          "nodeName": "R:K76", 
          "size": 1.0
        }
      ], 
      "trackLabel": "DefaultTrack"
    }
  ], 
  "edges": [
    {
      "frames": [3, 
        10, 
        11, 
        12, 
        14, 
        21, 
        36, 
        154, 
        188, 
        189, 
        190, 
        191, 
        192], 
      "name2": "R:K75", 
      "name1": "B:D312"
    }, 
    {
      "frames": [15, 
        16, 
        84, 
        85, 
        86, 
        89, 
        90, 
        95, 
        96, 
        97, 
        99, 
        100, 
        103, 
        105, 
        106, 
        107, 
        108, 
        109, 
        110, 
        111, 
        112, 
        114, 
        116, 
        117, 
        118, 
        119, 
        121, 
        122, 
        123, 
        126, 
        127, 
        128, 
        129, 
        132, 
        133, 
        134, 
        135, 
        136, 
        140, 
        141, 
        142, 
        143, 
        145, 
        146, 
        147, 
        149, 
        151, 
        152, 
        156, 
        158, 
        159, 
        160, 
        161, 
        162, 
        164, 
        165, 
        166, 
        168, 
        169, 
        171, 
        172, 
        173, 
        174, 
        175, 
        176, 
        177, 
        178, 
        196, 
        197, 
        198, 
        199], 
      "name2": "R:K248", 
      "name1": "A:E318"
    }, 
    {
      "frames": [15, 
        43, 
        46, 
        48, 
        49, 
        50, 
        51, 
        60, 
        70, 
        71, 
        82, 
        85, 
        87, 
        88, 
        89, 
        90, 
        91, 
        92, 
        94, 
        95, 
        96, 
        98, 
        100, 
        101, 
        102, 
        103, 
        104, 
        105, 
        106, 
        107, 
        109, 
        110, 
        111, 
        112, 
        113, 
        114, 
        116, 
        118, 
        119, 
        126, 
        127, 
        128, 
        130, 
        131, 
        132, 
        133, 
        134, 
        135, 
        136, 
        137, 
        138, 
        139, 
        141, 
        142, 
        143, 
        145, 
        146, 
        147, 
        148, 
        149, 
        150, 
        151, 
        153, 
        154, 
        155, 
        156, 
        157, 
        158, 
        159, 
        160, 
        161, 
        162, 
        163, 
        164, 
        165, 
        166, 
        167, 
        168, 
        169, 
        170, 
        171, 
        172, 
        173, 
        174, 
        175, 
        176, 
        177, 
        179, 
        180, 
        181, 
        182, 
        183, 
        184, 
        185, 
        187, 
        196], 
      "name2": "R:K76", 
      "name1": "B:D333"
    }, 
    {
      "frames": [34, 
        35, 
        36, 
        66, 
        78, 
        81, 
        82, 
        85, 
        86, 
        87, 
        88, 
        89, 
        90, 
        91, 
        92, 
        93, 
        94, 
        95, 
        97, 
        104, 
        105, 
        122, 
        123, 
        124, 
        125, 
        126, 
        128, 
        129, 
        130, 
        131, 
        132, 
        133, 
        134, 
        135, 
        136, 
        139, 
        141, 
        142, 
        144, 
        152, 
        169, 
        170, 
        171], 
      "name2": "R:R160", 
      "name1": "A:E25"
    }, 
    {
      "frames": [87, 
        88, 
        93, 
        100, 
        102, 
        104, 
        112, 
        113, 
        114, 
        115, 
        116, 
        117, 
        120, 
        122, 
        123, 
        124, 
        125, 
        126, 
        128, 
        129, 
        132, 
        133, 
        141, 
        142, 
        144, 
        148, 
        153, 
        155, 
        157, 
        161, 
        163, 
        168, 
        170, 
        171, 
        172, 
        187, 
        188, 
        193, 
        196, 
        198, 
        199], 
      "name2": "R:D82", 
      "name1": "A:R349"
    }, 
    {
      "frames": [94, 
        95, 
        96, 
        97], 
      "name2": "R:K248", 
      "name1": "A:D341"
    }, 
    {
      "frames": [135, 
        137, 
        142, 
        159, 
        179], 
      "name2": "R:K76", 
      "name1": "B:D312"
    }, 
    {
      "frames": [138], 
      "name2": "R:R160", 
      "name1": "A:D26"
    }
  ], 
  "trees": [
    {
      "treeLabel": "DefaultTree", 
      "treePaths": [
        " R.R0248.R:K248", 
        " A.A0341.A:D341", 
        " R.R0075.R:K75", 
        " A.A0318.A:E318", 
        " R.R0160.R:R160", 
        " B.B0333.B:D333", 
        " B.B0312.B:D312", 
        " A.A0349.A:R349", 
        " A.A0025.A:E25", 
        " A.A0026.A:D26", 
        " R.R0082.R:D82", 
        " R.R0076.R:K76"
      ]
    }
  ]
}