#	total_frames:200	interaction_types:hbbb,hbsb,hbss
#	Columns:	residue_1,	residue_2	frame_count	contact_frequency
A:ASN:346	R:SER:79	0.085
A:GLU:309	R:SER:247	0.010
A:ILE:28	R:GLN:157	0.015
A:LYS:32	R:HIS:154	0.050
A:GLY:352	R:TYR:316	0.135
A:TYR:354	R:SER:247	0.010
B:GLY:310	R:TRP:335	0.005
A:ARG:349	R:LYS:322	0.750
A:GLY:352	R:ILE:319	0.040
A:ASP:26	R:GLN:157	0.075
A:GLN:333	R:GLN:245	0.020
A:GLY:350	R:THR:81	0.560
A:TYR:320	R:GLN:245	0.715
A:ASN:194	R:THR:151	0.725
A:ASN:194	R:LYS:152	0.050
A:LEU:353	R:ALA:252	0.060
A:CYS:351	R:GLY:320	0.005
B:ASP:312	R:LYS:75	0.055
A:ARG:349	R:LYS:248	0.010
A:CYS:351	R:ARG:143	0.085
A:TYR:354	R:LYS:251	0.185
A:LEU:348	R:GLN:321	0.355
A:ARG:313	R:LYS:329	0.040
A:ASN:347	R:THR:81	0.025
A:ASP:341	R:GLN:245	0.190
A:ASN:347	R:SER:146	0.180
A:GLY:350	R:SER:79	0.055
A:ARG:349	R:GLN:321	0.495
A:TYR:354	R:ILE:319	0.525
A:ASP:341	R:LYS:248	0.015
A:ARG:349	R:ASN:325	0.075
B:LEU:55	R:LYS:76	0.005
A:ASN:347	R:LYS:159	0.595
A:ALA:345	R:LYS:248	0.215
A:ASN:347	R:SER:79	0.435
A:GLU:318	R:ASN:246	0.065
A:LEU:348	R:THR:81	0.005
A:LYS:193	R:THR:151	0.195
A:GLU:318	R:GLN:245	0.005
B:ASP:312	R:TRP:335	0.655
B:ASP:312	R:LYS:76	0.040
A:ALA:345	R:GLN:321	0.530
A:GLU:25	R:ARG:160	0.185
A:GLN:333	R:GLN:243	0.060
A:GLU:309	R:GLN:245	0.230
A:ARG:349	R:SER:79	0.015
A:CYS:351	R:GLN:321	0.010
A:SER:314	R:GLN:321	0.025
A:SER:29	R:ARG:160	0.400
A:GLU:318	R:SER:247	0.775
A:GLU:318	R:LYS:248	0.230
A:LEU:353	R:GLN:321	0.215
A:ASN:316	R:GLN:321	0.265
A:GLY:352	R:ARG:143	0.920
A:ASN:346	R:GLN:321	0.005
B:GLY:310	R:LYS:75	0.145
A:ALA:345	R:ASN:246	0.035
A:LYS:24	R:ARG:160	0.265
A:ARG:349	R:ALA:77	0.565
A:SER:314	R:LYS:329	0.005
A:ASP:337	R:GLN:245	0.255
A:ARG:349	R:TYR:326	0.215
A:TYR:320	R:ASN:246	0.015
A:ALA:31	R:GLN:157	0.225
A:PRO:315	R:SER:247	0.330
A:ASP:33	R:GLN:157	0.010
B:ASN:313	R:TRP:335	0.080
A:ASN:347	R:ASP:142	0.010
A:LEU:348	R:LYS:248	0.120
A:ILE:344	R:GLN:321	0.005
A:ILE:344	R:LYS:248	0.140
A:PRO:315	R:LYS:248	0.510
A:ILE:343	R:SER:146	0.015
A:LEU:353	R:ILE:319	0.500
A:HIS:322	R:GLN:245	0.005
A:ASP:337	R:GLN:243	0.005
A:VAL:334	R:GLN:245	0.010
A:PRO:315	R:ASN:325	0.005
B:SER:334	R:LYS:75	0.005
A:ASN:316	R:ASN:325	0.220
B:ASN:313	R:LYS:76	0.555
A:ASP:341	R:ASN:246	0.665
A:SER:29	R:GLN:157	0.720
A:SER:314	R:ASN:325	0.450
A:GLY:350	R:ILE:319	0.005
A:ALA:31	R:HIS:154	0.015
A:ARG:349	R:LYS:76	0.005
A:GLU:25	R:GLN:157	0.075
A:ILE:28	R:ARG:160	0.335
A:ASN:316	R:LYS:248	0.020
A:ARG:349	R:TYR:74	0.475
A:LYS:32	R:MET:155	0.155
B:SER:334	R:LYS:76	0.005
B:ASN:313	R:LYS:75	0.085
A:TYR:320	R:SER:247	0.005
A:GLU:25	R:THR:158	0.170
A:LYS:32	R:GLN:157	0.300
A:TYR:354	R:ARG:324	0.480
A:GLY:27	R:GLN:157	0.010
B:ASP:333	R:LYS:76	0.345
A:ASN:347	R:ILE:147	0.005
A:CYS:321	R:GLN:245	0.130
A:TYR:354	R:GLN:321	0.040
A:ASN:330	R:GLN:245	0.005
A:TYR:354	R:LYS:248	0.080
A:ALA:30	R:LYS:159	0.005
A:ARG:349	R:ASP:82	0.030
