{
  "tracks": [
    {
      "trackProperties": [
        {
          "color": " #CC33EE", 
          "nodeName": "R:Y74", 
          "size": 1.0
        }, 
        {
          "color": " #CC33EE", 
          "nodeName": "R:K248", 
          "size": 1.0
        }, 
        {
          "color": " #CC33EE", 
          "nodeName": "R:Q243", 
          "size": 1.0
        }, 
        {
          "color": " #CC33EE", 
          "nodeName": "R:K322", 
          "size": 1.0
        }, 
        {
          "color": " #00FF00", 
          "nodeName": "A:S29", 
          "size": 1.0
        }, 
        {
          "color": " #00FF00", 
          "nodeName": "A:C321", 
          "size": 1.0
        }, 
        {
          "color": " #CC33EE", 
          "nodeName": "R:D142", 
          "size": 1.0
        }, 
        {
          "color": " #00FF00", 
          "nodeName": "A:G352", 
          "size": 1.0
        }, 
        {
          "color": " #CC33EE", 
          "nodeName": "R:R324", 
          "size": 1.0
        }, 
        {
          "color": " #00FF00", 
          "nodeName": "A:G350", 
          "size": 1.0
        }, 
        {
          "color": " #FFEC2B", 
          "nodeName": "B:D312", 
          "size": 1.0
        }, 
        {
          "color": " #00FF00", 
          "nodeName": "A:N194", 
          "size": 1.0
        }, 
        {
          "color": " #00FF00", 
          "nodeName": "A:K24", 
          "size": 1.0
        }, 
        {
          "color": " #00FF00", 
          "nodeName": "A:A30", 
          "size": 1.0
        }, 
        {
          "color": " #00FF00", 
          "nodeName": "A:D26", 
          "size": 1.0
        }, 
        {
          "color": " #CC33EE", 
          "nodeName": "R:D82", 
          "size": 1.0
        }, 
        {
          "color": " #CC33EE", 
          "nodeName": "R:I319", 
          "size": 1.0
        }, 
        {
          "color": " #CC33EE", 
          "nodeName": "R:Y326", 
          "size": 1.0
        }, 
        {
          "color": " #CC33EE", 
          "nodeName": "R:W335", 
          "size": 1.0
        }, 
        {
          "color": " #00FF00", 
          "nodeName": "A:Q333", 
          "size": 1.0
        }, 
        {
          "color": " #00FF00", 
          "nodeName": "A:N346", 
          "size": 1.0
        }, 
        {
          "color": " #00FF00", 
          "nodeName": "A:D341", 
          "size": 1.0
        }, 
        {
          "color": " #00FF00", 
          "nodeName": "A:E318", 
          "size": 1.0
        }, 
        {
          "color": " #FFEC2B", 
          "nodeName": "B:G310", 
          "size": 1.0
        }, 
        {
          "color": " #CC33EE", 
          "nodeName": "R:A77", 
          "size": 1.0
        }, 
        {
          "color": " #CC33EE", 
          "nodeName": "R:Y316", 
          "size": 1.0
        }, 
        {
          "color": " #00FF00", 
          "nodeName": "A:R349", 
          "size": 1.0
        }, 
        {
          "color": " #CC33EE", 
          "nodeName": "R:Q157", 
          "size": 1.0
        }, 
        {
          "color": " #00FF00", 
          "nodeName": "A:N330", 
          "size": 1.0
        }, 
        {
          "color": " #CC33EE", 
          "nodeName": "R:R160", 
          "size": 1.0
        }, 
        {
          "color": " #00FF00", 
          "nodeName": "A:S314", 
          "size": 1.0
        }, 
        {
          "color": " #00FF00", 
          "nodeName": "A:V334", 
          "size": 1.0
        }, 
        {
          "color": " #00FF00", 
          "nodeName": "A:G27", 
          "size": 1.0
        }, 
        {
          "color": " #CC33EE", 
          "nodeName": "R:A252", 
          "size": 1.0
        }, 
        {
          "color": " #CC33EE", 
          "nodeName": "R:H154", 
          "size": 1.0
        }, 
        {
          "color": " #00FF00", 
          "nodeName": "A:Y320", 
          "size": 1.0
        }, 
        {
          "color": " #CC33EE", 
          "nodeName": "R:I147", 
          "size": 1.0
        }, 
        {
          "color": " #00FF00", 
          "nodeName": "A:I344", 
          "size": 1.0
        }, 
        {
          "color": " #00FF00", 
          "nodeName": "A:N316", 
          "size": 1.0
        }, 
        {
          "color": " #CC33EE", 
          "nodeName": "R:S146", 
          "size": 1.0
        }, 
        {
          "color": " #CC33EE", 
          "nodeName": "R:N246", 
          "size": 1.0
        }, 
        {
          "color": " #CC33EE", 
          "nodeName": "R:K329", 
          "size": 1.0
        }, 
        {
          "color": " #00FF00", 
          "nodeName": "A:L348", 
          "size": 1.0
        }, 
        {
          "color": " #00FF00", 
          "nodeName": "A:I28", 
          "size": 1.0
        }, 
        {
          "color": " #CC33EE", 
          "nodeName": "R:K251", 
          "size": 1.0
        }, 
        {
          "color": " #00FF00", 
          "nodeName": "A:C351", 
          "size": 1.0
        }, 
        {
          "color": " #00FF00", 
          "nodeName": "A:H322", 
          "size": 1.0
        }, 
        {
          "color": " #00FF00", 
          "nodeName": "A:K32", 
          "size": 1.0
        }, 
        {
          "color": " #00FF00", 
          "nodeName": "A:D33", 
          "size": 1.0
        }, 
        {
          "color": " #00FF00", 
          "nodeName": "A:E25", 
          "size": 1.0
        }, 
        {
          "color": " #FFEC2B", 
          "nodeName": "B:L55", 
          "size": 1.0
        }, 
        {
          "color": " #CC33EE", 
          "nodeName": "R:N325", 
          "size": 1.0
        }, 
        {
          "color": " #00FF00", 
          "nodeName": "A:R313", 
          "size": 1.0
        }, 
        {
          "color": " #CC33EE", 
          "nodeName": "R:K159", 
          "size": 1.0
        }, 
        {
          "color": " #FFEC2B", 
          "nodeName": "B:S334", 
          "size": 1.0
        }, 
        {
          "color": " #FFEC2B", 
          "nodeName": "B:N313", 
          "size": 1.0
        }, 
        {
          "color": " #CC33EE", 
          "nodeName": "R:K76", 
          "size": 1.0
        }, 
        {
          "color": " #CC33EE", 
          "nodeName": "R:Q245", 
          "size": 1.0
        }, 
        {
          "color": " #00FF00", 
          "nodeName": "A:E309", 
          "size": 1.0
        }, 
        {
          "color": " #CC33EE", 
          "nodeName": "R:K75", 
          "size": 1.0
        }, 
        {
          "color": " #00FF00", 
          "nodeName": "A:A345", 
          "size": 1.0
        }, 
        {
          "color": " #CC33EE", 
          "nodeName": "R:T158", 
          "size": 1.0
        }, 
        {
          "color": " #CC33EE", 
          "nodeName": "R:S79", 
          "size": 1.0
        }, 
        {
          "color": " #00FF00", 
          "nodeName": "A:I343", 
          "size": 1.0
        }, 
        {
          "color": " #FFEC2B", 
          "nodeName": "B:D333", 
          "size": 1.0
        }, 
        {
          "color": " #CC33EE", 
          "nodeName": "R:K152", 
          "size": 1.0
        }, 
        {
          "color": " #00FF00", 
          "nodeName": "A:P315", 
          "size": 1.0
        }, 
        {
          "color": " #00FF00", 
          "nodeName": "A:K193", 
          "size": 1.0
        }, 
        {
          "color": " #CC33EE", 
          "nodeName": "R:T151", 
          "size": 1.0
        }, 
        {
          "color": " #CC33EE", 
          "nodeName": "R:G320", 
          "size": 1.0
        }, 
        {
          "color": " #CC33EE", 
          "nodeName": "R:R143", 
          "size": 1.0
        }, 
        {
          "color": " #00FF00", 
          "nodeName": "A:N347", 
          "size": 1.0
        }, 
        {
          "color": " #00FF00", 
          "nodeName": "A:A31", 
          "size": 1.0
        }, 
        {
          "color": " #00FF00", 
          "nodeName": "A:D337", 
          "size": 1.0
        }, 
        {
          "color": " #CC33EE", 
          "nodeName": "R:Q321", 
          "size": 1.0
        }, 
        {
          "color": " #00FF00", 
          "nodeName": "A:L353", 
          "size": 1.0
        }, 
        {
          "color": " #00FF00", 
          "nodeName": "A:Y354", 
          "size": 1.0
        }, 
        {
          "color": " #CC33EE", 
          "nodeName": "R:S247", 
          "size": 1.0
        }, 
        {
          "color": " #CC33EE", 
          "nodeName": "R:M155", 
          "size": 1.0
        }, 
        {
          "color": " #CC33EE", 
          "nodeName": "R:T81", 
          "size": 1.0
        }
      ], 
      "trackLabel": "DefaultTrack"
    }
  ], 
  "edges": [
    {
      "frames": [0, 
        4, 
        9, 
        10, 
        11, 
        12, 
        15, 
        16, 
        17, 
        18, 
        19, 
        20, 
        21, 
        22, 
        33, 
        59, 
        60, 
        61, 
        62, 
        66, 
        67, 
        69, 
        72, 
        73, 
        74, 
        75, 
        77, 
        78, 
        80, 
        85, 
        86, 
        87, 
        88, 
        89, 
        90, 
        91, 
        93, 
        96, 
        97, 
        99, 
        100, 
        101, 
        103, 
        104, 
        105, 
        108, 
        110, 
        111, 
        112, 
        113, 
        115, 
        116, 
        117, 
        118, 
        119, 
        120, 
        121, 
        122, 
        123, 
        124, 
        125, 
        126, 
        129, 
        130, 
        131, 
        132, 
        133, 
        135, 
        137, 
        138, 
        140, 
        143, 
        144, 
        145, 
        146, 
        147, 
        148, 
        149, 
        150, 
        151, 
        152, 
        153, 
        154, 
        156, 
        157, 
        158, 
        159, 
        160, 
        161, 
        162, 
        163, 
        164, 
        165, 
        166, 
        167, 
        168, 
        170, 
        171, 
        172, 
        173, 
        174, 
        175, 
        176, 
        177, 
        178, 
        179, 
        180, 
        181, 
        182, 
        183, 
        184, 
        185, 
        186, 
        189, 
        191, 
        192, 
        193, 
        196, 
        197], 
      "name2": "R:K159", 
      "name1": "A:N347"
    }, 
    {
      "frames": [0], 
      "name2": "R:Q245", 
      "name1": "A:E318"
    }, 
    {
      "frames": [0, 
        1, 
        2, 
        3, 
        4, 
        5, 
        6, 
        7, 
        8, 
        9, 
        11, 
        12, 
        14, 
        15, 
        16, 
        22, 
        24, 
        25, 
        26, 
        27, 
        30, 
        31, 
        32, 
        33, 
        34, 
        35, 
        36, 
        37, 
        39, 
        40, 
        42, 
        43, 
        44, 
        46, 
        48, 
        49, 
        50, 
        51, 
        52, 
        53, 
        54, 
        56, 
        57], 
      "name2": "R:Q321", 
      "name1": "A:L353"
    }, 
    {
      "frames": [0, 
        17], 
      "name2": "R:K248", 
      "name1": "A:R349"
    }, 
    {
      "frames": [0, 
        1, 
        2, 
        3, 
        4, 
        5, 
        6, 
        7, 
        9, 
        10, 
        11, 
        12, 
        13, 
        14, 
        15, 
        16, 
        17, 
        18, 
        19, 
        20, 
        22, 
        23, 
        24, 
        25, 
        26, 
        27, 
        28, 
        29, 
        30, 
        31, 
        32, 
        33, 
        34, 
        35, 
        36, 
        37, 
        38, 
        39, 
        40, 
        41, 
        42, 
        43, 
        44, 
        45, 
        46, 
        47, 
        49, 
        50, 
        51, 
        52, 
        56, 
        57, 
        58, 
        61, 
        63, 
        64, 
        65, 
        66, 
        67, 
        68, 
        70, 
        71, 
        72, 
        73, 
        74, 
        75, 
        76, 
        77, 
        78, 
        79, 
        81, 
        82, 
        83, 
        84, 
        85, 
        86, 
        87, 
        89, 
        90, 
        91, 
        92, 
        93, 
        94, 
        95, 
        96, 
        97, 
        98, 
        100, 
        101, 
        102, 
        103, 
        104, 
        105, 
        106, 
        107, 
        108, 
        109, 
        110, 
        111, 
        112, 
        113, 
        114, 
        115, 
        116, 
        117, 
        118, 
        119, 
        120, 
        121, 
        122, 
        123, 
        124, 
        125, 
        127, 
        128, 
        129, 
        130, 
        131, 
        132, 
        133, 
        134, 
        135, 
        136, 
        137, 
        138, 
        139, 
        140, 
        141, 
        142, 
        143, 
        144, 
        145, 
        146, 
        148, 
        149, 
        150, 
        151, 
        152, 
        153, 
        154, 
        155, 
        156, 
        157, 
        158, 
        159, 
        160, 
        161, 
        162, 
        163, 
        164, 
        165, 
        166, 
        167, 
        168, 
        169, 
        171, 
        172, 
        173, 
        174, 
        175, 
        176, 
        177, 
        178, 
        179, 
        180, 
        181, 
        182, 
        183, 
        184, 
        185, 
        186, 
        187, 
        188, 
        189, 
        190, 
        191, 
        192, 
        193, 
        194, 
        195, 
        196, 
        197, 
        198, 
        199], 
      "name2": "R:R143", 
      "name1": "A:G352"
    }, 
    {
      "frames": [0, 
        15, 
        75, 
        76, 
        77, 
        183, 
        184, 
        190], 
      "name2": "R:Q321", 
      "name1": "A:Y354"
    }, 
    {
      "frames": [0, 
        1, 
        2, 
        7, 
        9, 
        10, 
        12, 
        13, 
        14, 
        15, 
        16, 
        17, 
        18, 
        19, 
        20, 
        21, 
        22, 
        23, 
        25, 
        26, 
        28, 
        29, 
        30, 
        31, 
        32, 
        33, 
        34, 
        35, 
        36, 
        37, 
        39, 
        40, 
        41, 
        42, 
        43, 
        44, 
        45, 
        46, 
        47, 
        48, 
        49, 
        50, 
        51, 
        52, 
        53, 
        54, 
        55, 
        56, 
        57, 
        58, 
        59, 
        60, 
        61, 
        62, 
        63, 
        65, 
        66, 
        67, 
        68, 
        69, 
        70, 
        71, 
        72, 
        73, 
        74, 
        75, 
        76, 
        77, 
        78, 
        79, 
        80, 
        81, 
        82, 
        83, 
        84, 
        85, 
        86, 
        87, 
        88, 
        89, 
        90, 
        91, 
        92, 
        93, 
        94, 
        98, 
        102, 
        106, 
        107, 
        108, 
        109, 
        110, 
        111, 
        112, 
        115, 
        116, 
        118, 
        119, 
        120, 
        121, 
        122, 
        123, 
        124, 
        125, 
        127, 
        128, 
        129, 
        130, 
        132, 
        138, 
        139, 
        140, 
        141, 
        144, 
        146, 
        150, 
        153, 
        154, 
        158, 
        159, 
        160, 
        161, 
        162, 
        164, 
        165, 
        166, 
        167, 
        169, 
        170, 
        171, 
        172, 
        180, 
        181, 
        182, 
        183, 
        185, 
        186, 
        187, 
        188, 
        189, 
        190, 
        191, 
        192, 
        193, 
        194, 
        195, 
        196, 
        197, 
        198, 
        199], 
      "name2": "R:K322", 
      "name1": "A:R349"
    }, 
    {
      "frames": [0, 
        2, 
        4, 
        5, 
        7, 
        8, 
        9, 
        10, 
        11, 
        13, 
        15, 
        16, 
        18, 
        19, 
        20, 
        21, 
        22, 
        23, 
        24, 
        25, 
        26, 
        27, 
        28, 
        29, 
        30, 
        31, 
        32, 
        33, 
        34, 
        35, 
        36, 
        37, 
        38, 
        40, 
        41, 
        42, 
        43, 
        44, 
        45, 
        46, 
        47, 
        48, 
        49, 
        50, 
        51, 
        52, 
        53, 
        54, 
        55, 
        56, 
        57, 
        58, 
        59, 
        60, 
        61, 
        62, 
        63, 
        64, 
        65, 
        66, 
        67, 
        68, 
        69, 
        70, 
        71, 
        72, 
        73, 
        74, 
        75, 
        76, 
        77, 
        78, 
        79, 
        80, 
        81, 
        82, 
        83, 
        84, 
        86, 
        87, 
        88, 
        89, 
        90, 
        91, 
        92, 
        93, 
        94, 
        96, 
        97, 
        98, 
        99, 
        100, 
        101, 
        102, 
        103, 
        104, 
        105, 
        106, 
        107, 
        108, 
        109, 
        110, 
        112, 
        113, 
        114, 
        115, 
        116, 
        117, 
        118, 
        119, 
        120, 
        121, 
        122, 
        123, 
        124, 
        125, 
        126, 
        127, 
        128, 
        129, 
        130, 
        131, 
        132, 
        133, 
        134, 
        136, 
        137, 
        138, 
        139, 
        140, 
        143, 
        144, 
        146, 
        147, 
        148, 
        150, 
        152, 
        154, 
        169, 
        170, 
        171, 
        174, 
        183], 
      "name2": "R:Q245", 
      "name1": "A:Y320"
    }, 
    {
      "frames": [0, 
        1, 
        2, 
        3, 
        4, 
        5, 
        6, 
        7, 
        11, 
        13, 
        14, 
        15, 
        69, 
        84, 
        93, 
        94, 
        100, 
        138, 
        143, 
        144, 
        150, 
        151, 
        161, 
        163, 
        186, 
        187, 
        188, 
        189, 
        191, 
        192, 
        194, 
        195, 
        196, 
        197, 
        198, 
        199], 
      "name2": "R:S146", 
      "name1": "A:N347"
    }, 
    {
      "frames": [0, 
        1, 
        2, 
        4, 
        5, 
        6, 
        7, 
        8, 
        11, 
        12, 
        13, 
        14, 
        15, 
        16, 
        18, 
        19, 
        20, 
        21, 
        22, 
        23, 
        24, 
        25, 
        26, 
        27, 
        28, 
        29, 
        30, 
        32, 
        33, 
        34, 
        35, 
        36, 
        37, 
        39, 
        41, 
        44, 
        50, 
        51, 
        52, 
        53, 
        54, 
        55, 
        56, 
        57, 
        58, 
        59, 
        60, 
        61, 
        62, 
        63, 
        64, 
        66, 
        68, 
        69, 
        70, 
        71, 
        72, 
        73, 
        74, 
        75, 
        76, 
        77, 
        78, 
        81, 
        83, 
        84, 
        85, 
        86, 
        87, 
        89, 
        90, 
        91, 
        92, 
        93, 
        94, 
        95, 
        96, 
        97, 
        98, 
        101, 
        102, 
        103, 
        104, 
        105, 
        106, 
        107, 
        108, 
        109, 
        110, 
        112, 
        113, 
        116, 
        117, 
        119, 
        121, 
        122, 
        123, 
        124, 
        125, 
        126, 
        127, 
        131, 
        132, 
        133, 
        135, 
        136, 
        137, 
        138, 
        139, 
        140, 
        141, 
        142, 
        146, 
        147, 
        149, 
        152, 
        155, 
        157, 
        158, 
        159, 
        160, 
        161, 
        162, 
        163, 
        164, 
        165, 
        166, 
        167, 
        168, 
        169, 
        170, 
        172, 
        173, 
        174, 
        175, 
        176, 
        177, 
        178, 
        179, 
        180, 
        181, 
        183, 
        184, 
        185, 
        186, 
        187, 
        188, 
        189, 
        190, 
        191, 
        193, 
        195, 
        196, 
        198, 
        199], 
      "name2": "R:S247", 
      "name1": "A:E318"
    }, 
    {
      "frames": [0, 
        1, 
        2, 
        3, 
        4, 
        5, 
        6, 
        7, 
        8, 
        9, 
        10, 
        11, 
        12, 
        13, 
        14, 
        16, 
        18, 
        19, 
        20, 
        21, 
        22, 
        24, 
        25, 
        26, 
        27, 
        28, 
        29, 
        33, 
        36, 
        37, 
        39, 
        40, 
        41, 
        44, 
        45, 
        47, 
        48, 
        49, 
        51, 
        60, 
        67, 
        76, 
        77], 
      "name2": "R:K248", 
      "name1": "A:A345"
    }, 
    {
      "frames": [1, 
        2, 
        32], 
      "name2": "R:Q157", 
      "name1": "A:I28"
    }, 
    {
      "frames": [1, 
        2, 
        4, 
        5, 
        6, 
        7, 
        8, 
        9, 
        10, 
        12, 
        13, 
        14, 
        15, 
        16, 
        18, 
        19, 
        20, 
        22, 
        23, 
        24, 
        32, 
        34, 
        35, 
        41, 
        48, 
        49, 
        51, 
        67, 
        74, 
        75, 
        78, 
        82, 
        86, 
        157, 
        168, 
        180, 
        184, 
        188], 
      "name2": "R:Q245", 
      "name1": "A:D341"
    }, 
    {
      "frames": [1, 
        2, 
        3, 
        4, 
        5, 
        6, 
        7, 
        8, 
        9, 
        10, 
        11, 
        12, 
        13, 
        14, 
        15, 
        16, 
        17, 
        18, 
        20, 
        21, 
        25, 
        26, 
        27, 
        28, 
        29, 
        30, 
        31, 
        32, 
        33, 
        34, 
        39, 
        41, 
        43, 
        45, 
        46, 
        47, 
        48, 
        49, 
        50, 
        51, 
        52, 
        53, 
        66, 
        80, 
        81, 
        82, 
        83, 
        84, 
        85, 
        86, 
        88, 
        91, 
        93, 
        94, 
        95, 
        97, 
        98, 
        100, 
        104, 
        106, 
        107, 
        108, 
        109, 
        110, 
        111, 
        112, 
        116, 
        124, 
        126, 
        129, 
        133, 
        134, 
        141, 
        144, 
        150, 
        153, 
        159, 
        160, 
        162, 
        174, 
        177, 
        179, 
        181, 
        182, 
        183, 
        184, 
        186, 
        187, 
        188, 
        191, 
        192, 
        193, 
        195, 
        196, 
        197, 
        198], 
      "name2": "R:R324", 
      "name1": "A:Y354"
    }, 
    {
      "frames": [2, 
        4, 
        8, 
        11, 
        14, 
        16, 
        18, 
        19, 
        22, 
        23, 
        35, 
        37, 
        38, 
        56, 
        59, 
        60, 
        61, 
        79, 
        82, 
        90, 
        101, 
        106, 
        111, 
        114, 
        116, 
        131, 
        133, 
        135, 
        142, 
        157, 
        158, 
        185, 
        195, 
        196, 
        197, 
        198, 
        199], 
      "name2": "R:K251", 
      "name1": "A:Y354"
    }, 
    {
      "frames": [2, 
        11, 
        16, 
        17, 
        19, 
        20, 
        22, 
        23, 
        24, 
        26, 
        61, 
        137, 
        139, 
        140, 
        146, 
        152, 
        155, 
        156, 
        157, 
        161, 
        162, 
        165, 
        168, 
        171, 
        172, 
        177, 
        180, 
        181, 
        183, 
        192, 
        198], 
      "name2": "R:M155", 
      "name1": "A:K32"
    }, 
    {
      "frames": [2, 
        5, 
        6, 
        7, 
        8, 
        9, 
        137, 
        179], 
      "name2": "R:K76", 
      "name1": "B:D312"
    }, 
    {
      "frames": [2, 
        3, 
        4, 
        5, 
        6, 
        7, 
        8, 
        9, 
        10, 
        11, 
        12], 
      "name2": "R:S79", 
      "name1": "A:G350"
    }, 
    {
      "frames": [3, 
        4, 
        5, 
        6, 
        7, 
        8, 
        9, 
        10, 
        11, 
        12, 
        13, 
        14, 
        16, 
        17, 
        18, 
        20, 
        28, 
        145, 
        146, 
        147, 
        148, 
        149, 
        150, 
        151, 
        152, 
        153, 
        154, 
        155, 
        156, 
        158, 
        159, 
        160, 
        161, 
        162, 
        163, 
        164, 
        165, 
        166, 
        167, 
        168, 
        169, 
        170, 
        172, 
        173, 
        174, 
        175, 
        176, 
        177, 
        178, 
        180, 
        181, 
        182, 
        184, 
        186, 
        187, 
        188, 
        189, 
        190, 
        191, 
        192, 
        193, 
        194, 
        195, 
        196, 
        197, 
        198, 
        199], 
      "name2": "R:R160", 
      "name1": "A:I28"
    }, 
    {
      "frames": [3, 
        10, 
        11, 
        12, 
        14, 
        21, 
        188, 
        189, 
        190, 
        191, 
        192], 
      "name2": "R:K75", 
      "name1": "B:D312"
    }, 
    {
      "frames": [4, 
        5, 
        11, 
        16, 
        22, 
        23, 
        24, 
        25, 
        26, 
        31, 
        32, 
        33, 
        38, 
        39, 
        40, 
        41, 
        42, 
        43, 
        45, 
        46, 
        47, 
        48, 
        50, 
        51, 
        52, 
        53, 
        55, 
        56, 
        57, 
        58, 
        59, 
        60, 
        61, 
        62, 
        63, 
        64, 
        66, 
        67, 
        68, 
        69, 
        70, 
        71, 
        72, 
        73, 
        75, 
        76, 
        77, 
        78, 
        79, 
        83, 
        84, 
        85, 
        87, 
        88, 
        91, 
        96, 
        98, 
        99, 
        100, 
        101, 
        103, 
        104, 
        106, 
        107, 
        108, 
        109, 
        110, 
        111, 
        112, 
        113, 
        114, 
        115, 
        116, 
        118, 
        119, 
        120, 
        121, 
        143, 
        144, 
        161], 
      "name2": "R:R160", 
      "name1": "A:S29"
    }, 
    {
      "frames": [4, 
        10, 
        11, 
        12, 
        13, 
        14, 
        15, 
        27, 
        28, 
        29, 
        30, 
        33, 
        34, 
        35, 
        36, 
        39, 
        40, 
        41, 
        44, 
        45, 
        47, 
        50, 
        51, 
        52, 
        53, 
        54, 
        55, 
        56, 
        57, 
        58, 
        59, 
        61, 
        62, 
        64, 
        65, 
        66, 
        67, 
        69, 
        70, 
        71, 
        72, 
        74, 
        75, 
        76, 
        77, 
        78, 
        80, 
        82, 
        83, 
        84, 
        85, 
        86, 
        88, 
        92, 
        93, 
        94, 
        96, 
        97, 
        98, 
        99, 
        100, 
        101, 
        102, 
        104, 
        105, 
        106, 
        107, 
        108, 
        109, 
        110, 
        111, 
        112, 
        113, 
        114, 
        115, 
        116, 
        118, 
        119, 
        120, 
        122, 
        125, 
        126, 
        128, 
        129, 
        130, 
        132, 
        137, 
        138, 
        139, 
        143, 
        144, 
        146, 
        147, 
        148, 
        149, 
        150, 
        151, 
        152, 
        153, 
        154, 
        155, 
        156, 
        157, 
        158, 
        159, 
        160, 
        161, 
        162, 
        163, 
        164, 
        165, 
        166, 
        167, 
        168, 
        169, 
        170, 
        171, 
        172, 
        173, 
        174, 
        175, 
        176, 
        177, 
        178, 
        179, 
        180, 
        181, 
        182, 
        183, 
        184, 
        186, 
        187, 
        188, 
        189, 
        190, 
        191, 
        192, 
        193, 
        194, 
        195, 
        196, 
        197, 
        198, 
        199], 
      "name2": "R:Q157", 
      "name1": "A:S29"
    }, 
    {
      "frames": [9, 
        24, 
        27, 
        32, 
        39, 
        41, 
        51], 
      "name2": "R:N246", 
      "name1": "A:A345"
    }, 
    {
      "frames": [11, 
        12, 
        13, 
        14, 
        15, 
        16, 
        36, 
        40, 
        41, 
        43, 
        45, 
        46, 
        48, 
        49, 
        51, 
        54, 
        55, 
        57, 
        59, 
        64, 
        68, 
        72, 
        82, 
        85, 
        86, 
        87, 
        89, 
        90, 
        91, 
        92, 
        93, 
        94, 
        95, 
        96, 
        97, 
        98, 
        100, 
        101, 
        102, 
        103, 
        104, 
        105, 
        106, 
        107, 
        108, 
        109, 
        110, 
        111, 
        112, 
        113, 
        114, 
        115, 
        116, 
        118, 
        119, 
        120, 
        121, 
        123, 
        124, 
        125, 
        126, 
        127, 
        128, 
        130, 
        131, 
        132, 
        133, 
        134, 
        135, 
        136, 
        138, 
        139, 
        140, 
        141, 
        143, 
        144, 
        145, 
        146, 
        147, 
        148, 
        149, 
        150, 
        151, 
        152, 
        153, 
        154, 
        155, 
        156, 
        157, 
        158, 
        160, 
        162, 
        163, 
        164, 
        165, 
        166, 
        167, 
        168, 
        169, 
        170, 
        172, 
        173, 
        174, 
        176, 
        177, 
        181, 
        182, 
        183, 
        185, 
        186, 
        187], 
      "name2": "R:K76", 
      "name1": "B:N313"
    }, 
    {
      "frames": [11, 
        12, 
        16, 
        19, 
        24, 
        26, 
        27, 
        28, 
        29, 
        32, 
        33, 
        35, 
        39, 
        41, 
        42, 
        43, 
        44, 
        49, 
        51, 
        52, 
        53, 
        54, 
        55, 
        56, 
        57, 
        59, 
        60, 
        61, 
        62, 
        63, 
        66, 
        67, 
        68, 
        70, 
        72, 
        73, 
        74, 
        75, 
        76, 
        78, 
        80, 
        81, 
        83, 
        84, 
        87, 
        88, 
        89, 
        90, 
        91, 
        93, 
        95, 
        96, 
        97, 
        99, 
        100, 
        101, 
        102, 
        103, 
        104, 
        105, 
        107, 
        108, 
        110, 
        111, 
        112, 
        114, 
        115, 
        116, 
        117, 
        118, 
        119, 
        120, 
        121, 
        122, 
        123, 
        124, 
        125, 
        126, 
        127, 
        128, 
        129, 
        130, 
        131, 
        132, 
        133, 
        134, 
        135, 
        136, 
        137, 
        138, 
        139, 
        141, 
        142, 
        143, 
        144, 
        145, 
        146, 
        147, 
        148, 
        149, 
        150, 
        151, 
        153, 
        154, 
        155, 
        156, 
        159, 
        160, 
        162, 
        163, 
        164, 
        165, 
        167, 
        171, 
        174, 
        175, 
        178, 
        179, 
        180, 
        181, 
        182, 
        183, 
        184, 
        187, 
        188, 
        189, 
        190, 
        191, 
        193, 
        195, 
        196, 
        198, 
        199], 
      "name2": "R:N246", 
      "name1": "A:D341"
    }, 
    {
      "frames": [11, 
        16, 
        86, 
        95, 
        114, 
        134, 
        144, 
        146, 
        151, 
        161, 
        183, 
        194, 
        197], 
      "name2": "R:N246", 
      "name1": "A:E318"
    }, 
    {
      "frames": [12], 
      "name2": "R:I147", 
      "name1": "A:N347"
    }, 
    {
      "frames": [12, 
        13, 
        36, 
        37, 
        38, 
        39, 
        40, 
        41, 
        42, 
        46, 
        51, 
        52, 
        56, 
        62, 
        63], 
      "name2": "R:N325", 
      "name1": "A:R349"
    }, 
    {
      "frames": [15, 
        89, 
        90, 
        95, 
        96, 
        97, 
        105, 
        106, 
        107, 
        108, 
        110, 
        111, 
        112, 
        114, 
        116, 
        117, 
        118, 
        122, 
        123, 
        126, 
        127, 
        129, 
        134, 
        135, 
        136, 
        141, 
        143, 
        149, 
        152, 
        156, 
        158, 
        159, 
        161, 
        162, 
        165, 
        166, 
        169, 
        172, 
        173, 
        174, 
        175, 
        177, 
        178, 
        197, 
        198, 
        199], 
      "name2": "R:K248", 
      "name1": "A:E318"
    }, 
    {
      "frames": [15, 
        41, 
        54, 
        64], 
      "name2": "R:K248", 
      "name1": "A:N316"
    }, 
    {
      "frames": [17, 
        18, 
        19, 
        20, 
        21, 
        23, 
        24, 
        26, 
        27, 
        28, 
        30, 
        31, 
        32, 
        34, 
        36, 
        37, 
        39], 
      "name2": "R:K75", 
      "name1": "B:N313"
    }, 
    {
      "frames": [18], 
      "name2": "R:K76", 
      "name1": "A:R349"
    }, 
    {
      "frames": [18, 
        21, 
        141, 
        142, 
        144, 
        148, 
        149, 
        150, 
        152, 
        154, 
        155, 
        156, 
        157, 
        158, 
        161, 
        162, 
        165, 
        166, 
        168, 
        169, 
        171, 
        172, 
        173, 
        174, 
        175, 
        177, 
        178, 
        180, 
        181, 
        182, 
        183, 
        184, 
        185, 
        186, 
        187, 
        189, 
        190, 
        191, 
        192, 
        193, 
        194, 
        196, 
        197, 
        198, 
        199], 
      "name2": "R:Q157", 
      "name1": "A:A31"
    }, 
    {
      "frames": [18, 
        19, 
        20, 
        21, 
        23, 
        24, 
        25, 
        26, 
        27, 
        28, 
        58, 
        64, 
        68, 
        69, 
        70, 
        71, 
        72, 
        75, 
        87, 
        89, 
        90, 
        91, 
        94, 
        95, 
        98, 
        100, 
        101, 
        102, 
        104, 
        105, 
        106, 
        107, 
        108, 
        109, 
        111, 
        112, 
        113, 
        114, 
        118, 
        121, 
        123, 
        124, 
        126, 
        129, 
        130, 
        132, 
        133, 
        140, 
        141, 
        146, 
        147, 
        149, 
        157, 
        158, 
        159, 
        160, 
        163, 
        164, 
        166, 
        167, 
        168, 
        169, 
        170, 
        172, 
        173, 
        174, 
        175, 
        176, 
        177, 
        178, 
        179, 
        180, 
        181, 
        182, 
        183, 
        184, 
        185, 
        186, 
        187, 
        189, 
        191, 
        192, 
        193, 
        194, 
        195, 
        197, 
        198], 
      "name2": "R:S79", 
      "name1": "A:N347"
    }, 
    {
      "frames": [18, 
        21, 
        24, 
        26, 
        27, 
        28, 
        29, 
        30, 
        31, 
        32, 
        33, 
        38, 
        40, 
        43, 
        47, 
        50, 
        61, 
        63, 
        74, 
        76, 
        77, 
        78, 
        80, 
        81], 
      "name2": "R:K248", 
      "name1": "A:L348"
    }, 
    {
      "frames": [19, 
        22, 
        23, 
        25, 
        26, 
        27, 
        28, 
        29, 
        30, 
        31, 
        32, 
        33, 
        34, 
        35, 
        38, 
        39, 
        40, 
        41, 
        43, 
        44, 
        45, 
        46, 
        47, 
        48, 
        49, 
        50, 
        51, 
        53, 
        55, 
        56, 
        61, 
        63, 
        64, 
        65, 
        67, 
        68, 
        70, 
        72, 
        77, 
        78, 
        79, 
        80, 
        81, 
        83, 
        84, 
        86, 
        88, 
        89, 
        90, 
        91, 
        92, 
        96, 
        97, 
        99, 
        100, 
        102, 
        103, 
        104, 
        105, 
        106, 
        107, 
        108, 
        109, 
        110, 
        111, 
        112, 
        113, 
        114, 
        115, 
        116, 
        117, 
        120, 
        122, 
        123, 
        129, 
        130, 
        132, 
        133, 
        134, 
        136, 
        138, 
        139, 
        142, 
        143, 
        145, 
        148, 
        149, 
        151, 
        153, 
        154, 
        156, 
        157, 
        159, 
        161, 
        163, 
        165, 
        166, 
        167, 
        168, 
        169, 
        170, 
        180, 
        185, 
        186, 
        187, 
        189, 
        191, 
        193, 
        194, 
        197, 
        198, 
        199], 
      "name2": "R:T81", 
      "name1": "A:G350"
    }, 
    {
      "frames": [19, 
        20, 
        22, 
        65, 
        66, 
        68, 
        69, 
        71, 
        80, 
        83, 
        84, 
        85, 
        86, 
        87, 
        90, 
        103, 
        106, 
        108, 
        110, 
        112, 
        114, 
        115, 
        116, 
        117, 
        118, 
        123, 
        124, 
        129, 
        132], 
      "name2": "R:K75", 
      "name1": "B:G310"
    }, 
    {
      "frames": [20, 
        21, 
        22, 
        24, 
        25, 
        26, 
        27, 
        28, 
        29, 
        32, 
        33, 
        35, 
        36, 
        37, 
        38, 
        39, 
        40, 
        41, 
        42, 
        43, 
        44, 
        45, 
        46, 
        47, 
        48, 
        49, 
        50, 
        51, 
        52, 
        53, 
        54, 
        55, 
        57, 
        58, 
        59, 
        60, 
        61, 
        63, 
        64, 
        65, 
        66, 
        67, 
        68, 
        69, 
        70, 
        71, 
        72, 
        73, 
        74, 
        75, 
        76, 
        77, 
        78, 
        79, 
        80, 
        81, 
        82, 
        83, 
        84, 
        86, 
        88, 
        92, 
        93, 
        113, 
        130, 
        138], 
      "name2": "R:S247", 
      "name1": "A:P315"
    }, 
    {
      "frames": [22, 
        23, 
        25, 
        26, 
        28, 
        40, 
        41, 
        45, 
        46, 
        47, 
        48, 
        50, 
        51, 
        60, 
        61, 
        62, 
        63, 
        64, 
        65, 
        66, 
        67, 
        69, 
        72, 
        76, 
        77, 
        78, 
        79, 
        80, 
        81, 
        82, 
        83, 
        85, 
        94, 
        95, 
        96, 
        97, 
        110, 
        111, 
        112, 
        119, 
        121, 
        130, 
        131, 
        132, 
        133, 
        134, 
        137, 
        138, 
        139, 
        173, 
        174, 
        175, 
        176], 
      "name2": "R:Q321", 
      "name1": "A:N316"
    }, 
    {
      "frames": [23, 
        68, 
        69, 
        72, 
        73, 
        74, 
        75, 
        76, 
        77, 
        78, 
        79, 
        80, 
        81, 
        82, 
        83, 
        84, 
        94, 
        121, 
        125, 
        126, 
        172, 
        176, 
        177, 
        179, 
        186, 
        187, 
        191], 
      "name2": "R:Y316", 
      "name1": "A:G352"
    }, 
    {
      "frames": [24, 
        25, 
        26, 
        28, 
        29, 
        31, 
        32, 
        33, 
        34, 
        35, 
        36, 
        38, 
        39, 
        40, 
        42, 
        43, 
        44, 
        45, 
        46, 
        47, 
        48, 
        49, 
        50, 
        51, 
        69, 
        76, 
        77, 
        80], 
      "name2": "R:K248", 
      "name1": "A:I344"
    }, 
    {
      "frames": [24, 
        26, 
        27, 
        30, 
        31, 
        33, 
        37, 
        38, 
        39, 
        40, 
        59, 
        60, 
        62, 
        65, 
        70, 
        73], 
      "name2": "R:K248", 
      "name1": "A:Y354"
    }, 
    {
      "frames": [27, 
        28, 
        29, 
        30, 
        31, 
        34, 
        36, 
        37, 
        38, 
        39, 
        40, 
        41, 
        42, 
        43, 
        44, 
        45, 
        46, 
        48, 
        50, 
        53, 
        54, 
        55, 
        56, 
        57, 
        74, 
        77, 
        82, 
        86, 
        89, 
        91, 
        98, 
        101, 
        103, 
        116, 
        123, 
        145, 
        171, 
        196, 
        197], 
      "name2": "R:T151", 
      "name1": "A:K193"
    }, 
    {
      "frames": [27, 
        29, 
        30, 
        31, 
        32, 
        33, 
        34, 
        35, 
        36, 
        37, 
        39, 
        40, 
        41, 
        42, 
        43, 
        44, 
        45, 
        46, 
        47, 
        48, 
        49, 
        51, 
        52, 
        53, 
        54, 
        55, 
        56, 
        57, 
        58, 
        59, 
        60, 
        62, 
        63, 
        65, 
        66, 
        68, 
        70, 
        71, 
        72, 
        74, 
        75, 
        76, 
        77, 
        78, 
        80, 
        81, 
        82, 
        84, 
        85, 
        86, 
        87, 
        88, 
        90, 
        91, 
        92, 
        93, 
        94, 
        95, 
        96, 
        97, 
        98, 
        99, 
        101, 
        102, 
        103, 
        104, 
        105, 
        106, 
        107, 
        108, 
        109, 
        110, 
        111, 
        112, 
        113, 
        114, 
        115, 
        116, 
        118, 
        119, 
        121, 
        122, 
        123, 
        125, 
        127, 
        129, 
        130, 
        135, 
        136, 
        137, 
        138, 
        139, 
        140, 
        141, 
        142, 
        143, 
        144, 
        145, 
        146, 
        147, 
        148, 
        149, 
        150, 
        151, 
        152, 
        153, 
        154, 
        155, 
        156, 
        157, 
        158, 
        159, 
        160, 
        161, 
        162, 
        163, 
        165, 
        166, 
        167, 
        168, 
        169, 
        170, 
        171, 
        173, 
        174, 
        175, 
        176, 
        177, 
        178, 
        179, 
        180, 
        184, 
        185, 
        186, 
        187, 
        188, 
        189, 
        190, 
        191, 
        192, 
        193, 
        195, 
        196, 
        197, 
        198], 
      "name2": "R:T151", 
      "name1": "A:N194"
    }, 
    {
      "frames": [28, 
        41, 
        47, 
        49, 
        50, 
        60, 
        62, 
        64, 
        65, 
        66, 
        67, 
        73, 
        74, 
        76, 
        78, 
        80, 
        81, 
        82, 
        84, 
        85, 
        86, 
        87, 
        88, 
        90, 
        91, 
        93, 
        94, 
        95, 
        96, 
        98, 
        99, 
        100, 
        101, 
        102, 
        103, 
        104, 
        105, 
        108, 
        109, 
        111, 
        112, 
        113, 
        114, 
        116, 
        119, 
        123, 
        124, 
        125, 
        126, 
        129, 
        130, 
        131, 
        133, 
        134, 
        135, 
        136, 
        138, 
        139, 
        140, 
        141, 
        142, 
        143, 
        144, 
        145, 
        146, 
        147, 
        148, 
        149, 
        150, 
        151, 
        152, 
        153, 
        155, 
        157, 
        158, 
        159, 
        160, 
        161, 
        163, 
        164, 
        165, 
        167, 
        168, 
        169, 
        170, 
        171, 
        173, 
        175, 
        176, 
        177, 
        178, 
        179, 
        181, 
        182, 
        183, 
        184, 
        186, 
        187, 
        191], 
      "name2": "R:Q321", 
      "name1": "A:R349"
    }, 
    {
      "frames": [29, 
        38, 
        45, 
        46, 
        62, 
        65, 
        68, 
        71, 
        72, 
        73, 
        74, 
        75, 
        76, 
        77, 
        78, 
        79, 
        80, 
        81, 
        82, 
        83, 
        84, 
        85, 
        86, 
        87, 
        88, 
        89, 
        92, 
        93, 
        94, 
        95, 
        97, 
        98, 
        100, 
        105, 
        106, 
        107, 
        110, 
        111, 
        112, 
        118, 
        120, 
        121, 
        122, 
        123, 
        124, 
        125, 
        126, 
        127, 
        134, 
        135, 
        136, 
        138, 
        139, 
        142, 
        143, 
        144, 
        145, 
        146, 
        148, 
        150, 
        151, 
        152, 
        154, 
        158, 
        159, 
        160, 
        161, 
        162, 
        164, 
        165, 
        166, 
        167, 
        168, 
        169, 
        171, 
        172, 
        173, 
        174, 
        175, 
        176, 
        177, 
        178, 
        179, 
        180, 
        181, 
        182, 
        183, 
        184, 
        185, 
        186, 
        187, 
        188, 
        189, 
        190, 
        191, 
        192, 
        193, 
        194, 
        196, 
        197], 
      "name2": "R:I319", 
      "name1": "A:L353"
    }, 
    {
      "frames": [30, 
        36, 
        95], 
      "name2": "R:N246", 
      "name1": "A:Y320"
    }, 
    {
      "frames": [32, 
        59, 
        86], 
      "name2": "R:S146", 
      "name1": "A:I343"
    }, 
    {
      "frames": [34, 
        35, 
        36, 
        66, 
        78, 
        82, 
        85, 
        86, 
        88, 
        89, 
        90, 
        92, 
        93, 
        94, 
        95, 
        97, 
        105, 
        117, 
        118, 
        122, 
        124, 
        126, 
        128, 
        129, 
        130, 
        132, 
        133, 
        135, 
        136, 
        138, 
        140, 
        141, 
        143, 
        144, 
        152, 
        183, 
        185], 
      "name2": "R:R160", 
      "name1": "A:E25"
    }, 
    {
      "frames": [36, 
        37], 
      "name2": "R:Q321", 
      "name1": "A:C351"
    }, 
    {
      "frames": [38, 
        41, 
        42, 
        43, 
        61, 
        93, 
        94, 
        100, 
        111, 
        112], 
      "name2": "R:H154", 
      "name1": "A:K32"
    }, 
    {
      "frames": [41, 
        42, 
        43, 
        137, 
        140, 
        141, 
        142, 
        144, 
        145, 
        146, 
        147, 
        149, 
        150, 
        151, 
        152, 
        153, 
        154, 
        155, 
        156, 
        157, 
        158, 
        159, 
        160, 
        161, 
        162, 
        163, 
        164, 
        165, 
        166, 
        167, 
        168, 
        169, 
        171, 
        172, 
        173, 
        174, 
        175, 
        177, 
        178, 
        179, 
        180, 
        181, 
        182, 
        183, 
        184, 
        185, 
        186, 
        187, 
        188, 
        189, 
        190, 
        191, 
        192, 
        193, 
        194, 
        195, 
        196, 
        197, 
        198, 
        199], 
      "name2": "R:Q157", 
      "name1": "A:K32"
    }, 
    {
      "frames": [42, 
        43, 
        44, 
        45, 
        50, 
        51, 
        52, 
        53, 
        54, 
        55, 
        80, 
        87, 
        88, 
        89, 
        90, 
        91, 
        95, 
        96, 
        97, 
        98, 
        99, 
        100, 
        101, 
        102, 
        103, 
        104, 
        105, 
        106, 
        107, 
        108, 
        109, 
        110, 
        111, 
        112, 
        113, 
        115, 
        116, 
        117, 
        118, 
        120, 
        122, 
        123, 
        124, 
        126, 
        127, 
        128, 
        129, 
        130, 
        131, 
        132, 
        133, 
        134, 
        135, 
        136, 
        137, 
        139, 
        140, 
        141, 
        142, 
        143, 
        144, 
        145, 
        146, 
        147, 
        149, 
        150, 
        151, 
        152, 
        156, 
        157, 
        158, 
        159, 
        160, 
        161, 
        162, 
        163, 
        164, 
        165, 
        166, 
        167, 
        168, 
        169, 
        170, 
        171, 
        172, 
        174, 
        179, 
        180, 
        181, 
        183, 
        184, 
        185, 
        186, 
        187, 
        188, 
        189, 
        190, 
        191, 
        192, 
        193, 
        194, 
        195, 
        196, 
        197, 
        198, 
        199], 
      "name2": "R:Q321", 
      "name1": "A:A345"
    }, 
    {
      "frames": [43, 
        48, 
        49, 
        50, 
        51, 
        70, 
        71, 
        85, 
        87, 
        88, 
        90, 
        91, 
        92, 
        94, 
        95, 
        98, 
        100, 
        102, 
        103, 
        104, 
        105, 
        106, 
        107, 
        109, 
        111, 
        114, 
        119, 
        128, 
        130, 
        131, 
        132, 
        135, 
        136, 
        137, 
        141, 
        142, 
        143, 
        145, 
        146, 
        147, 
        149, 
        153, 
        154, 
        155, 
        156, 
        157, 
        158, 
        159, 
        160, 
        161, 
        162, 
        163, 
        165, 
        167, 
        168, 
        169, 
        170, 
        172, 
        173, 
        175, 
        176, 
        177, 
        180, 
        181, 
        182, 
        184, 
        185, 
        187, 
        196], 
      "name2": "R:K76", 
      "name1": "B:D333"
    }, 
    {
      "frames": [53, 
        79, 
        83, 
        87, 
        88, 
        90, 
        91, 
        92, 
        93, 
        94, 
        95, 
        96, 
        97, 
        98, 
        99, 
        101, 
        102, 
        103, 
        105, 
        108, 
        109, 
        110, 
        111, 
        112, 
        113, 
        115, 
        117, 
        118, 
        120, 
        121, 
        123, 
        124, 
        126, 
        130, 
        131, 
        132, 
        133, 
        134, 
        135, 
        136, 
        137, 
        138, 
        139, 
        140, 
        142, 
        143, 
        144, 
        146, 
        147, 
        148, 
        149, 
        152, 
        156, 
        157, 
        158, 
        159, 
        160, 
        162, 
        163, 
        164, 
        165, 
        166, 
        168, 
        169, 
        170, 
        171, 
        184, 
        185, 
        186, 
        188, 
        199], 
      "name2": "R:Q321", 
      "name1": "A:L348"
    }, 
    {
      "frames": [54, 
        56, 
        85, 
        86, 
        87, 
        89, 
        90, 
        91, 
        95, 
        98, 
        99, 
        102, 
        103, 
        105, 
        106, 
        107, 
        108, 
        109, 
        110, 
        111, 
        112, 
        113, 
        114, 
        115, 
        116, 
        117, 
        118, 
        119, 
        120, 
        121, 
        122, 
        123, 
        124, 
        125, 
        126, 
        127, 
        128, 
        131, 
        132, 
        133, 
        134, 
        135, 
        136, 
        137, 
        138, 
        140, 
        141, 
        142, 
        143, 
        144, 
        145, 
        146, 
        147, 
        148, 
        149, 
        150, 
        151, 
        152, 
        153, 
        154, 
        155, 
        156, 
        157, 
        158, 
        159, 
        160, 
        161, 
        162, 
        163, 
        164, 
        165, 
        166, 
        167, 
        168, 
        170, 
        171, 
        172, 
        173, 
        174, 
        175, 
        176, 
        177, 
        179, 
        180, 
        181, 
        182, 
        183, 
        184, 
        185, 
        186, 
        187, 
        188, 
        189, 
        190, 
        191, 
        192, 
        193, 
        194, 
        195, 
        197, 
        198, 
        199], 
      "name2": "R:K248", 
      "name1": "A:P315"
    }, 
    {
      "frames": [60], 
      "name2": "R:G320", 
      "name1": "A:C351"
    }, 
    {
      "frames": [61, 
        63, 
        66, 
        70, 
        71], 
      "name2": "R:Q321", 
      "name1": "A:S314"
    }, 
    {
      "frames": [62, 
        65, 
        70, 
        74, 
        75, 
        77, 
        79, 
        80, 
        81, 
        84, 
        86, 
        87, 
        88, 
        89, 
        90, 
        91, 
        92, 
        93, 
        94, 
        95, 
        96, 
        97, 
        98, 
        99, 
        101, 
        102, 
        103, 
        104, 
        105, 
        106, 
        107, 
        108, 
        109, 
        110, 
        111, 
        112, 
        114, 
        115, 
        116, 
        117, 
        118, 
        119, 
        120, 
        121, 
        122, 
        123, 
        124, 
        125, 
        126, 
        127, 
        128, 
        129, 
        130, 
        131, 
        132, 
        133, 
        134, 
        135, 
        136, 
        137, 
        138, 
        139, 
        140, 
        141, 
        142, 
        143, 
        144, 
        145, 
        146, 
        147, 
        148, 
        150, 
        151, 
        152, 
        154, 
        155, 
        156, 
        158, 
        159, 
        160, 
        161, 
        162, 
        163, 
        164, 
        165, 
        166, 
        167, 
        168, 
        169, 
        170, 
        171, 
        172, 
        176, 
        177, 
        181, 
        182, 
        186, 
        187, 
        192, 
        193, 
        194, 
        195, 
        196, 
        197, 
        199], 
      "name2": "R:I319", 
      "name1": "A:Y354"
    }, 
    {
      "frames": [62, 
        63, 
        65, 
        66, 
        67, 
        68, 
        72, 
        75, 
        76, 
        78, 
        79, 
        80, 
        81, 
        82, 
        83, 
        88, 
        90, 
        91, 
        92, 
        93, 
        94, 
        95, 
        96, 
        99, 
        102, 
        104, 
        105, 
        106, 
        107, 
        108, 
        109, 
        110, 
        111, 
        112, 
        113, 
        114, 
        120, 
        121, 
        122, 
        123, 
        127, 
        128, 
        129, 
        131, 
        132, 
        133, 
        134, 
        135, 
        136, 
        137, 
        138, 
        139, 
        141, 
        142, 
        149, 
        150, 
        151, 
        152, 
        157, 
        158, 
        159, 
        160, 
        161, 
        162, 
        165, 
        166, 
        168, 
        170, 
        173, 
        174, 
        175, 
        176, 
        177, 
        178, 
        180, 
        181, 
        182, 
        183, 
        184, 
        185, 
        186, 
        188, 
        189, 
        190, 
        191, 
        192, 
        194, 
        195, 
        198, 
        199], 
      "name2": "R:N325", 
      "name1": "A:S314"
    }, 
    {
      "frames": [63, 
        137, 
        170, 
        172, 
        173, 
        185, 
        195, 
        199], 
      "name2": "R:K329", 
      "name1": "A:R313"
    }, 
    {
      "frames": [66, 
        95, 
        98, 
        111, 
        120, 
        125, 
        128, 
        132, 
        143, 
        149, 
        187, 
        192], 
      "name2": "R:A252", 
      "name1": "A:L353"
    }, 
    {
      "frames": [66, 
        94, 
        95, 
        97, 
        98, 
        102, 
        104, 
        105, 
        106, 
        108, 
        109, 
        110, 
        111, 
        112, 
        114, 
        116, 
        118, 
        119, 
        121, 
        122, 
        123, 
        124, 
        126, 
        127, 
        128, 
        129, 
        130, 
        131, 
        132, 
        133, 
        134, 
        135, 
        137, 
        138, 
        139, 
        140, 
        141, 
        142, 
        143, 
        144, 
        145, 
        146, 
        150, 
        151, 
        153, 
        154, 
        155, 
        156, 
        170, 
        171, 
        174], 
      "name2": "R:Q245", 
      "name1": "A:D337"
    }, 
    {
      "frames": [67, 
        68, 
        69, 
        70, 
        71, 
        72, 
        73, 
        74, 
        75, 
        76, 
        77, 
        78, 
        79, 
        80, 
        81, 
        82, 
        83, 
        84, 
        85, 
        86, 
        87, 
        88, 
        89, 
        90, 
        91, 
        92, 
        93, 
        94, 
        95, 
        96, 
        97, 
        98, 
        99, 
        100, 
        101, 
        102, 
        103, 
        104, 
        105, 
        106, 
        107, 
        108, 
        109, 
        110, 
        111, 
        112, 
        113, 
        114, 
        115, 
        116, 
        117, 
        118, 
        119, 
        120, 
        121, 
        122, 
        123, 
        124, 
        125, 
        126, 
        127, 
        128, 
        129, 
        130, 
        131, 
        132, 
        133, 
        134, 
        135, 
        136, 
        137, 
        138, 
        139, 
        140, 
        141, 
        142, 
        143, 
        144, 
        145, 
        146, 
        147, 
        148, 
        149, 
        150, 
        151, 
        152, 
        153, 
        154, 
        155, 
        156, 
        157, 
        158, 
        159, 
        160, 
        161, 
        162, 
        163, 
        164, 
        165, 
        166, 
        167, 
        168, 
        169, 
        170, 
        171, 
        172, 
        173, 
        174, 
        175, 
        177, 
        178, 
        180, 
        181, 
        182, 
        183, 
        184, 
        185, 
        186, 
        187, 
        188, 
        189, 
        190, 
        191, 
        192, 
        193, 
        194, 
        195, 
        196, 
        197, 
        198, 
        199], 
      "name2": "R:W335", 
      "name1": "B:D312"
    }, 
    {
      "frames": [69, 
        75, 
        86, 
        93, 
        97, 
        101, 
        107, 
        108, 
        111, 
        112, 
        116, 
        121, 
        123, 
        125, 
        128, 
        132, 
        137, 
        138, 
        140, 
        141, 
        142, 
        144, 
        155, 
        157, 
        160, 
        162, 
        163, 
        164, 
        165, 
        166, 
        167, 
        168, 
        169, 
        170, 
        174, 
        175, 
        178, 
        180, 
        186, 
        191, 
        193, 
        194, 
        197], 
      "name2": "R:Y326", 
      "name1": "A:R349"
    }, 
    {
      "frames": [73, 
        83, 
        92, 
        109, 
        110, 
        118, 
        122, 
        123, 
        124, 
        151], 
      "name2": "R:K152", 
      "name1": "A:N194"
    }, 
    {
      "frames": [74, 
        93, 
        94, 
        98, 
        136, 
        153, 
        157, 
        158, 
        174, 
        176, 
        178, 
        181, 
        189, 
        192, 
        196, 
        199], 
      "name2": "R:W335", 
      "name1": "B:N313"
    }, 
    {
      "frames": [76, 
        82, 
        83, 
        91, 
        92, 
        93, 
        95, 
        96, 
        100, 
        110, 
        111, 
        112, 
        113, 
        114, 
        115, 
        116, 
        130, 
        131, 
        132, 
        134, 
        136, 
        141, 
        142, 
        145, 
        148, 
        153, 
        155, 
        163, 
        165, 
        179, 
        181, 
        183, 
        185, 
        187, 
        190, 
        191, 
        192, 
        193, 
        194, 
        195, 
        196, 
        197, 
        198, 
        199], 
      "name2": "R:N325", 
      "name1": "A:N316"
    }, 
    {
      "frames": [81, 
        90, 
        91, 
        92, 
        93, 
        94, 
        95, 
        123, 
        126, 
        127, 
        128, 
        129, 
        130, 
        131, 
        132], 
      "name2": "R:Q157", 
      "name1": "A:E25"
    }, 
    {
      "frames": [87, 
        88, 
        89, 
        90, 
        91, 
        92, 
        93, 
        94, 
        95, 
        96, 
        97, 
        98, 
        99, 
        100, 
        101, 
        102, 
        103, 
        104, 
        105, 
        106, 
        107, 
        108, 
        109, 
        110, 
        111, 
        112, 
        113, 
        114, 
        115, 
        116, 
        117, 
        118, 
        119, 
        120, 
        121, 
        122, 
        123, 
        124, 
        125, 
        126, 
        127, 
        128, 
        129, 
        130, 
        131, 
        132, 
        133, 
        134, 
        135, 
        136, 
        137, 
        138, 
        139, 
        140, 
        141, 
        142, 
        143, 
        144, 
        145, 
        146, 
        147, 
        148, 
        149, 
        150, 
        151, 
        152, 
        153, 
        154, 
        155, 
        156, 
        157, 
        158, 
        159, 
        160, 
        161, 
        162, 
        163, 
        164, 
        165, 
        166, 
        167, 
        168, 
        169, 
        170, 
        171, 
        172, 
        173, 
        174, 
        175, 
        176, 
        177, 
        178, 
        179, 
        180, 
        181, 
        182, 
        183, 
        184, 
        185, 
        186, 
        187, 
        188, 
        189, 
        190, 
        191, 
        192, 
        193, 
        194, 
        195, 
        196, 
        197, 
        198, 
        199], 
      "name2": "R:A77", 
      "name1": "A:R349"
    }, 
    {
      "frames": [89, 
        90, 
        91, 
        92, 
        93, 
        94, 
        95, 
        96, 
        97, 
        98, 
        99, 
        100, 
        101, 
        102, 
        103, 
        104, 
        105, 
        106, 
        107, 
        109, 
        110, 
        111, 
        112, 
        113, 
        114, 
        115, 
        116, 
        117, 
        118, 
        119, 
        121, 
        122, 
        123, 
        124, 
        125, 
        126, 
        128, 
        129, 
        130, 
        132, 
        133, 
        134, 
        135, 
        137, 
        138, 
        139, 
        140, 
        143, 
        145, 
        146, 
        147, 
        148, 
        149, 
        150, 
        151, 
        152, 
        153, 
        154, 
        156, 
        157, 
        159, 
        160, 
        161, 
        162, 
        163, 
        164, 
        165, 
        166, 
        167, 
        168, 
        170, 
        171, 
        172, 
        173, 
        174, 
        176, 
        178, 
        179, 
        182, 
        183, 
        184, 
        185, 
        186, 
        187, 
        188, 
        189, 
        190, 
        191, 
        192, 
        193, 
        194, 
        195, 
        196, 
        197, 
        198], 
      "name2": "R:Y74", 
      "name1": "A:R349"
    }, 
    {
      "frames": [90, 
        95, 
        98, 
        112, 
        139, 
        142, 
        143, 
        144, 
        145, 
        146, 
        161, 
        162], 
      "name2": "R:Q243", 
      "name1": "A:Q333"
    }, 
    {
      "frames": [91, 
        92, 
        93, 
        94, 
        95, 
        96, 
        99, 
        102, 
        103, 
        104, 
        106, 
        107, 
        109, 
        110, 
        113, 
        115, 
        116, 
        119, 
        121, 
        122, 
        123, 
        129, 
        130, 
        132, 
        133, 
        134, 
        136, 
        142, 
        144, 
        146, 
        147, 
        148, 
        153, 
        156, 
        159, 
        160, 
        163, 
        166, 
        168, 
        178, 
        181, 
        182, 
        184, 
        187, 
        195, 
        198], 
      "name2": "R:Q245", 
      "name1": "A:E309"
    }, 
    {
      "frames": [93], 
      "name2": "R:Q321", 
      "name1": "A:I344"
    }, 
    {
      "frames": [94, 
        95, 
        96], 
      "name2": "R:K248", 
      "name1": "A:D341"
    }, 
    {
      "frames": [95], 
      "name2": "R:Q245", 
      "name1": "A:N330"
    }, 
    {
      "frames": [96, 
        139], 
      "name2": "R:S247", 
      "name1": "A:Y354"
    }, 
    {
      "frames": [102, 
        115, 
        116, 
        117, 
        120, 
        155], 
      "name2": "R:D82", 
      "name1": "A:R349"
    }, 
    {
      "frames": [102, 
        123, 
        197], 
      "name2": "R:S79", 
      "name1": "A:R349"
    }, 
    {
      "frames": [110], 
      "name2": "R:K329", 
      "name1": "A:S314"
    }, 
    {
      "frames": [112], 
      "name2": "R:Q245", 
      "name1": "A:H322"
    }, 
    {
      "frames": [124, 
        125, 
        126, 
        127, 
        171, 
        172, 
        173, 
        174, 
        176, 
        177, 
        178, 
        179, 
        181, 
        182, 
        183, 
        186, 
        188], 
      "name2": "R:R143", 
      "name1": "A:C351"
    }, 
    {
      "frames": [126, 
        135, 
        137, 
        138, 
        142, 
        143, 
        144, 
        145, 
        148, 
        150, 
        151, 
        152, 
        153, 
        154, 
        155, 
        161, 
        162], 
      "name2": "R:S79", 
      "name1": "A:N346"
    }, 
    {
      "frames": [126], 
      "name2": "R:N325", 
      "name1": "A:P315"
    }, 
    {
      "frames": [126, 
        128, 
        129], 
      "name2": "R:H154", 
      "name1": "A:A31"
    }, 
    {
      "frames": [131, 
        135, 
        139, 
        140], 
      "name2": "R:Q245", 
      "name1": "A:Q333"
    }, 
    {
      "frames": [138, 
        146, 
        147, 
        158, 
        161, 
        164, 
        167, 
        170, 
        171, 
        172, 
        173, 
        174, 
        175, 
        176, 
        188], 
      "name2": "R:Q157", 
      "name1": "A:D26"
    }, 
    {
      "frames": [141], 
      "name2": "R:Q321", 
      "name1": "A:N346"
    }, 
    {
      "frames": [144, 
        145, 
        146, 
        147, 
        148, 
        149, 
        150, 
        151, 
        152, 
        153, 
        156, 
        157, 
        158, 
        159, 
        160, 
        161, 
        162, 
        163, 
        164, 
        165, 
        166, 
        167, 
        168, 
        169, 
        170, 
        171, 
        172, 
        173, 
        174, 
        175, 
        176, 
        177, 
        178, 
        179, 
        180, 
        181, 
        182, 
        184, 
        185, 
        186, 
        187, 
        188, 
        189, 
        190, 
        191, 
        192, 
        193, 
        194, 
        195, 
        196, 
        197, 
        198, 
        199], 
      "name2": "R:R160", 
      "name1": "A:K24"
    }, 
    {
      "frames": [145, 
        155], 
      "name2": "R:S247", 
      "name1": "A:E309"
    }, 
    {
      "frames": [145, 
        149, 
        154, 
        155, 
        156, 
        159, 
        160, 
        161, 
        162, 
        163, 
        164, 
        165, 
        166, 
        167, 
        168, 
        169, 
        172, 
        173, 
        174, 
        177, 
        178, 
        180, 
        181, 
        182, 
        187, 
        189, 
        191, 
        192, 
        193, 
        194, 
        195, 
        196, 
        197, 
        199], 
      "name2": "R:T158", 
      "name1": "A:E25"
    }, 
    {
      "frames": [145, 
        148], 
      "name2": "R:D142", 
      "name1": "A:N347"
    }, 
    {
      "frames": [149, 
        183], 
      "name2": "R:Q245", 
      "name1": "A:V334"
    }, 
    {
      "frames": [151, 
        153, 
        154, 
        155, 
        161], 
      "name2": "R:T81", 
      "name1": "A:N347"
    }, 
    {
      "frames": [156], 
      "name2": "R:S247", 
      "name1": "A:Y320"
    }, 
    {
      "frames": [156, 
        158, 
        159, 
        160, 
        161, 
        163, 
        166, 
        167, 
        177, 
        178, 
        179, 
        180, 
        181, 
        185, 
        186, 
        187, 
        189, 
        190, 
        191, 
        192, 
        193, 
        194, 
        196, 
        197, 
        198, 
        199], 
      "name2": "R:Q245", 
      "name1": "A:C321"
    }, 
    {
      "frames": [159, 
        179], 
      "name2": "R:Q157", 
      "name1": "A:G27"
    }, 
    {
      "frames": [159], 
      "name2": "R:Q243", 
      "name1": "A:D337"
    }, 
    {
      "frames": [171], 
      "name2": "R:K76", 
      "name1": "B:S334"
    }, 
    {
      "frames": [174, 
        175, 
        178, 
        180, 
        185, 
        186, 
        188, 
        189], 
      "name2": "R:I319", 
      "name1": "A:G352"
    }, 
    {
      "frames": [174], 
      "name2": "R:T81", 
      "name1": "A:L348"
    }, 
    {
      "frames": [179], 
      "name2": "R:W335", 
      "name1": "B:G310"
    }, 
    {
      "frames": [182], 
      "name2": "R:I319", 
      "name1": "A:G350"
    }, 
    {
      "frames": [194, 
        195], 
      "name2": "R:Q157", 
      "name1": "A:D33"
    }, 
    {
      "frames": [198], 
      "name2": "R:K75", 
      "name1": "B:S334"
    }, 
    {
      "frames": [198], 
      "name2": "R:K76", 
      "name1": "B:L55"
    }, 
    {
      "frames": [199], 
      "name2": "R:K159", 
      "name1": "A:A30"
    }
  ], 
  "trees": [
    {
      "treeLabel": "DefaultTree", 
      "treePaths": [
        " R.R0074.R:Y74", 
        " R.R0248.R:K248", 
        " R.R0243.R:Q243", 
        " R.R0322.R:K322", 
        " A.A0029.A:S29", 
        " A.A0321.A:C321", 
        " R.R0142.R:D142", 
        " A.A0352.A:G352", 
        " R.R0324.R:R324", 
        " A.A0350.A:G350", 
        " B.B0312.B:D312", 
        " A.A0194.A:N194", 
        " A.A0024.A:K24", 
        " A.A0030.A:A30", 
        " A.A0026.A:D26", 
        " R.R0082.R:D82", 
        " R.R0319.R:I319", 
        " R.R0326.R:Y326", 
        " R.R0335.R:W335", 
        " A.A0333.A:Q333", 
        " A.A0346.A:N346", 
        " A.A0341.A:D341", 
        " A.A0318.A:E318", 
        " B.B0310.B:G310", 
        " R.R0077.R:A77", 
        " R.R0316.R:Y316", 
        " A.A0349.A:R349", 
        " R.R0157.R:Q157", 
        " A.A0330.A:N330", 
        " R.R0160.R:R160", 
        " A.A0314.A:S314", 
        " A.A0334.A:V334", 
        " A.A0027.A:G27", 
        " R.R0252.R:A252", 
        " R.R0154.R:H154", 
        " A.A0320.A:Y320", 
        " R.R0147.R:I147", 
        " A.A0344.A:I344", 
        " A.A0316.A:N316", 
        " R.R0146.R:S146", 
        " R.R0246.R:N246", 
        " R.R0329.R:K329", 
        " A.A0348.A:L348", 
        " A.A0028.A:I28", 
        " R.R0251.R:K251", 
        " A.A0351.A:C351", 
        " A.A0322.A:H322", 
        " A.A0032.A:K32", 
        " A.A0033.A:D33", 
        " A.A0025.A:E25", 
        " B.B0055.B:L55", 
        " R.R0325.R:N325", 
        " A.A0313.A:R313", 
        " R.R0159.R:K159", 
        " B.B0334.B:S334", 
        " B.B0313.B:N313", 
        " R.R0076.R:K76", 
        " R.R0245.R:Q245", 
        " A.A0309.A:E309", 
        " R.R0075.R:K75", 
        " A.A0345.A:A345", 
        " R.R0158.R:T158", 
        " R.R0079.R:S79", 
        " A.A0343.A:I343", 
        " B.B0333.B:D333", 
        " R.R0152.R:K152", 
        " A.A0315.A:P315", 
        " A.A0193.A:K193", 
        " R.R0151.R:T151", 
        " R.R0320.R:G320", 
        " R.R0143.R:R143", 
        " A.A0347.A:N347", 
        " A.A0031.A:A31", 
        " A.A0337.A:D337", 
        " R.R0321.R:Q321", 
        " A.A0353.A:L353", 
        " A.A0354.A:Y354", 
        " R.R0247.R:S247", 
        " R.R0155.R:M155", 
        " R.R0081.R:T81"
      ]
    }
  ]
}