{
  "tracks": [
    {
      "trackProperties": [
        {
          "color": " #CC33EE", 
          "nodeName": "R:K248", 
          "size": 1.0
        }, 
        {
          "color": " #CC33EE", 
          "nodeName": "R:R324", 
          "size": 1.0
        }, 
        {
          "color": " #CC33EE", 
          "nodeName": "R:K251", 
          "size": 1.0
        }, 
        {
          "color": " #FFEC2B", 
          "nodeName": "B:F292", 
          "size": 1.0
        }, 
        {
          "color": " #CC33EE", 
          "nodeName": "R:K75", 
          "size": 1.0
        }, 
        {
          "color": " #CC33EE", 
          "nodeName": "R:H154", 
          "size": 1.0
        }, 
        {
          "color": " #CC33EE", 
          "nodeName": "R:R78", 
          "size": 1.0
        }, 
        {
          "color": " #00FF00", 
          "nodeName": "A:R349", 
          "size": 1.0
        }, 
        {
          "color": " #00FF00", 
          "nodeName": "A:K32", 
          "size": 1.0
        }, 
        {
          "color": " #00FF00", 
          "nodeName": "A:F336", 
          "size": 1.0
        }, 
        {
          "color": " #FFEC2B", 
          "nodeName": "B:F335", 
          "size": 1.0
        }, 
        {
          "color": " #CC33EE", 
          "nodeName": "R:Y326", 
          "size": 1.0
        }, 
        {
          "color": " #00FF00", 
          "nodeName": "A:Y354", 
          "size": 1.0
        }, 
        {
          "color": " #FFEC2B", 
          "nodeName": "B:H311", 
          "size": 1.0
        }, 
        {
          "color": " #CC33EE", 
          "nodeName": "R:K76", 
          "size": 1.0
        }
      ], 
      "trackLabel": "DefaultTrack"
    }
  ], 
  "edges": [
    {
      "frames": [0, 
        136, 
        150, 
        179], 
      "name2": "R:K76", 
      "name1": "B:F335"
    }, 
    {
      "frames": [1, 
        2, 
        3, 
        5, 
        6, 
        7, 
        10, 
        12, 
        13, 
        14, 
        17, 
        21, 
        22, 
        23, 
        25, 
        26, 
        28, 
        29, 
        31, 
        32, 
        33, 
        34, 
        35, 
        39, 
        40, 
        41, 
        42, 
        45, 
        46, 
        47, 
        49, 
        50, 
        51, 
        52, 
        53, 
        54, 
        55, 
        58, 
        61, 
        63, 
        64, 
        65, 
        66, 
        67, 
        68, 
        69, 
        70, 
        71, 
        72, 
        73, 
        74, 
        76, 
        78, 
        82, 
        83, 
        84, 
        85, 
        86, 
        88, 
        100, 
        104, 
        105, 
        109, 
        117, 
        118, 
        119, 
        120, 
        123, 
        124, 
        126, 
        127, 
        128, 
        131, 
        144, 
        147, 
        149, 
        150, 
        153, 
        159, 
        161, 
        162, 
        167, 
        168, 
        173, 
        181, 
        182, 
        183, 
        184, 
        187, 
        191, 
        192, 
        193, 
        194, 
        196, 
        197, 
        199], 
      "name2": "R:R324", 
      "name1": "A:Y354"
    }, 
    {
      "frames": [1, 
        2, 
        3, 
        4, 
        7, 
        8, 
        9, 
        10, 
        14, 
        17, 
        20, 
        23, 
        41, 
        53, 
        54, 
        55, 
        56, 
        57, 
        58, 
        59, 
        66, 
        98, 
        144, 
        145, 
        179, 
        180, 
        181, 
        182, 
        183, 
        184, 
        186, 
        187, 
        188, 
        189, 
        190, 
        191, 
        192, 
        193, 
        194, 
        197], 
      "name2": "R:K248", 
      "name1": "A:Y354"
    }, 
    {
      "frames": [2, 
        3, 
        9, 
        11, 
        12, 
        14, 
        15, 
        16, 
        17, 
        18, 
        21, 
        22, 
        23, 
        27, 
        32, 
        33, 
        35, 
        36, 
        37, 
        41, 
        42, 
        43, 
        56, 
        58, 
        62, 
        75, 
        77, 
        79, 
        81, 
        82, 
        84, 
        85, 
        86, 
        89, 
        90, 
        91, 
        93, 
        94, 
        95, 
        98, 
        99, 
        100, 
        102, 
        103, 
        106, 
        107, 
        108, 
        110, 
        111, 
        114, 
        116, 
        117, 
        120, 
        121, 
        122, 
        126, 
        127, 
        128, 
        130, 
        131, 
        133, 
        134, 
        135, 
        142, 
        147, 
        148, 
        154, 
        155, 
        156, 
        157, 
        158, 
        161, 
        164, 
        165, 
        169, 
        170, 
        171, 
        173, 
        174, 
        176, 
        178, 
        181, 
        185, 
        186, 
        188, 
        190, 
        191, 
        193, 
        194, 
        195, 
        196, 
        197, 
        198, 
        199], 
      "name2": "R:K251", 
      "name1": "A:Y354"
    }, 
    {
      "frames": [14, 
        158, 
        186, 
        188, 
        189, 
        190, 
        191, 
        192, 
        193, 
        198], 
      "name2": "R:K75", 
      "name1": "B:F335"
    }, 
    {
      "frames": [18, 
        32], 
      "name2": "R:K75", 
      "name1": "B:F292"
    }, 
    {
      "frames": [38], 
      "name2": "R:H154", 
      "name1": "A:K32"
    }, 
    {
      "frames": [60, 
        62], 
      "name2": "R:R78", 
      "name1": "B:F335"
    }, 
    {
      "frames": [66, 
        87, 
        88, 
        89, 
        91, 
        92, 
        93, 
        94, 
        96, 
        97, 
        98, 
        99, 
        100, 
        101, 
        102, 
        103, 
        104, 
        105, 
        106, 
        107, 
        109, 
        110, 
        111, 
        112, 
        114, 
        115, 
        116, 
        117, 
        118, 
        119, 
        120, 
        122, 
        123, 
        124, 
        125, 
        126, 
        127, 
        129, 
        130, 
        132, 
        133, 
        134, 
        135, 
        136, 
        137, 
        138, 
        139, 
        141, 
        142, 
        143, 
        144, 
        145, 
        146, 
        148, 
        149, 
        150, 
        151, 
        152, 
        153, 
        154, 
        155, 
        156, 
        157, 
        158, 
        159, 
        160, 
        161, 
        162, 
        163, 
        165, 
        166, 
        168, 
        170, 
        171, 
        172, 
        173, 
        174, 
        176, 
        177, 
        178, 
        179, 
        180, 
        181, 
        182, 
        183, 
        184, 
        185, 
        186, 
        187, 
        188, 
        189, 
        190, 
        191, 
        192, 
        193, 
        194, 
        195, 
        196, 
        197, 
        198, 
        199], 
      "name2": "R:Y326", 
      "name1": "A:R349"
    }, 
    {
      "frames": [86], 
      "name2": "R:K75", 
      "name1": "B:H311"
    }, 
    {
      "frames": [128, 
        187], 
      "name2": "R:H154", 
      "name1": "A:F336"
    }
  ], 
  "trees": [
    {
      "treeLabel": "DefaultTree", 
      "treePaths": [
        " R.R0248.R:K248", 
        " R.R0324.R:R324", 
        " R.R0251.R:K251", 
        " B.B0292.B:F292", 
        " R.R0075.R:K75", 
        " R.R0154.R:H154", 
        " R.R0078.R:R78", 
        " A.A0349.A:R349", 
        " A.A0032.A:K32", 
        " A.A0336.A:F336", 
        " B.B0335.B:F335", 
        " R.R0326.R:Y326", 
        " A.A0354.A:Y354", 
        " B.B0311.B:H311", 
        " R.R0076.R:K76"
      ]
    }
  ]
}