#	total_frames:200	interaction_types:sb,pc,ps,ts,vdw,hb,lhb,hbbb,hbsb,hbss,wb,wb2,hbls,hblb,lwb,lwb2,br
#	Columns:	residue_1,	residue_2	frame_count	contact_frequency
A:GLY:350	R:ARG:78	0.005
A:ILE:28	R:GLN:157	0.025
A:LEU:353	R:ILE:253	0.245
A:ASN:346	R:LYS:159	0.005
A:ASN:347	R:ALA:150	0.015
A:GLY:352	R:TYR:316	0.015
B:LEU:55	R:ARG:160	0.110
A:ILE:343	R:LYS:159	0.045
A:LEU:348	R:ILE:253	0.005
A:ARG:349	R:LYS:322	0.385
A:ARG:349	R:ASN:325	0.620
A:LEU:353	R:TYR:316	0.010
A:GLY:352	R:ILE:319	0.085
A:LEU:195	R:THR:151	0.165
A:LEU:353	R:ILE:256	0.465
A:GLY:350	R:THR:81	0.415
A:TYR:320	R:GLN:245	0.895
A:ASN:194	R:THR:151	0.640
A:ASP:341	R:ALA:244	0.695
A:CYS:351	R:ILE:147	0.260
A:LEU:353	R:ALA:252	0.565
B:HIS:311	R:TRP:335	0.030
A:THR:340	R:ALA:150	0.180
B:ASP:312	R:ALA:77	0.210
B:ASP:312	R:LYS:75	0.175
A:LEU:348	R:LEU:241	0.065
A:ARG:349	R:LYS:248	0.055
A:GLY:350	R:MET:80	0.325
A:SER:29	R:CYS:156	0.030
A:LEU:353	R:ILE:147	0.570
A:VAL:34	R:ARG:154	0.330
A:ARG:349	R:ARG:78	0.005
A:CYS:351	R:ASP:142	0.320
A:CYS:351	R:ARG:143	0.845
A:TYR:354	R:LYS:251	0.185
A:LEU:348	R:GLN:321	0.130
A:LEU:348	R:LYS:248	0.185
A:GLY:352	R:LYS:322	0.085
A:ARG:349	R:LYS:329	0.015
B:LYS:57	R:ARG:154	0.005
B:PHE:335	R:ARG:78	0.095
A:ILE:343	R:ALA:146	0.005
B:ARG:52	R:LEU:161	0.005
A:ASN:346	R:ARG:154	0.010
A:ILE:344	R:ARG:249	0.140
B:ASP:333	R:ARG:78	0.185
B:PHE:292	R:LYS:76	0.260
A:THR:340	R:LEU:241	0.015
A:GLY:350	R:LYS:322	0.140
A:ASP:341	R:GLN:245	0.945
A:ASP:341	R:ARG:249	0.005
A:PHE:192	R:GLN:243	0.005
A:ASP:337	R:ALA:244	0.040
B:HIS:311	R:LYS:76	0.160
A:GLY:352	R:ILE:256	0.015
A:LYS:32	R:ARG:154	0.850
A:GLY:350	R:SER:79	0.900
A:ARG:349	R:GLN:321	0.535
A:TYR:354	R:ILE:319	0.690
A:ILE:344	R:LEU:241	0.390
A:LYS:193	R:GLN:243	0.145
A:TYR:354	R:PHE:318	0.025
A:ALA:30	R:ARG:160	0.040
A:LEU:348	R:ALA:252	0.065
B:HIS:311	R:LYS:75	0.260
A:THR:220	R:ARG:154	0.005
A:PHE:336	R:GLN:243	0.165
A:ASN:347	R:LYS:159	0.855
A:ALA:345	R:LYS:248	0.075
A:CYS:351	R:ILE:139	0.010
A:ILE:343	R:ALA:150	0.560
A:LEU:353	R:LEU:241	0.005
A:GLU:318	R:ASN:246	0.450
A:ALA:31	R:ARG:154	0.940
A:ILE:344	R:ALA:150	0.190
A:LEU:353	R:LYS:248	0.035
A:LYS:193	R:THR:151	0.025
A:GLU:318	R:GLN:245	0.005
B:ASP:312	R:LYS:76	0.495
A:ASN:194	R:VAL:155	0.540
A:CYS:351	R:THR:81	0.730
A:GLY:352	R:GLY:320	0.485
A:GLN:333	R:GLN:243	0.380
A:PHE:336	R:THR:151	0.540
A:ARG:349	R:SER:79	0.095
A:LEU:353	R:VAL:255	0.010
A:SER:29	R:ARG:160	0.855
B:ARG:52	R:ARG:160	0.005
A:GLU:318	R:SER:247	0.145
A:GLU:318	R:LYS:248	0.050
A:LEU:353	R:GLN:321	0.760
A:LEU:353	R:TYR:234	0.110
A:GLY:352	R:ARG:143	0.880
A:CYS:351	R:MET:80	0.240
B:GLY:310	R:LYS:75	0.005
A:ILE:344	R:THR:240	0.025
A:ALA:345	R:ASN:246	0.160
A:ASP:337	R:GLN:245	0.425
A:ARG:349	R:TYR:326	0.570
A:TYR:320	R:ASN:246	0.110
A:ALA:30	R:VAL:155	0.655
B:ASP:312	R:TYR:74	0.015
A:ILE:28	R:ARG:154	0.005
A:PRO:315	R:SER:247	0.060
A:GLY:352	R:GLN:321	0.330
A:LEU:353	R:ARG:143	0.695
A:GLY:350	R:TYR:326	0.010
A:ILE:344	R:ASN:246	0.055
A:TYR:354	R:ILE:256	0.055
A:LEU:353	R:ILE:237	0.040
B:HIS:311	R:ARG:78	0.105
A:LEU:353	R:GLY:320	0.115
A:TYR:354	R:VAL:255	0.490
A:LEU:195	R:ARG:154	0.300
A:ASN:347	R:ARG:154	0.115
A:CYS:351	R:SER:79	0.025
A:CYS:351	R:TYR:316	0.010
A:VAL:334	R:GLN:245	0.060
A:PRO:315	R:LYS:248	0.175
A:GLU:25	R:CYS:156	0.020
A:ALA:338	R:GLN:245	0.015
A:ILE:343	R:ALA:153	0.030
A:LEU:353	R:ILE:319	0.070
A:ASN:194	R:LYS:152	0.075
B:GLN:75	R:ARG:154	0.425
A:LEU:348	R:ARG:249	0.195
A:ASP:337	R:GLN:243	0.710
A:LYS:24	R:GLN:157	0.065
A:GLY:352	R:THR:81	0.025
A:TYR:354	R:GLY:320	0.025
A:CYS:351	R:LYS:159	0.005
A:ASP:33	R:ARG:154	0.745
A:SER:29	R:ARG:154	0.005
B:ASN:313	R:LYS:76	0.015
A:ASP:341	R:ASN:246	0.650
A:SER:29	R:GLN:157	0.725
A:ASN:347	R:ALA:146	0.855
A:THR:340	R:ALA:244	0.045
A:ARG:349	R:LYS:76	0.005
A:GLU:25	R:GLN:157	0.135
A:ILE:28	R:ARG:160	0.250
A:ALA:31	R:VAL:155	0.005
A:ILE:343	R:ARG:154	0.170
A:LEU:348	R:ASN:246	0.055
A:LYS:32	R:VAL:155	0.335
B:GLY:310	R:LYS:76	0.165
B:ASP:312	R:ARG:78	0.640
A:ALA:30	R:ARG:154	0.345
A:TYR:354	R:GLN:321	0.560
A:THR:340	R:GLN:243	0.040
A:LEU:353	R:ARG:324	0.010
A:CYS:351	R:LYS:322	0.015
B:ALA:309	R:LYS:76	0.020
B:SER:334	R:ARG:78	0.005
A:ILE:343	R:THR:151	0.015
A:ILE:344	R:ALA:244	0.360
A:TYR:354	R:ARG:324	0.940
A:GLY:352	R:SER:79	0.005
B:ASN:313	R:ARG:78	0.295
B:ASP:333	R:LYS:76	0.005
A:LEU:348	R:ILE:147	0.245
A:ASN:347	R:ILE:147	0.395
A:CYS:321	R:GLN:245	0.015
A:ALA:30	R:GLN:157	0.055
A:GLU:309	R:GLN:245	0.005
A:ILE:344	R:ILE:147	0.165
A:TYR:354	R:ALA:252	0.490
A:SER:29	R:VAL:155	0.015
B:ASN:293	R:LYS:76	0.025
A:CYS:351	R:ALA:146	0.515
A:TYR:354	R:LYS:248	0.125
B:SER:334	R:LEU:161	0.005
A:GLU:25	R:VAL:155	0.025
A:THR:340	R:THR:151	0.080
A:LEU:195	R:VAL:155	0.315
