{
  "tracks": [
    {
      "trackProperties": [
        {
          "color": " #CC33EE", 
          "nodeName": "R:K248", 
          "size": 1.0
        }, 
        {
          "color": " #00FF00", 
          "nodeName": "A:E318", 
          "size": 1.0
        }, 
        {
          "color": " #CC33EE", 
          "nodeName": "R:K75", 
          "size": 1.0
        }, 
        {
          "color": " #FFEC2B", 
          "nodeName": "B:D333", 
          "size": 1.0
        }, 
        {
          "color": " #CC33EE", 
          "nodeName": "R:R78", 
          "size": 1.0
        }, 
        {
          "color": " #FFEC2B", 
          "nodeName": "B:D312", 
          "size": 1.0
        }, 
        {
          "color": " #CC33EE", 
          "nodeName": "R:K76", 
          "size": 1.0
        }
      ], 
      "trackLabel": "DefaultTrack"
    }
  ], 
  "edges": [
    {
      "frames": [32, 
        33, 
        34, 
        36, 
        37, 
        46], 
      "name2": "R:K75", 
      "name1": "B:D312"
    }, 
    {
      "frames": [40, 
        42, 
        47, 
        91, 
        122], 
      "name2": "R:K76", 
      "name1": "B:D312"
    }, 
    {
      "frames": [45, 
        49, 
        153, 
        177, 
        180, 
        188, 
        190, 
        192, 
        194, 
        196], 
      "name2": "R:K248", 
      "name1": "A:E318"
    }, 
    {
      "frames": [50, 
        52, 
        53, 
        54, 
        55, 
        63, 
        64, 
        65, 
        66, 
        67, 
        68, 
        72, 
        73, 
        75, 
        76, 
        77, 
        78, 
        79, 
        80, 
        81, 
        84, 
        85, 
        86, 
        87, 
        89, 
        91, 
        92, 
        93, 
        94, 
        95, 
        96, 
        97, 
        98, 
        99, 
        100, 
        101, 
        102, 
        103, 
        104, 
        105, 
        106, 
        107, 
        108, 
        109, 
        110, 
        111, 
        112, 
        113, 
        114, 
        115, 
        119, 
        122, 
        123, 
        124, 
        125, 
        126, 
        127, 
        128, 
        129, 
        130, 
        131, 
        132, 
        133, 
        134, 
        135, 
        136, 
        137, 
        138, 
        139, 
        140, 
        141, 
        142, 
        143, 
        144, 
        145, 
        146, 
        149, 
        152, 
        153, 
        157, 
        163, 
        177, 
        185, 
        189, 
        191, 
        194], 
      "name2": "R:R78", 
      "name1": "B:D312"
    }, 
    {
      "frames": [154, 
        155, 
        156, 
        158, 
        159, 
        160, 
        161, 
        162, 
        163, 
        164, 
        165, 
        169, 
        170, 
        171, 
        173, 
        174, 
        175, 
        176, 
        177, 
        178, 
        179, 
        180, 
        181, 
        182, 
        183, 
        184, 
        185, 
        186, 
        187, 
        188, 
        189, 
        192, 
        195, 
        196, 
        197, 
        198, 
        199], 
      "name2": "R:R78", 
      "name1": "B:D333"
    }
  ], 
  "trees": [
    {
      "treeLabel": "DefaultTree", 
      "treePaths": [
        " R.R0248.R:K248", 
        " A.A0318.A:E318", 
        " R.R0075.R:K75", 
        " B.B0333.B:D333", 
        " R.R0078.R:R78", 
        " B.B0312.B:D312", 
        " R.R0076.R:K76"
      ]
    }
  ]
}