{
  "tracks": [
    {
      "trackProperties": [
        {
          "color": " #CC33EE", 
          "nodeName": "R:K248", 
          "size": 1.0
        }, 
        {
          "color": " #CC33EE", 
          "nodeName": "R:R324", 
          "size": 1.0
        }, 
        {
          "color": " #CC33EE", 
          "nodeName": "R:N246", 
          "size": 1.0
        }, 
        {
          "color": " #00FF00", 
          "nodeName": "A:S29", 
          "size": 1.0
        }, 
        {
          "color": " #00FF00", 
          "nodeName": "A:C321", 
          "size": 1.0
        }, 
        {
          "color": " #CC33EE", 
          "nodeName": "R:A150", 
          "size": 1.0
        }, 
        {
          "color": " #00FF00", 
          "nodeName": "A:G352", 
          "size": 1.0
        }, 
        {
          "color": " #00FF00", 
          "nodeName": "A:G350", 
          "size": 1.0
        }, 
        {
          "color": " #FFEC2B", 
          "nodeName": "B:D312", 
          "size": 1.0
        }, 
        {
          "color": " #00FF00", 
          "nodeName": "A:N194", 
          "size": 1.0
        }, 
        {
          "color": " #00FF00", 
          "nodeName": "A:K24", 
          "size": 1.0
        }, 
        {
          "color": " #00FF00", 
          "nodeName": "A:A31", 
          "size": 1.0
        }, 
        {
          "color": " #CC33EE", 
          "nodeName": "R:A252", 
          "size": 1.0
        }, 
        {
          "color": " #FFEC2B", 
          "nodeName": "B:K57", 
          "size": 1.0
        }, 
        {
          "color": " #CC33EE", 
          "nodeName": "R:I319", 
          "size": 1.0
        }, 
        {
          "color": " #CC33EE", 
          "nodeName": "R:K322", 
          "size": 1.0
        }, 
        {
          "color": " #00FF00", 
          "nodeName": "A:Q333", 
          "size": 1.0
        }, 
        {
          "color": " #00FF00", 
          "nodeName": "A:L348", 
          "size": 1.0
        }, 
        {
          "color": " #00FF00", 
          "nodeName": "A:D341", 
          "size": 1.0
        }, 
        {
          "color": " #00FF00", 
          "nodeName": "A:E318", 
          "size": 1.0
        }, 
        {
          "color": " #CC33EE", 
          "nodeName": "R:R143", 
          "size": 1.0
        }, 
        {
          "color": " #FFEC2B", 
          "nodeName": "B:G310", 
          "size": 1.0
        }, 
        {
          "color": " #CC33EE", 
          "nodeName": "R:Y316", 
          "size": 1.0
        }, 
        {
          "color": " #00FF00", 
          "nodeName": "A:R349", 
          "size": 1.0
        }, 
        {
          "color": " #CC33EE", 
          "nodeName": "R:Q157", 
          "size": 1.0
        }, 
        {
          "color": " #CC33EE", 
          "nodeName": "R:V155", 
          "size": 1.0
        }, 
        {
          "color": " #FFEC2B", 
          "nodeName": "B:N293", 
          "size": 1.0
        }, 
        {
          "color": " #FFEC2B", 
          "nodeName": "B:N313", 
          "size": 1.0
        }, 
        {
          "color": " #CC33EE", 
          "nodeName": "R:K159", 
          "size": 1.0
        }, 
        {
          "color": " #00FF00", 
          "nodeName": "A:Y320", 
          "size": 1.0
        }, 
        {
          "color": " #CC33EE", 
          "nodeName": "R:Y326", 
          "size": 1.0
        }, 
        {
          "color": " #00FF00", 
          "nodeName": "A:A338", 
          "size": 1.0
        }, 
        {
          "color": " #00FF00", 
          "nodeName": "A:I343", 
          "size": 1.0
        }, 
        {
          "color": " #CC33EE", 
          "nodeName": "R:R160", 
          "size": 1.0
        }, 
        {
          "color": " #CC33EE", 
          "nodeName": "R:R154", 
          "size": 1.0
        }, 
        {
          "color": " #CC33EE", 
          "nodeName": "R:M80", 
          "size": 1.0
        }, 
        {
          "color": " #CC33EE", 
          "nodeName": "R:N325", 
          "size": 1.0
        }, 
        {
          "color": " #00FF00", 
          "nodeName": "A:I28", 
          "size": 1.0
        }, 
        {
          "color": " #CC33EE", 
          "nodeName": "R:K251", 
          "size": 1.0
        }, 
        {
          "color": " #CC33EE", 
          "nodeName": "R:A146", 
          "size": 1.0
        }, 
        {
          "color": " #CC33EE", 
          "nodeName": "R:T151", 
          "size": 1.0
        }, 
        {
          "color": " #00FF00", 
          "nodeName": "A:C351", 
          "size": 1.0
        }, 
        {
          "color": " #00FF00", 
          "nodeName": "A:K32", 
          "size": 1.0
        }, 
        {
          "color": " #00FF00", 
          "nodeName": "A:D33", 
          "size": 1.0
        }, 
        {
          "color": " #00FF00", 
          "nodeName": "A:E25", 
          "size": 1.0
        }, 
        {
          "color": " #00FF00", 
          "nodeName": "A:V34", 
          "size": 1.0
        }, 
        {
          "color": " #FFEC2B", 
          "nodeName": "B:Q75", 
          "size": 1.0
        }, 
        {
          "color": " #CC33EE", 
          "nodeName": "R:K152", 
          "size": 1.0
        }, 
        {
          "color": " #FFEC2B", 
          "nodeName": "B:H311", 
          "size": 1.0
        }, 
        {
          "color": " #CC33EE", 
          "nodeName": "R:K76", 
          "size": 1.0
        }, 
        {
          "color": " #CC33EE", 
          "nodeName": "R:Q245", 
          "size": 1.0
        }, 
        {
          "color": " #CC33EE", 
          "nodeName": "R:K75", 
          "size": 1.0
        }, 
        {
          "color": " #00FF00", 
          "nodeName": "A:A345", 
          "size": 1.0
        }, 
        {
          "color": " #CC33EE", 
          "nodeName": "R:Q243", 
          "size": 1.0
        }, 
        {
          "color": " #CC33EE", 
          "nodeName": "R:S79", 
          "size": 1.0
        }, 
        {
          "color": " #00FF00", 
          "nodeName": "A:L353", 
          "size": 1.0
        }, 
        {
          "color": " #FFEC2B", 
          "nodeName": "B:D333", 
          "size": 1.0
        }, 
        {
          "color": " #CC33EE", 
          "nodeName": "R:R78", 
          "size": 1.0
        }, 
        {
          "color": " #00FF00", 
          "nodeName": "A:P315", 
          "size": 1.0
        }, 
        {
          "color": " #00FF00", 
          "nodeName": "A:K193", 
          "size": 1.0
        }, 
        {
          "color": " #00FF00", 
          "nodeName": "A:T220", 
          "size": 1.0
        }, 
        {
          "color": " #00FF00", 
          "nodeName": "A:T340", 
          "size": 1.0
        }, 
        {
          "color": " #00FF00", 
          "nodeName": "A:N347", 
          "size": 1.0
        }, 
        {
          "color": " #00FF00", 
          "nodeName": "A:N346", 
          "size": 1.0
        }, 
        {
          "color": " #00FF00", 
          "nodeName": "A:D337", 
          "size": 1.0
        }, 
        {
          "color": " #CC33EE", 
          "nodeName": "R:Q321", 
          "size": 1.0
        }, 
        {
          "color": " #00FF00", 
          "nodeName": "A:Y354", 
          "size": 1.0
        }, 
        {
          "color": " #CC33EE", 
          "nodeName": "R:S247", 
          "size": 1.0
        }, 
        {
          "color": " #CC33EE", 
          "nodeName": "R:T81", 
          "size": 1.0
        }
      ], 
      "trackLabel": "DefaultTrack"
    }
  ], 
  "edges": [
    {
      "frames": [0, 
        1, 
        4, 
        7, 
        183], 
      "name2": "R:K251", 
      "name1": "A:Y354"
    }, 
    {
      "frames": [0, 
        1, 
        2, 
        3, 
        4, 
        5, 
        6, 
        7, 
        8, 
        9, 
        11, 
        34, 
        35, 
        36, 
        37, 
        38, 
        39, 
        40, 
        41, 
        42, 
        43, 
        44, 
        45, 
        46, 
        47, 
        48, 
        50, 
        51, 
        52, 
        53, 
        54, 
        55, 
        56, 
        59, 
        60, 
        61, 
        62, 
        63, 
        64, 
        65, 
        66, 
        67, 
        68, 
        69, 
        70, 
        71, 
        72, 
        73, 
        74, 
        75, 
        76, 
        80, 
        82, 
        83, 
        84, 
        86, 
        88, 
        91, 
        92, 
        93, 
        94, 
        95, 
        96, 
        106, 
        113, 
        114, 
        115, 
        117, 
        118, 
        119, 
        125, 
        126, 
        134, 
        136, 
        137, 
        138, 
        139, 
        140, 
        141, 
        142, 
        143, 
        144, 
        146, 
        147, 
        148, 
        150, 
        151, 
        152, 
        154, 
        155, 
        156, 
        159, 
        160, 
        161, 
        163, 
        164, 
        165, 
        166, 
        167, 
        169, 
        170, 
        172, 
        173, 
        175, 
        176, 
        178, 
        179, 
        183, 
        184, 
        185, 
        187, 
        188, 
        189, 
        190, 
        191, 
        192, 
        198], 
      "name2": "R:Q321", 
      "name1": "A:L353"
    }, 
    {
      "frames": [0, 
        1, 
        2, 
        3, 
        5, 
        6, 
        7, 
        8, 
        9, 
        10, 
        14, 
        15, 
        17, 
        18, 
        19, 
        20, 
        21, 
        24, 
        25, 
        26, 
        28, 
        29, 
        31, 
        32, 
        33, 
        34, 
        35, 
        40, 
        41, 
        42, 
        43, 
        44, 
        46, 
        47, 
        48, 
        49, 
        50, 
        51, 
        52, 
        53, 
        54, 
        55, 
        56, 
        57, 
        58, 
        65, 
        66, 
        69, 
        70, 
        71, 
        72, 
        73, 
        74, 
        76, 
        77, 
        78, 
        79, 
        80, 
        81, 
        82, 
        84, 
        85, 
        86, 
        88, 
        89, 
        91, 
        92, 
        93, 
        94, 
        95, 
        96, 
        97, 
        99, 
        100, 
        101, 
        103, 
        105, 
        106, 
        107, 
        108, 
        109, 
        110, 
        111, 
        112, 
        113, 
        114, 
        115, 
        116, 
        117, 
        118, 
        119, 
        120, 
        121, 
        123, 
        124, 
        125, 
        126, 
        127, 
        128, 
        130, 
        135, 
        136, 
        137, 
        138, 
        140, 
        141, 
        142, 
        143, 
        144, 
        145, 
        146, 
        149, 
        152, 
        153, 
        154, 
        157, 
        158, 
        159, 
        160, 
        162, 
        163, 
        164, 
        165, 
        166, 
        167, 
        168, 
        169, 
        170, 
        171, 
        175, 
        176, 
        177, 
        178, 
        179, 
        180, 
        181, 
        182, 
        183, 
        184, 
        185, 
        186, 
        187, 
        188, 
        189, 
        190, 
        191, 
        192, 
        195, 
        196, 
        198, 
        199], 
      "name2": "R:K159", 
      "name1": "A:N347"
    }, 
    {
      "frames": [0, 
        1, 
        6, 
        10, 
        11, 
        29, 
        71, 
        148, 
        185, 
        190, 
        192, 
        193, 
        194, 
        195, 
        196, 
        197, 
        198, 
        199], 
      "name2": "R:N246", 
      "name1": "A:Y320"
    }, 
    {
      "frames": [0, 
        1, 
        2, 
        3, 
        4, 
        5, 
        6, 
        7, 
        8, 
        9, 
        10, 
        11, 
        12, 
        13, 
        16, 
        17, 
        20, 
        22, 
        23, 
        24, 
        25, 
        27, 
        29, 
        32, 
        34, 
        35, 
        36, 
        37, 
        38, 
        39, 
        40, 
        41, 
        42, 
        43, 
        44, 
        45, 
        46, 
        47, 
        48, 
        49, 
        50, 
        51, 
        52, 
        53, 
        55, 
        59, 
        60, 
        61, 
        63, 
        64, 
        65, 
        66, 
        68, 
        76, 
        80, 
        83, 
        87, 
        92, 
        114, 
        121, 
        138, 
        143, 
        145, 
        148, 
        149, 
        150, 
        155, 
        156, 
        158, 
        161, 
        163, 
        166, 
        169, 
        170, 
        171, 
        173, 
        174, 
        176, 
        179, 
        180, 
        181, 
        182, 
        184, 
        185, 
        186, 
        187, 
        190, 
        199], 
      "name2": "R:R143", 
      "name1": "A:G352"
    }, 
    {
      "frames": [0, 
        1, 
        4, 
        5, 
        6, 
        7, 
        8, 
        11, 
        12, 
        13, 
        16, 
        21, 
        37, 
        42, 
        72, 
        73, 
        74, 
        75, 
        77, 
        78, 
        79, 
        80, 
        81, 
        83, 
        86, 
        87, 
        88, 
        124, 
        128, 
        133, 
        134, 
        135, 
        136, 
        137, 
        138, 
        139, 
        140, 
        141, 
        193], 
      "name2": "R:K322", 
      "name1": "A:R349"
    }, 
    {
      "frames": [0, 
        2, 
        3, 
        4, 
        5, 
        6, 
        7, 
        9, 
        12, 
        13, 
        14, 
        15, 
        16, 
        17, 
        19, 
        24, 
        25, 
        27, 
        28, 
        30, 
        32, 
        33, 
        37, 
        38, 
        41], 
      "name2": "R:S247", 
      "name1": "A:E318"
    }, 
    {
      "frames": [0, 
        1, 
        3, 
        4, 
        5, 
        7, 
        8, 
        13, 
        14, 
        24, 
        25, 
        28], 
      "name2": "R:S247", 
      "name1": "A:P315"
    }, 
    {
      "frames": [0, 
        1, 
        2, 
        3, 
        4, 
        5, 
        6, 
        8, 
        9, 
        10, 
        14, 
        15, 
        16, 
        17, 
        18, 
        19, 
        20, 
        21, 
        22, 
        24, 
        25, 
        26, 
        27, 
        28, 
        30, 
        31, 
        33, 
        34, 
        36, 
        37, 
        38, 
        39, 
        40, 
        41, 
        45, 
        46, 
        48, 
        49, 
        50, 
        64, 
        65, 
        66, 
        67, 
        68, 
        69, 
        70, 
        71, 
        72, 
        73, 
        74, 
        75, 
        76, 
        77, 
        78, 
        79, 
        80, 
        81, 
        82, 
        83, 
        84, 
        85, 
        86, 
        87, 
        88, 
        89, 
        90, 
        93, 
        94, 
        95, 
        96, 
        97, 
        98, 
        99, 
        100, 
        101, 
        102, 
        103, 
        104, 
        105, 
        106, 
        107, 
        108, 
        109, 
        110, 
        111, 
        112, 
        113, 
        114, 
        115, 
        116, 
        117, 
        118, 
        119, 
        120, 
        121, 
        122, 
        123, 
        124, 
        125, 
        126, 
        127, 
        128, 
        129, 
        130, 
        131, 
        132, 
        133, 
        134, 
        135, 
        137, 
        138, 
        139, 
        140, 
        141, 
        142, 
        143, 
        144, 
        145, 
        146, 
        147, 
        148, 
        149, 
        150, 
        152, 
        153, 
        154, 
        155, 
        156, 
        157, 
        159, 
        160, 
        162, 
        163, 
        166, 
        167, 
        168, 
        169, 
        170, 
        171, 
        172, 
        173, 
        174, 
        181, 
        186, 
        191, 
        194, 
        195, 
        197, 
        198], 
      "name2": "R:S79", 
      "name1": "A:G350"
    }, 
    {
      "frames": [0, 
        1, 
        2, 
        3, 
        4, 
        5, 
        6, 
        8, 
        9, 
        13, 
        20, 
        21, 
        22, 
        23, 
        24, 
        25, 
        26, 
        27, 
        28, 
        29, 
        30, 
        32, 
        33, 
        34, 
        35, 
        38, 
        39, 
        41, 
        42, 
        43, 
        44, 
        45, 
        46, 
        47, 
        48, 
        49, 
        50, 
        52, 
        53, 
        54, 
        55, 
        56, 
        58, 
        59, 
        60, 
        61, 
        62, 
        63, 
        64, 
        65, 
        66, 
        67, 
        69, 
        70, 
        71, 
        72, 
        73, 
        74, 
        75, 
        76, 
        77, 
        78, 
        80, 
        81, 
        82, 
        83, 
        84, 
        85, 
        86, 
        87, 
        88, 
        89, 
        90, 
        91, 
        92, 
        94, 
        95, 
        96, 
        97, 
        98, 
        99, 
        100, 
        101, 
        102, 
        103, 
        104, 
        105, 
        106, 
        107, 
        108, 
        109, 
        110, 
        111, 
        112, 
        113, 
        114, 
        115, 
        116, 
        117, 
        118, 
        119, 
        120, 
        121, 
        122, 
        123, 
        124, 
        125, 
        126, 
        127, 
        128, 
        129, 
        130, 
        131, 
        132, 
        133, 
        134, 
        135, 
        136, 
        137, 
        138, 
        139, 
        140, 
        141, 
        142, 
        143, 
        144, 
        145, 
        146, 
        147, 
        148, 
        149, 
        150, 
        151, 
        152, 
        153, 
        154, 
        155, 
        157, 
        158, 
        159, 
        160, 
        161, 
        162, 
        163, 
        164, 
        165, 
        166, 
        167, 
        168, 
        169, 
        170, 
        171, 
        172, 
        173, 
        174, 
        175, 
        176, 
        177, 
        178, 
        179, 
        180, 
        181, 
        182, 
        183, 
        184, 
        185, 
        186, 
        187, 
        188, 
        189, 
        190, 
        192, 
        193, 
        194, 
        195, 
        196, 
        197, 
        198, 
        199], 
      "name2": "R:R154", 
      "name1": "A:A31"
    }, 
    {
      "frames": [1, 
        3, 
        6, 
        8, 
        9, 
        10, 
        12, 
        15, 
        16, 
        20, 
        22, 
        23, 
        25, 
        26, 
        27, 
        29, 
        30, 
        32, 
        33, 
        34, 
        35, 
        36, 
        38, 
        39, 
        41, 
        42, 
        43, 
        44, 
        45, 
        46, 
        47, 
        48, 
        50, 
        51, 
        52, 
        55, 
        56, 
        57, 
        60, 
        61, 
        62, 
        63, 
        65, 
        69, 
        71, 
        74, 
        80, 
        81, 
        86, 
        88, 
        92, 
        93, 
        94, 
        95, 
        96, 
        99, 
        102, 
        104, 
        105, 
        112, 
        113, 
        115, 
        116, 
        118, 
        120, 
        121, 
        123, 
        124, 
        126, 
        130, 
        132, 
        133, 
        134, 
        136, 
        139, 
        141, 
        143, 
        146, 
        148, 
        149, 
        150, 
        152, 
        153, 
        154, 
        155, 
        156, 
        159, 
        160, 
        162, 
        163, 
        164, 
        165, 
        166, 
        173, 
        175, 
        176, 
        179, 
        180, 
        181, 
        182, 
        183, 
        186, 
        188, 
        190, 
        191, 
        192, 
        193, 
        197, 
        199], 
      "name2": "R:A146", 
      "name1": "A:N347"
    }, 
    {
      "frames": [1, 
        2, 
        3, 
        4, 
        5, 
        6, 
        7, 
        8, 
        10, 
        11, 
        125, 
        152, 
        164, 
        167], 
      "name2": "R:K248", 
      "name1": "A:A345"
    }, 
    {
      "frames": [1, 
        3, 
        4], 
      "name2": "R:Q157", 
      "name1": "A:I28"
    }, 
    {
      "frames": [1, 
        2, 
        3, 
        4, 
        5, 
        6, 
        7, 
        8, 
        9, 
        10, 
        11, 
        12, 
        13, 
        14, 
        15, 
        16, 
        17, 
        18, 
        19, 
        20, 
        21, 
        22, 
        23, 
        24, 
        25, 
        26, 
        27, 
        28, 
        29, 
        30, 
        31, 
        32, 
        33, 
        34, 
        35, 
        36, 
        37, 
        38, 
        39, 
        40, 
        41, 
        42, 
        43, 
        44, 
        45, 
        46, 
        47, 
        48, 
        49, 
        56, 
        59, 
        62, 
        63, 
        64, 
        65, 
        66, 
        67, 
        68, 
        69, 
        70, 
        71, 
        72, 
        73, 
        75, 
        76, 
        77, 
        78, 
        79, 
        80, 
        82, 
        83, 
        85, 
        86, 
        87, 
        88, 
        89, 
        90, 
        91, 
        92, 
        93, 
        94, 
        95, 
        96, 
        97, 
        101, 
        102, 
        103, 
        104, 
        105, 
        106, 
        113, 
        114, 
        115, 
        117, 
        120, 
        122, 
        123, 
        124, 
        125, 
        126, 
        127, 
        128, 
        129, 
        130, 
        131, 
        132, 
        133, 
        134, 
        137, 
        139, 
        140, 
        145, 
        147, 
        149, 
        151, 
        152, 
        153, 
        154, 
        155, 
        156, 
        157, 
        158, 
        159, 
        160, 
        161, 
        162, 
        164, 
        165, 
        166, 
        167, 
        168, 
        169, 
        170, 
        171, 
        172, 
        173, 
        174, 
        175, 
        176, 
        177, 
        178, 
        180, 
        181, 
        182, 
        184, 
        185, 
        186, 
        187, 
        188, 
        189, 
        190, 
        191, 
        192, 
        193, 
        195, 
        196, 
        197, 
        198, 
        199], 
      "name2": "R:R324", 
      "name1": "A:Y354"
    }, 
    {
      "frames": [1, 
        3, 
        4, 
        5, 
        6, 
        7, 
        8, 
        11, 
        13, 
        14, 
        15, 
        16, 
        17, 
        18, 
        19, 
        20, 
        21, 
        22, 
        23, 
        24, 
        25, 
        27, 
        28, 
        29, 
        30, 
        31, 
        32, 
        33, 
        34, 
        35, 
        36, 
        37, 
        38, 
        39, 
        40, 
        42, 
        43, 
        44, 
        45, 
        46, 
        47, 
        48, 
        49, 
        50, 
        51, 
        52, 
        53, 
        54, 
        56, 
        57, 
        58, 
        59, 
        60, 
        61, 
        62, 
        63, 
        64, 
        65, 
        66, 
        67, 
        68, 
        69, 
        70, 
        71, 
        72, 
        73, 
        74, 
        75, 
        76, 
        77, 
        78, 
        79, 
        80, 
        82, 
        83, 
        84, 
        85, 
        86, 
        87, 
        88, 
        89, 
        90, 
        91, 
        92, 
        94, 
        95, 
        96, 
        97, 
        98, 
        99, 
        100, 
        101, 
        102, 
        103, 
        104, 
        105, 
        106, 
        107, 
        108, 
        109, 
        111, 
        112, 
        113, 
        114, 
        115, 
        116, 
        117, 
        118, 
        119, 
        120, 
        121, 
        122, 
        123, 
        124, 
        125, 
        127, 
        128, 
        129, 
        130, 
        131, 
        132, 
        134, 
        135, 
        136, 
        137, 
        138, 
        139, 
        140, 
        141, 
        142, 
        143, 
        144, 
        145, 
        146, 
        147, 
        148, 
        149, 
        150, 
        151, 
        152, 
        154, 
        155, 
        156, 
        157, 
        158, 
        159, 
        160, 
        161, 
        163, 
        164, 
        165, 
        166, 
        167, 
        168, 
        169, 
        170, 
        171, 
        172, 
        173, 
        174, 
        175, 
        176, 
        177, 
        178, 
        180, 
        181, 
        182, 
        183, 
        184, 
        187], 
      "name2": "R:Q245", 
      "name1": "A:Y320"
    }, 
    {
      "frames": [3, 
        5, 
        6, 
        7, 
        8, 
        10, 
        12, 
        13, 
        14, 
        15, 
        18, 
        19, 
        20, 
        21, 
        22, 
        23, 
        24, 
        25, 
        26, 
        27, 
        31, 
        33, 
        34, 
        35, 
        36, 
        37, 
        38, 
        39, 
        40, 
        41, 
        42, 
        43, 
        46, 
        47, 
        48, 
        50, 
        53, 
        54, 
        55, 
        56, 
        57, 
        59, 
        60, 
        61, 
        62, 
        63, 
        64, 
        65, 
        66, 
        71, 
        72, 
        73, 
        74, 
        75, 
        77, 
        78, 
        79, 
        80, 
        81, 
        82, 
        87, 
        89, 
        90, 
        92, 
        96, 
        97, 
        98, 
        99, 
        100, 
        101, 
        103, 
        104, 
        105, 
        107, 
        112, 
        113, 
        115, 
        116, 
        117, 
        119, 
        120, 
        121, 
        122, 
        125, 
        126, 
        128, 
        129, 
        135, 
        136, 
        137, 
        138, 
        140, 
        141, 
        142, 
        143, 
        144, 
        146, 
        148, 
        151, 
        152, 
        154, 
        155, 
        156, 
        157, 
        159, 
        160, 
        162, 
        163, 
        164, 
        165, 
        166, 
        167, 
        169, 
        170, 
        171, 
        173, 
        174, 
        175, 
        176, 
        177, 
        180, 
        181, 
        182, 
        183, 
        185, 
        188, 
        189, 
        190, 
        191, 
        192, 
        193, 
        194, 
        195, 
        196, 
        197, 
        198, 
        199], 
      "name2": "R:Q245", 
      "name1": "A:D341"
    }, 
    {
      "frames": [3, 
        4, 
        5, 
        6, 
        7, 
        8, 
        9, 
        10, 
        11, 
        14, 
        15, 
        16, 
        17, 
        18, 
        19, 
        20, 
        21, 
        22, 
        23, 
        24, 
        25, 
        26, 
        27, 
        28, 
        29, 
        30, 
        32, 
        33, 
        34, 
        35, 
        36, 
        37, 
        41, 
        42, 
        43, 
        44, 
        46, 
        48, 
        49, 
        50, 
        51, 
        52, 
        53, 
        54, 
        55, 
        56, 
        57, 
        58, 
        59, 
        60, 
        61, 
        62, 
        63, 
        64, 
        65, 
        66, 
        67, 
        68, 
        69, 
        70, 
        71, 
        72, 
        74, 
        75, 
        76, 
        77, 
        78, 
        79, 
        81, 
        82, 
        83, 
        84, 
        85, 
        86, 
        87, 
        88, 
        89, 
        90, 
        91, 
        92, 
        94, 
        95, 
        96, 
        98, 
        104, 
        105, 
        106, 
        107, 
        108, 
        109, 
        111, 
        112, 
        114, 
        115, 
        116, 
        117, 
        119, 
        120, 
        121, 
        134, 
        135, 
        136, 
        137, 
        138, 
        139, 
        141, 
        142, 
        143, 
        144, 
        145, 
        146], 
      "name2": "R:N325", 
      "name1": "A:R349"
    }, 
    {
      "frames": [5, 
        7, 
        10, 
        11, 
        18, 
        22, 
        23, 
        28, 
        29, 
        31, 
        34, 
        35, 
        47, 
        48, 
        51, 
        52, 
        58, 
        74, 
        75, 
        76, 
        78, 
        80, 
        82, 
        85, 
        86, 
        87, 
        88, 
        91, 
        93, 
        95, 
        100, 
        131, 
        137, 
        140, 
        145, 
        146, 
        147, 
        148, 
        149, 
        151, 
        157, 
        158, 
        161, 
        169, 
        176, 
        182, 
        192, 
        194, 
        198], 
      "name2": "R:N246", 
      "name1": "A:E318"
    }, 
    {
      "frames": [6, 
        7, 
        9, 
        10, 
        12, 
        13, 
        14, 
        17, 
        18, 
        19, 
        20, 
        21, 
        22, 
        23, 
        27, 
        28, 
        33, 
        34, 
        36, 
        39, 
        41, 
        43, 
        46, 
        48, 
        49, 
        50, 
        51, 
        52, 
        53, 
        54, 
        55, 
        56, 
        57, 
        58, 
        59, 
        60, 
        61, 
        62, 
        63, 
        64, 
        65, 
        66, 
        67, 
        68, 
        69, 
        70, 
        71, 
        72, 
        73, 
        74, 
        75, 
        76, 
        77, 
        78, 
        79, 
        80, 
        81, 
        82, 
        83, 
        84, 
        85, 
        86, 
        87, 
        99, 
        102, 
        103, 
        104, 
        109, 
        110, 
        111, 
        112, 
        113, 
        114, 
        115, 
        116, 
        117, 
        118, 
        119, 
        120, 
        122, 
        124, 
        125, 
        127, 
        128, 
        129, 
        130, 
        131, 
        132, 
        133, 
        134, 
        135, 
        136, 
        137, 
        140, 
        141, 
        142, 
        143, 
        144, 
        145, 
        146, 
        147, 
        149, 
        150, 
        153, 
        154, 
        155, 
        156, 
        157, 
        158, 
        159, 
        160, 
        161, 
        162, 
        163, 
        164, 
        165, 
        166, 
        168, 
        169, 
        170, 
        171, 
        172, 
        173, 
        174, 
        175, 
        176, 
        177, 
        178, 
        179, 
        182, 
        183, 
        184, 
        185, 
        186, 
        188, 
        189, 
        192, 
        193, 
        194, 
        195, 
        196, 
        197, 
        198], 
      "name2": "R:R160", 
      "name1": "A:S29"
    }, 
    {
      "frames": [6, 
        7, 
        8, 
        9, 
        10, 
        11, 
        12, 
        13, 
        14, 
        16, 
        17, 
        18, 
        19, 
        20, 
        21, 
        22, 
        23, 
        24, 
        25, 
        26, 
        27, 
        28, 
        29, 
        30, 
        31, 
        32, 
        33, 
        34, 
        35, 
        36, 
        37, 
        38, 
        39, 
        40, 
        42, 
        43, 
        44, 
        45, 
        47, 
        125, 
        126, 
        127, 
        129, 
        179, 
        180, 
        181], 
      "name2": "R:R160", 
      "name1": "A:I28"
    }, 
    {
      "frames": [6, 
        7, 
        8, 
        9, 
        10, 
        11, 
        13, 
        15, 
        16, 
        18, 
        19, 
        22, 
        23, 
        25, 
        26, 
        27, 
        28, 
        29, 
        30, 
        31, 
        33, 
        34, 
        35, 
        36, 
        37, 
        38, 
        39, 
        40, 
        42, 
        43, 
        45, 
        46, 
        47, 
        49, 
        50, 
        52, 
        53, 
        54, 
        55, 
        56, 
        57, 
        58, 
        59, 
        60, 
        62, 
        63, 
        64, 
        65, 
        66, 
        71, 
        72, 
        73, 
        74, 
        75, 
        77, 
        79, 
        80, 
        81, 
        82, 
        83, 
        84, 
        85, 
        91, 
        94, 
        115, 
        121, 
        122, 
        123, 
        125, 
        128, 
        129, 
        130, 
        133, 
        139, 
        141, 
        142, 
        143, 
        146, 
        147, 
        148, 
        149, 
        153, 
        155, 
        156, 
        157, 
        162, 
        164, 
        166, 
        167, 
        168, 
        169, 
        170, 
        173, 
        175, 
        176, 
        178, 
        182, 
        184, 
        185, 
        188, 
        189, 
        193, 
        194, 
        196, 
        197, 
        198, 
        199], 
      "name2": "R:Q157", 
      "name1": "A:S29"
    }, 
    {
      "frames": [7, 
        9, 
        11, 
        12, 
        13, 
        14, 
        17, 
        19, 
        20, 
        22, 
        23, 
        24, 
        25, 
        27, 
        28, 
        29, 
        32, 
        33, 
        34, 
        35, 
        36, 
        37, 
        39, 
        41, 
        42, 
        43, 
        44, 
        46, 
        47, 
        50, 
        51, 
        58, 
        64, 
        65, 
        66, 
        67, 
        68, 
        69, 
        70, 
        71, 
        76, 
        79, 
        81, 
        82, 
        84, 
        85, 
        86, 
        88, 
        89, 
        90, 
        91, 
        92, 
        93, 
        94, 
        95, 
        99, 
        100, 
        103, 
        106, 
        107, 
        108, 
        110, 
        111, 
        112, 
        115, 
        119, 
        125, 
        127, 
        128, 
        129, 
        130, 
        131, 
        132, 
        133, 
        136, 
        137, 
        139, 
        140, 
        142, 
        143, 
        144, 
        145, 
        147, 
        148, 
        150, 
        154, 
        156, 
        157, 
        159, 
        160, 
        161, 
        162, 
        163, 
        164, 
        165, 
        168, 
        169, 
        170, 
        171, 
        173, 
        174, 
        177, 
        178, 
        179, 
        182, 
        186, 
        188, 
        190, 
        191, 
        193, 
        196, 
        197, 
        198], 
      "name2": "R:T151", 
      "name1": "A:N194"
    }, 
    {
      "frames": [9, 
        13, 
        16, 
        30, 
        41, 
        55, 
        70, 
        84, 
        88, 
        109, 
        112, 
        117, 
        123, 
        132, 
        144, 
        145, 
        147, 
        150, 
        173, 
        175, 
        178, 
        187, 
        188, 
        189, 
        190, 
        191, 
        192, 
        193, 
        194, 
        195, 
        198], 
      "name2": "R:N246", 
      "name1": "A:D341"
    }, 
    {
      "frames": [10, 
        11, 
        13, 
        14, 
        17, 
        21, 
        22, 
        25, 
        29, 
        30, 
        34, 
        35, 
        36, 
        37, 
        38, 
        41, 
        42, 
        44, 
        49, 
        52, 
        54, 
        59, 
        60, 
        65, 
        67, 
        81, 
        82, 
        83, 
        84, 
        86, 
        87, 
        88, 
        89, 
        91, 
        92, 
        97, 
        103, 
        105, 
        109, 
        111, 
        112, 
        119, 
        124, 
        125, 
        132, 
        134, 
        137, 
        139, 
        140, 
        141, 
        142, 
        145, 
        147, 
        148, 
        149, 
        166, 
        171, 
        180, 
        181, 
        182, 
        187, 
        194, 
        199], 
      "name2": "R:T81", 
      "name1": "A:C351"
    }, 
    {
      "frames": [12], 
      "name2": "R:K76", 
      "name1": "B:N313"
    }, 
    {
      "frames": [13, 
        14, 
        19, 
        21, 
        23, 
        24, 
        25, 
        26, 
        27, 
        28, 
        29, 
        31, 
        33, 
        72], 
      "name2": "R:I319", 
      "name1": "A:Y354"
    }, 
    {
      "frames": [15, 
        16, 
        18, 
        19, 
        20, 
        21, 
        22, 
        24, 
        25, 
        26, 
        28, 
        30, 
        31, 
        32, 
        33, 
        34, 
        54, 
        55, 
        56, 
        57, 
        58, 
        59, 
        60, 
        61, 
        62, 
        63, 
        64, 
        65, 
        66, 
        67, 
        68, 
        69, 
        70, 
        71, 
        72, 
        73, 
        74, 
        75, 
        77, 
        78, 
        79, 
        80, 
        81, 
        82, 
        83, 
        84, 
        85, 
        86, 
        87, 
        88, 
        89, 
        90, 
        91, 
        92, 
        93, 
        94, 
        95, 
        96, 
        97, 
        98, 
        99, 
        100, 
        101, 
        102, 
        103, 
        104, 
        105, 
        106, 
        108, 
        109, 
        110, 
        111, 
        112, 
        113, 
        114, 
        115, 
        116, 
        117, 
        118, 
        119, 
        120, 
        121, 
        122, 
        123, 
        124, 
        125, 
        126, 
        127, 
        128, 
        129, 
        130, 
        131, 
        132, 
        133, 
        134, 
        135, 
        136, 
        137, 
        138, 
        139, 
        140, 
        141, 
        142, 
        143, 
        144, 
        145, 
        146, 
        147, 
        148, 
        149, 
        150, 
        151, 
        152, 
        153, 
        154, 
        157, 
        158, 
        159, 
        160, 
        161, 
        162, 
        164, 
        165, 
        167, 
        168, 
        172, 
        183, 
        184, 
        185, 
        186, 
        188, 
        189, 
        190, 
        191, 
        192, 
        193, 
        194, 
        195, 
        196, 
        197, 
        198], 
      "name2": "R:R143", 
      "name1": "A:C351"
    }, 
    {
      "frames": [15, 
        26, 
        30, 
        36, 
        37, 
        39, 
        40, 
        41, 
        44, 
        45, 
        47, 
        49, 
        51, 
        53, 
        54, 
        55, 
        56, 
        57, 
        69, 
        70, 
        74, 
        76, 
        77, 
        79, 
        82, 
        83, 
        93, 
        96, 
        97, 
        98, 
        99, 
        100, 
        101, 
        102, 
        104, 
        106, 
        108, 
        109, 
        112, 
        113, 
        144, 
        145, 
        146, 
        148, 
        149, 
        151, 
        152, 
        153, 
        154, 
        155, 
        156, 
        158, 
        159, 
        160, 
        161, 
        162, 
        163, 
        164, 
        165, 
        166, 
        167, 
        168, 
        169, 
        170, 
        171, 
        172, 
        173, 
        174, 
        175, 
        176, 
        179, 
        193], 
      "name2": "R:Y326", 
      "name1": "A:R349"
    }, 
    {
      "frames": [15, 
        52, 
        53, 
        54, 
        55, 
        57, 
        60, 
        62, 
        63, 
        73], 
      "name2": "R:V155", 
      "name1": "A:K32"
    }, 
    {
      "frames": [16], 
      "name2": "R:R154", 
      "name1": "A:I28"
    }, 
    {
      "frames": [16], 
      "name2": "R:R154", 
      "name1": "A:S29"
    }, 
    {
      "frames": [18, 
        19, 
        20, 
        21, 
        22, 
        31, 
        33], 
      "name2": "R:K248", 
      "name1": "A:L353"
    }, 
    {
      "frames": [18, 
        76, 
        77, 
        78, 
        110, 
        137, 
        162, 
        197, 
        199], 
      "name2": "R:K152", 
      "name1": "A:N194"
    }, 
    {
      "frames": [18, 
        31, 
        32, 
        33, 
        48, 
        69, 
        70, 
        71, 
        72], 
      "name2": "R:Q321", 
      "name1": "A:G352"
    }, 
    {
      "frames": [19, 
        33, 
        66, 
        67, 
        69, 
        71, 
        72, 
        92, 
        93, 
        94, 
        95, 
        96, 
        97, 
        98, 
        99, 
        100, 
        103, 
        105, 
        106, 
        113, 
        114, 
        115, 
        116, 
        120, 
        121, 
        122, 
        123, 
        124, 
        125, 
        128, 
        129, 
        131, 
        132, 
        180, 
        181, 
        186, 
        194, 
        198, 
        199], 
      "name2": "R:Q321", 
      "name1": "A:R349"
    }, 
    {
      "frames": [21, 
        22, 
        23, 
        24, 
        25, 
        26, 
        27, 
        28, 
        29, 
        30, 
        31, 
        32, 
        33, 
        34, 
        35, 
        36, 
        37, 
        38, 
        39, 
        40, 
        41, 
        42, 
        43, 
        45, 
        46, 
        47, 
        57, 
        91, 
        94, 
        98, 
        101, 
        106, 
        116, 
        133, 
        134, 
        135, 
        136, 
        137, 
        139, 
        141, 
        142, 
        143, 
        144, 
        152, 
        174, 
        175, 
        178, 
        187], 
      "name2": "R:K76", 
      "name1": "B:D312"
    }, 
    {
      "frames": [21, 
        50, 
        51, 
        52, 
        53, 
        54, 
        55, 
        56, 
        57, 
        58, 
        59, 
        60, 
        61, 
        62, 
        63, 
        64, 
        65, 
        66, 
        68, 
        69, 
        70, 
        71, 
        72, 
        73, 
        74, 
        75, 
        76, 
        77, 
        78, 
        79, 
        80, 
        81, 
        82, 
        83, 
        84, 
        85, 
        86, 
        87, 
        88, 
        89, 
        90, 
        91, 
        92, 
        93, 
        94, 
        95, 
        96, 
        97, 
        98, 
        99, 
        100, 
        101, 
        102, 
        103, 
        104, 
        105, 
        106, 
        107, 
        108, 
        109, 
        110, 
        111, 
        112, 
        113, 
        114, 
        116, 
        117, 
        118, 
        119, 
        120, 
        121, 
        122, 
        123, 
        124, 
        125, 
        126, 
        127, 
        128, 
        129, 
        130, 
        131, 
        132, 
        133, 
        134, 
        135, 
        136, 
        137, 
        138, 
        139, 
        140, 
        141, 
        142, 
        143, 
        144, 
        145, 
        146, 
        147, 
        148, 
        149, 
        150, 
        151, 
        152, 
        153, 
        154, 
        155, 
        156, 
        157, 
        158, 
        159, 
        160, 
        161, 
        162, 
        163, 
        164, 
        165, 
        166, 
        167, 
        168, 
        169, 
        170, 
        171, 
        172, 
        173, 
        174, 
        175, 
        176, 
        177, 
        178, 
        179, 
        180, 
        181, 
        182, 
        183, 
        184, 
        185, 
        186, 
        187, 
        188, 
        189, 
        190, 
        191, 
        192, 
        193, 
        194, 
        195, 
        196, 
        197, 
        198, 
        199], 
      "name2": "R:R154", 
      "name1": "A:D33"
    }, 
    {
      "frames": [24, 
        26, 
        27, 
        28, 
        30, 
        31, 
        33, 
        34, 
        36, 
        37, 
        38, 
        39, 
        40, 
        41, 
        43, 
        44, 
        45, 
        47, 
        48], 
      "name2": "R:R154", 
      "name1": "A:N347"
    }, 
    {
      "frames": [27, 
        28, 
        29, 
        30, 
        31, 
        32, 
        33, 
        34, 
        35, 
        36, 
        37, 
        38, 
        39, 
        40, 
        41, 
        43, 
        44, 
        45, 
        46, 
        47, 
        48, 
        49, 
        50, 
        51, 
        52, 
        53, 
        54, 
        55, 
        56, 
        57, 
        58, 
        59, 
        60, 
        61, 
        62, 
        63, 
        64, 
        65, 
        66, 
        67, 
        68, 
        69, 
        70, 
        71, 
        72, 
        73, 
        74, 
        75, 
        76, 
        77, 
        78, 
        79, 
        80, 
        81, 
        82, 
        83, 
        84, 
        86, 
        87, 
        89, 
        90, 
        91, 
        92, 
        93, 
        94, 
        95, 
        96, 
        97, 
        98, 
        99, 
        100, 
        101, 
        102, 
        103, 
        104, 
        105, 
        106, 
        107, 
        108, 
        109, 
        110, 
        111, 
        112, 
        113, 
        114, 
        115, 
        116, 
        117, 
        118, 
        119, 
        120, 
        121, 
        122, 
        123, 
        124, 
        125, 
        126, 
        127, 
        128, 
        129, 
        130, 
        131, 
        132, 
        133, 
        134, 
        135, 
        136, 
        137, 
        139, 
        140, 
        141, 
        142, 
        143, 
        144, 
        145, 
        146, 
        147, 
        148, 
        149, 
        150, 
        151, 
        152, 
        155, 
        156, 
        157, 
        158, 
        159, 
        160, 
        161, 
        162, 
        163, 
        164, 
        165, 
        166, 
        167, 
        168, 
        169, 
        170, 
        171, 
        172, 
        173, 
        174, 
        175, 
        176, 
        177, 
        178, 
        179, 
        180, 
        181, 
        182, 
        183, 
        184, 
        185, 
        186, 
        187, 
        188, 
        189, 
        190, 
        191, 
        192, 
        193, 
        194, 
        195, 
        196, 
        197, 
        198, 
        199], 
      "name2": "R:R154", 
      "name1": "A:K32"
    }, 
    {
      "frames": [30, 
        68, 
        72, 
        78, 
        87, 
        90, 
        93, 
        94, 
        95, 
        106, 
        119, 
        158, 
        159, 
        162, 
        183, 
        184, 
        185, 
        188, 
        192], 
      "name2": "R:Q321", 
      "name1": "A:L348"
    }, 
    {
      "frames": [30, 
        39, 
        40, 
        41, 
        78, 
        85, 
        89], 
      "name2": "R:K248", 
      "name1": "A:Y354"
    }, 
    {
      "frames": [31, 
        34, 
        47], 
      "name2": "R:R154", 
      "name1": "A:I343"
    }, 
    {
      "frames": [32, 
        33, 
        36, 
        37, 
        46, 
        174, 
        176, 
        177, 
        179, 
        180, 
        181, 
        182, 
        183, 
        184, 
        185, 
        186, 
        188, 
        189, 
        192, 
        193, 
        194, 
        196, 
        197, 
        198, 
        199], 
      "name2": "R:K75", 
      "name1": "B:D312"
    }, 
    {
      "frames": [33, 
        34, 
        46, 
        47, 
        51, 
        52, 
        53, 
        55, 
        65, 
        67, 
        74, 
        76, 
        81, 
        83, 
        86, 
        88, 
        99, 
        100, 
        101, 
        103, 
        104, 
        107, 
        108, 
        109, 
        112, 
        136, 
        137, 
        143, 
        144, 
        146, 
        151, 
        152, 
        160, 
        163, 
        165, 
        166, 
        167, 
        169, 
        173, 
        176], 
      "name2": "R:Q321", 
      "name1": "A:Y354"
    }, 
    {
      "frames": [36, 
        37, 
        38, 
        39, 
        40, 
        41, 
        42, 
        43, 
        44, 
        45, 
        46, 
        47, 
        50, 
        51, 
        52, 
        54, 
        55, 
        59, 
        62, 
        63, 
        64, 
        65, 
        68, 
        74, 
        80, 
        112, 
        114, 
        138, 
        146, 
        160, 
        176, 
        178, 
        185], 
      "name2": "R:A252", 
      "name1": "A:Y354"
    }, 
    {
      "frames": [43, 
        51, 
        52, 
        53, 
        55, 
        56, 
        57, 
        58, 
        59, 
        60, 
        61, 
        62, 
        91, 
        92, 
        161, 
        175, 
        176, 
        178, 
        183, 
        184, 
        185, 
        192], 
      "name2": "R:T81", 
      "name1": "A:G350"
    }, 
    {
      "frames": [44, 
        68, 
        69, 
        91, 
        93, 
        95, 
        96, 
        99, 
        100, 
        101, 
        102, 
        111, 
        112, 
        113, 
        114, 
        142, 
        171, 
        172], 
      "name2": "R:Q157", 
      "name1": "A:E25"
    }, 
    {
      "frames": [45, 
        46, 
        105, 
        107, 
        140, 
        149, 
        150, 
        151, 
        170, 
        172, 
        173, 
        174, 
        175, 
        176, 
        177, 
        178, 
        179, 
        180, 
        182, 
        187, 
        188, 
        189, 
        190, 
        191, 
        192, 
        194, 
        195], 
      "name2": "R:K248", 
      "name1": "A:P315"
    }, 
    {
      "frames": [45], 
      "name2": "R:A150", 
      "name1": "A:T340"
    }, 
    {
      "frames": [48, 
        49, 
        50, 
        52, 
        53, 
        55, 
        56, 
        57, 
        59, 
        60, 
        61, 
        62, 
        63, 
        65, 
        68, 
        69, 
        71, 
        72, 
        97, 
        98, 
        106, 
        107, 
        109, 
        113, 
        114, 
        115, 
        116, 
        119, 
        120, 
        122, 
        123, 
        124, 
        125, 
        126, 
        127, 
        128, 
        130, 
        132, 
        133, 
        138, 
        139, 
        140, 
        141, 
        152, 
        154, 
        155, 
        157, 
        158, 
        160, 
        162, 
        164, 
        165, 
        167, 
        176, 
        179, 
        181, 
        182, 
        183, 
        184, 
        185, 
        189, 
        191, 
        193, 
        196, 
        197, 
        198], 
      "name2": "R:Q243", 
      "name1": "A:Q333"
    }, 
    {
      "frames": [49, 
        153, 
        177, 
        180, 
        190, 
        192, 
        194, 
        196], 
      "name2": "R:K248", 
      "name1": "A:E318"
    }, 
    {
      "frames": [50, 
        53, 
        55, 
        63, 
        64, 
        65, 
        67, 
        68, 
        72, 
        73, 
        74, 
        75, 
        76, 
        77, 
        78, 
        79, 
        80, 
        84, 
        86, 
        87, 
        89, 
        91, 
        93, 
        95, 
        97, 
        98, 
        100, 
        101, 
        102, 
        103, 
        104, 
        105, 
        106, 
        107, 
        108, 
        109, 
        110, 
        111, 
        112, 
        113, 
        114, 
        115, 
        117, 
        122, 
        123, 
        125, 
        126, 
        127, 
        128, 
        129, 
        131, 
        132, 
        133, 
        134, 
        135, 
        136, 
        137, 
        138, 
        139, 
        140, 
        141, 
        142, 
        143, 
        144, 
        146, 
        147, 
        148, 
        149, 
        150, 
        151, 
        152, 
        153, 
        155, 
        156, 
        159, 
        163, 
        164, 
        165, 
        166, 
        167, 
        168, 
        169, 
        170, 
        171, 
        172, 
        173, 
        181, 
        182, 
        183, 
        184, 
        186, 
        189, 
        192, 
        198], 
      "name2": "R:R78", 
      "name1": "B:D312"
    }, 
    {
      "frames": [50, 
        54, 
        57, 
        58, 
        100, 
        101, 
        102, 
        104, 
        106, 
        117, 
        121, 
        130, 
        131, 
        132, 
        135, 
        136, 
        137, 
        143, 
        150, 
        151, 
        153, 
        158, 
        159, 
        163, 
        166, 
        180, 
        188, 
        192, 
        199], 
      "name2": "R:Q243", 
      "name1": "A:D337"
    }, 
    {
      "frames": [51, 
        53, 
        56, 
        59, 
        68, 
        73, 
        76, 
        77, 
        79, 
        81, 
        83, 
        84, 
        85, 
        86, 
        88, 
        93, 
        105, 
        111, 
        115, 
        118, 
        119, 
        126, 
        135, 
        138, 
        142, 
        144, 
        145, 
        146, 
        147, 
        149, 
        151, 
        153, 
        157, 
        180, 
        183, 
        193], 
      "name2": "R:Q245", 
      "name1": "A:D337"
    }, 
    {
      "frames": [52, 
        53, 
        54, 
        64, 
        65, 
        68, 
        91, 
        92, 
        94, 
        97, 
        118, 
        128, 
        129, 
        130, 
        131, 
        132, 
        150, 
        154, 
        168, 
        171, 
        176, 
        177, 
        178, 
        186, 
        187, 
        188, 
        189, 
        192], 
      "name2": "R:K76", 
      "name1": "B:G310"
    }, 
    {
      "frames": [54], 
      "name2": "R:Q245", 
      "name1": "A:A338"
    }, 
    {
      "frames": [62, 
        151, 
        152, 
        153, 
        154, 
        155, 
        156, 
        157, 
        158, 
        159, 
        160, 
        162, 
        163, 
        164, 
        165, 
        166, 
        167, 
        169, 
        171, 
        172, 
        173, 
        174, 
        175, 
        176, 
        177, 
        179, 
        180, 
        181, 
        182, 
        184, 
        185, 
        186, 
        187, 
        188, 
        189, 
        190, 
        191, 
        192, 
        194, 
        195, 
        196, 
        197, 
        198, 
        199], 
      "name2": "R:M80", 
      "name1": "A:G350"
    }, 
    {
      "frames": [68, 
        172], 
      "name2": "R:Y316", 
      "name1": "A:G352"
    }, 
    {
      "frames": [71, 
        73, 
        76, 
        86, 
        119, 
        120, 
        121, 
        122, 
        123, 
        124, 
        125, 
        127, 
        128, 
        132, 
        133, 
        135, 
        136, 
        137, 
        138, 
        142, 
        144, 
        146, 
        147], 
      "name2": "R:K322", 
      "name1": "A:G350"
    }, 
    {
      "frames": [71], 
      "name2": "R:K159", 
      "name1": "A:N346"
    }, 
    {
      "frames": [71, 
        72, 
        76, 
        103, 
        104, 
        105, 
        117, 
        135, 
        136, 
        137, 
        143, 
        150, 
        151, 
        159, 
        160, 
        163, 
        164, 
        165, 
        187, 
        192, 
        193, 
        195, 
        199], 
      "name2": "R:Q243", 
      "name1": "A:K193"
    }, 
    {
      "frames": [76], 
      "name2": "R:S79", 
      "name1": "A:C351"
    }, 
    {
      "frames": [86], 
      "name2": "R:R154", 
      "name1": "A:V34"
    }, 
    {
      "frames": [90, 
        91, 
        98, 
        101, 
        107, 
        109, 
        112, 
        113], 
      "name2": "R:Q157", 
      "name1": "A:K24"
    }, 
    {
      "frames": [102, 
        106, 
        108, 
        110, 
        111, 
        112], 
      "name2": "R:K322", 
      "name1": "A:G352"
    }, 
    {
      "frames": [107], 
      "name2": "R:K322", 
      "name1": "A:C351"
    }, 
    {
      "frames": [109], 
      "name2": "R:N246", 
      "name1": "A:A345"
    }, 
    {
      "frames": [113, 
        115, 
        116, 
        117, 
        118, 
        119, 
        120, 
        121, 
        122, 
        123, 
        124, 
        125, 
        126, 
        127, 
        128, 
        129, 
        130, 
        131, 
        132, 
        133, 
        134, 
        135, 
        136, 
        137, 
        138, 
        139, 
        140, 
        141, 
        142, 
        143, 
        144, 
        145, 
        146, 
        147, 
        148, 
        149, 
        150, 
        151, 
        152, 
        153, 
        155, 
        156, 
        157, 
        158, 
        159, 
        160, 
        161, 
        162, 
        163, 
        164, 
        165, 
        166, 
        167, 
        168, 
        169, 
        170, 
        171, 
        172, 
        173, 
        174, 
        175, 
        176, 
        177, 
        178, 
        179, 
        180, 
        181, 
        182, 
        183, 
        184, 
        185, 
        186, 
        187, 
        188, 
        189, 
        190, 
        191, 
        192, 
        193, 
        194, 
        195, 
        196, 
        197, 
        198, 
        199], 
      "name2": "R:R154", 
      "name1": "B:Q75"
    }, 
    {
      "frames": [114], 
      "name2": "R:R154", 
      "name1": "A:T220"
    }, 
    {
      "frames": [116, 
        117, 
        118, 
        119, 
        120, 
        121, 
        145, 
        146, 
        147, 
        148, 
        149, 
        150, 
        151, 
        152, 
        153, 
        154, 
        155, 
        156, 
        157, 
        158, 
        159, 
        160, 
        161, 
        162, 
        163, 
        164, 
        165, 
        166, 
        167, 
        168, 
        169, 
        170, 
        171, 
        172, 
        173, 
        174, 
        175, 
        176, 
        177, 
        178, 
        179, 
        180, 
        182, 
        183, 
        184, 
        187, 
        188, 
        189, 
        190, 
        191, 
        192, 
        193, 
        194, 
        195, 
        196, 
        197, 
        198, 
        199], 
      "name2": "R:R78", 
      "name1": "B:N313"
    }, 
    {
      "frames": [116, 
        121, 
        124, 
        126, 
        138, 
        149], 
      "name2": "R:T151", 
      "name1": "A:T340"
    }, 
    {
      "frames": [118], 
      "name2": "R:R154", 
      "name1": "B:K57"
    }, 
    {
      "frames": [122, 
        141, 
        145, 
        146, 
        147, 
        148, 
        149, 
        150, 
        151, 
        152, 
        153], 
      "name2": "R:R78", 
      "name1": "B:H311"
    }, 
    {
      "frames": [124, 
        168, 
        187], 
      "name2": "R:K76", 
      "name1": "B:H311"
    }, 
    {
      "frames": [152, 
        167], 
      "name2": "R:K248", 
      "name1": "A:R349"
    }, 
    {
      "frames": [154, 
        155, 
        156, 
        158, 
        159, 
        161, 
        162, 
        163, 
        164, 
        165, 
        169, 
        170, 
        171, 
        173, 
        174, 
        175, 
        176, 
        178, 
        179, 
        180, 
        181, 
        182, 
        183, 
        184, 
        186, 
        195, 
        198, 
        199], 
      "name2": "R:R78", 
      "name1": "B:D333"
    }, 
    {
      "frames": [158, 
        161, 
        165, 
        172, 
        175, 
        176, 
        177, 
        178, 
        183, 
        184, 
        185, 
        188, 
        189, 
        190, 
        192, 
        193, 
        196, 
        197], 
      "name2": "R:S79", 
      "name1": "A:R349"
    }, 
    {
      "frames": [180, 
        181, 
        182, 
        184, 
        186], 
      "name2": "R:K76", 
      "name1": "B:N293"
    }, 
    {
      "frames": [184], 
      "name2": "R:R78", 
      "name1": "A:R349"
    }, 
    {
      "frames": [186, 
        188], 
      "name2": "R:T151", 
      "name1": "A:K193"
    }, 
    {
      "frames": [189, 
        190, 
        191], 
      "name2": "R:Q245", 
      "name1": "A:C321"
    }, 
    {
      "frames": [189, 
        194], 
      "name2": "R:K75", 
      "name1": "B:H311"
    }, 
    {
      "frames": [191], 
      "name2": "R:V155", 
      "name1": "A:A31"
    }, 
    {
      "frames": [193], 
      "name2": "R:K76", 
      "name1": "A:R349"
    }
  ], 
  "trees": [
    {
      "treeLabel": "DefaultTree", 
      "treePaths": [
        " R.R0248.R:K248", 
        " R.R0324.R:R324", 
        " R.R0246.R:N246", 
        " A.A0029.A:S29", 
        " A.A0321.A:C321", 
        " R.R0150.R:A150", 
        " A.A0352.A:G352", 
        " A.A0350.A:G350", 
        " B.B0312.B:D312", 
        " A.A0194.A:N194", 
        " A.A0024.A:K24", 
        " A.A0031.A:A31", 
        " R.R0252.R:A252", 
        " B.B0057.B:K57", 
        " R.R0319.R:I319", 
        " R.R0322.R:K322", 
        " A.A0333.A:Q333", 
        " A.A0348.A:L348", 
        " A.A0341.A:D341", 
        " A.A0318.A:E318", 
        " R.R0143.R:R143", 
        " B.B0310.B:G310", 
        " R.R0316.R:Y316", 
        " A.A0349.A:R349", 
        " R.R0157.R:Q157", 
        " R.R0155.R:V155", 
        " B.B0293.B:N293", 
        " B.B0313.B:N313", 
        " R.R0159.R:K159", 
        " A.A0320.A:Y320", 
        " R.R0326.R:Y326", 
        " A.A0338.A:A338", 
        " A.A0343.A:I343", 
        " R.R0160.R:R160", 
        " R.R0154.R:R154", 
        " R.R0080.R:M80", 
        " R.R0325.R:N325", 
        " A.A0028.A:I28", 
        " R.R0251.R:K251", 
        " R.R0146.R:A146", 
        " R.R0151.R:T151", 
        " A.A0351.A:C351", 
        " A.A0032.A:K32", 
        " A.A0033.A:D33", 
        " A.A0025.A:E25", 
        " A.A0034.A:V34", 
        " B.B0075.B:Q75", 
        " R.R0152.R:K152", 
        " B.B0311.B:H311", 
        " R.R0076.R:K76", 
        " R.R0245.R:Q245", 
        " R.R0075.R:K75", 
        " A.A0345.A:A345", 
        " R.R0243.R:Q243", 
        " R.R0079.R:S79", 
        " A.A0353.A:L353", 
        " B.B0333.B:D333", 
        " R.R0078.R:R78", 
        " A.A0315.A:P315", 
        " A.A0193.A:K193", 
        " A.A0220.A:T220", 
        " A.A0340.A:T340", 
        " A.A0347.A:N347", 
        " A.A0346.A:N346", 
        " A.A0337.A:D337", 
        " R.R0321.R:Q321", 
        " A.A0354.A:Y354", 
        " R.R0247.R:S247", 
        " R.R0081.R:T81"
      ]
    }
  ]
}