#	total_frames:200	interaction_types:hbbb,hbsb,hbss
#	Columns:	residue_1,	residue_2	frame_count	contact_frequency
B:ASP:333	R:ARG:78	0.140
A:SER:29	R:ARG:160	0.715
A:ILE:28	R:GLN:157	0.015
A:GLY:350	R:LYS:322	0.115
A:GLU:318	R:LYS:248	0.040
A:LEU:353	R:GLN:321	0.585
A:ASP:341	R:GLN:245	0.685
B:ASP:312	R:LYS:76	0.240
A:ASN:346	R:LYS:159	0.005
A:ASP:33	R:ARG:154	0.745
A:GLY:352	R:ARG:143	0.440
B:ASN:313	R:LYS:76	0.005
A:ASP:341	R:ASN:246	0.155
A:GLY:352	R:TYR:316	0.010
A:SER:29	R:GLN:157	0.535
A:GLY:350	R:SER:79	0.745
A:ALA:345	R:ASN:246	0.005
A:ARG:349	R:GLN:321	0.195
A:ARG:349	R:LYS:76	0.005
A:GLU:25	R:GLN:157	0.090
A:ARG:349	R:LYS:322	0.195
A:ILE:28	R:ARG:160	0.230
A:TYR:320	R:ASN:246	0.090
B:LYS:57	R:ARG:154	0.005
A:ALA:31	R:VAL:155	0.005
A:ILE:343	R:ARG:154	0.015
A:ARG:349	R:ASN:325	0.555
A:LYS:193	R:GLN:243	0.115
A:LYS:32	R:ARG:154	0.835
A:ARG:349	R:TYR:326	0.360
A:GLY:350	R:THR:81	0.110
A:GLU:318	R:SER:247	0.125
A:TYR:320	R:GLN:245	0.850
A:LYS:32	R:VAL:155	0.050
A:ASN:194	R:LYS:152	0.045
A:PRO:315	R:SER:247	0.060
A:GLY:352	R:GLN:321	0.045
B:HIS:311	R:LYS:76	0.015
B:HIS:311	R:LYS:75	0.010
B:GLY:310	R:LYS:76	0.140
A:THR:340	R:ALA:150	0.005
B:ASP:312	R:ARG:78	0.470
A:ILE:28	R:ARG:154	0.005
A:ASN:347	R:LYS:159	0.755
A:ALA:345	R:LYS:248	0.070
B:ASN:313	R:ARG:78	0.290
A:CYS:351	R:THR:81	0.315
A:TYR:354	R:ALA:252	0.165
A:GLY:350	R:MET:80	0.220
A:ASN:194	R:THR:151	0.565
A:CYS:351	R:LYS:322	0.005
A:PRO:315	R:LYS:248	0.135
A:ASN:347	R:ARG:154	0.095
A:CYS:351	R:SER:79	0.005
A:GLU:318	R:ASN:246	0.245
A:ALA:31	R:ARG:154	0.895
A:ARG:349	R:ARG:78	0.005
B:HIS:311	R:ARG:78	0.055
A:CYS:351	R:ARG:143	0.705
A:TYR:354	R:LYS:251	0.025
A:TYR:354	R:ARG:324	0.795
A:VAL:34	R:ARG:154	0.005
A:ALA:338	R:GLN:245	0.005
A:CYS:321	R:GLN:245	0.015
A:LYS:193	R:THR:151	0.010
A:TYR:354	R:GLN:321	0.200
A:ASN:347	R:ALA:146	0.545
A:ARG:349	R:LYS:248	0.010
A:SER:29	R:ARG:154	0.005
B:ASN:293	R:LYS:76	0.025
A:LEU:348	R:GLN:321	0.095
A:GLY:352	R:LYS:322	0.030
A:TYR:354	R:ILE:319	0.070
A:TYR:354	R:LYS:248	0.035
A:THR:220	R:ARG:154	0.005
A:ASP:337	R:GLN:245	0.180
B:ASP:312	R:LYS:75	0.125
B:GLN:75	R:ARG:154	0.425
A:GLN:333	R:GLN:243	0.330
A:ASP:337	R:GLN:243	0.145
A:THR:340	R:THR:151	0.030
A:ARG:349	R:SER:79	0.090
A:LEU:353	R:LYS:248	0.035
A:LYS:24	R:GLN:157	0.040
