#	total_frames:200	interaction_types:hbbb,hbsb,hbss
#	Columns:	residue_1,	residue_2	frame_count	contact_frequency
A:ILE:28	R:GLN:157	0.010
A:LYS:32	R:HIS:154	0.070
B:ASP:333	R:LYS:75	0.055
A:ASN:346	R:LYS:159	0.245
A:ASN:347	R:ALA:150	0.005
A:ILE:28	R:LYS:159	0.175
A:LYS:32	R:CYS:156	0.005
A:PHE:260	R:ASN:325	0.005
A:LEU:23	R:ARG:78	0.055
A:ARG:349	R:LYS:322	0.055
A:ASP:26	R:GLN:157	0.015
A:GLY:350	R:THR:81	0.890
A:TYR:320	R:GLN:245	0.960
A:ASN:194	R:THR:151	0.615
A:PHE:259	R:TYR:326	0.360
B:HIS:311	R:TRP:335	0.250
A:ASN:347	R:ALA:146	0.685
B:TRP:332	R:LYS:76	0.395
B:ASP:312	R:LYS:75	0.190
A:ARG:349	R:LYS:248	0.105
A:LYS:258	R:ASN:325	0.175
A:PRO:315	R:GLN:321	0.005
A:CYS:351	R:ARG:143	0.940
A:TYR:354	R:LYS:251	0.210
A:SER:314	R:ARG:324	0.005
A:ALA:31	R:LYS:159	0.005
B:ASP:333	R:ARG:78	0.010
A:ARG:349	R:LYS:159	0.010
A:ASP:341	R:GLN:245	0.385
A:GLY:350	R:SER:79	0.060
A:ARG:349	R:GLN:321	0.140
A:LYS:32	R:MET:155	0.070
A:TYR:354	R:HIS:250	0.010
B:HIS:311	R:LYS:75	0.010
B:LEU:55	R:LYS:76	0.010
A:ASN:194	R:HIS:154	0.005
A:ASN:347	R:LYS:159	0.325
A:ALA:345	R:LYS:248	0.515
A:ARG:313	R:ASP:333	0.010
A:GLU:318	R:ASN:246	0.075
A:LYS:193	R:THR:151	0.025
B:ASP:312	R:TRP:335	0.160
B:ASP:312	R:LYS:76	0.210
A:ASP:262	R:LYS:248	0.210
A:ASP:337	R:GLN:245	0.340
A:GLU:25	R:ARG:160	0.490
A:TYR:354	R:GLN:321	0.855
A:ARG:349	R:SER:79	0.015
A:ASN:257	R:LYS:329	0.005
A:SER:314	R:GLN:321	0.015
A:SER:29	R:ARG:160	0.195
A:GLU:318	R:SER:247	0.720
A:GLU:318	R:LYS:248	0.035
A:LEU:353	R:GLN:321	0.025
A:ASN:316	R:GLN:321	0.050
A:LYS:258	R:ASP:333	0.085
A:GLY:352	R:ARG:143	0.075
A:TYR:354	R:ILE:319	0.055
A:ALA:345	R:ASN:246	0.075
A:LYS:24	R:ARG:160	0.280
A:SER:314	R:LYS:329	0.050
A:ILE:261	R:LYS:248	0.020
A:ARG:349	R:TYR:326	0.035
A:SER:29	R:ALA:153	0.005
A:TYR:320	R:ASN:246	0.015
A:ALA:31	R:GLN:157	0.010
A:PRO:315	R:SER:247	0.645
B:ASN:313	R:TRP:335	0.005
A:LYS:24	R:ARG:78	0.085
A:PHE:259	R:LYS:76	0.005
A:PRO:315	R:LYS:248	0.035
A:PHE:260	R:LYS:329	0.005
A:ASN:194	R:MET:155	0.045
A:ASN:316	R:LYS:329	0.005
A:SER:29	R:LYS:159	0.580
B:SER:334	R:LYS:75	0.205
A:ASN:316	R:ASN:325	0.030
B:ASN:313	R:LYS:76	0.035
A:LYS:258	R:LYS:329	0.045
A:ASP:341	R:ASN:246	0.370
A:SER:29	R:GLN:157	0.330
A:ALA:31	R:HIS:154	0.025
A:GLU:25	R:GLN:157	0.050
A:ILE:28	R:ARG:160	0.025
A:ASN:316	R:LYS:248	0.035
B:ASN:313	R:LYS:75	0.050
A:CYS:351	R:THR:81	0.030
A:ALA:345	R:GLN:321	0.005
B:SER:334	R:ARG:78	0.255
A:TYR:354	R:ARG:324	0.245
A:ASP:26	R:ARG:160	0.175
B:ASP:333	R:LYS:76	0.105
A:ALA:30	R:GLN:157	0.005
A:SER:29	R:ALA:158	0.115
A:TYR:354	R:LYS:248	0.125
A:THR:340	R:THR:151	0.010
A:GLY:350	R:MET:80	0.185
