{
  "tracks": [
    {
      "trackProperties": [
        {
          "color": " #CC33EE", 
          "nodeName": "R:K248", 
          "size": 1.0
        }, 
        {
          "color": " #CC33EE", 
          "nodeName": "R:K75", 
          "size": 1.0
        }, 
        {
          "color": " #00FF00", 
          "nodeName": "A:E318", 
          "size": 1.0
        }, 
        {
          "color": " #CC33EE", 
          "nodeName": "R:R160", 
          "size": 1.0
        }, 
        {
          "color": " #00FF00", 
          "nodeName": "A:D262", 
          "size": 1.0
        }, 
        {
          "color": " #FFEC2B", 
          "nodeName": "B:D312", 
          "size": 1.0
        }, 
        {
          "color": " #00FF00", 
          "nodeName": "A:E25", 
          "size": 1.0
        }, 
        {
          "color": " #00FF00", 
          "nodeName": "A:D26", 
          "size": 1.0
        }, 
        {
          "color": " #00FF00", 
          "nodeName": "A:R313", 
          "size": 1.0
        }, 
        {
          "color": " #00FF00", 
          "nodeName": "A:K258", 
          "size": 1.0
        }, 
        {
          "color": " #CC33EE", 
          "nodeName": "R:D333", 
          "size": 1.0
        }, 
        {
          "color": " #FFEC2B", 
          "nodeName": "B:D333", 
          "size": 1.0
        }, 
        {
          "color": " #CC33EE", 
          "nodeName": "R:K76", 
          "size": 1.0
        }
      ], 
      "trackLabel": "DefaultTrack"
    }
  ], 
  "edges": [
    {
      "frames": [1, 
        3, 
        4, 
        9, 
        11, 
        13, 
        14, 
        17, 
        20, 
        23, 
        27, 
        41, 
        46, 
        47, 
        48, 
        50, 
        51, 
        52, 
        53, 
        54, 
        56, 
        58, 
        59, 
        61, 
        62, 
        63, 
        65, 
        67, 
        69, 
        70, 
        71, 
        72, 
        73, 
        75, 
        76, 
        77, 
        79], 
      "name2": "R:K75", 
      "name1": "B:D312"
    }, 
    {
      "frames": [8, 
        10, 
        11, 
        12, 
        13, 
        14, 
        15, 
        25, 
        26], 
      "name2": "R:K248", 
      "name1": "A:E318"
    }, 
    {
      "frames": [49, 
        62, 
        63, 
        64, 
        66, 
        67, 
        68, 
        71, 
        73, 
        74, 
        75, 
        76, 
        77, 
        78, 
        79, 
        81, 
        82, 
        83, 
        84, 
        85, 
        86, 
        87, 
        88, 
        89, 
        90, 
        91, 
        92, 
        93, 
        94, 
        95, 
        96, 
        97, 
        98, 
        99, 
        100, 
        101, 
        102, 
        103, 
        104, 
        105, 
        106, 
        107, 
        108, 
        167, 
        168, 
        169, 
        170, 
        171, 
        172, 
        173, 
        174, 
        175, 
        176, 
        177, 
        182, 
        187, 
        196, 
        199], 
      "name2": "R:R160", 
      "name1": "A:E25"
    }, 
    {
      "frames": [63, 
        64, 
        65, 
        66, 
        67, 
        68, 
        69, 
        70, 
        71, 
        72, 
        73, 
        74, 
        75, 
        76, 
        77, 
        78, 
        79, 
        80, 
        81, 
        82, 
        83, 
        84, 
        85, 
        86, 
        87, 
        88, 
        89, 
        90, 
        91, 
        92, 
        93, 
        94, 
        95, 
        97, 
        98, 
        99, 
        100, 
        101, 
        102, 
        103], 
      "name2": "R:R160", 
      "name1": "A:D26"
    }, 
    {
      "frames": [79, 
        81, 
        91, 
        105, 
        126, 
        132, 
        144, 
        152, 
        154, 
        158, 
        168, 
        172, 
        176, 
        177, 
        187, 
        192, 
        195, 
        196], 
      "name2": "R:K75", 
      "name1": "B:D333"
    }, 
    {
      "frames": [79, 
        80, 
        82, 
        83, 
        89, 
        91, 
        95, 
        96, 
        183, 
        188], 
      "name2": "R:D333", 
      "name1": "A:K258"
    }, 
    {
      "frames": [100, 
        101], 
      "name2": "R:D333", 
      "name1": "A:R313"
    }, 
    {
      "frames": [108, 
        109, 
        111, 
        113, 
        115, 
        116, 
        117, 
        119, 
        122, 
        124, 
        125, 
        126, 
        127, 
        128, 
        129, 
        130, 
        131, 
        132, 
        133, 
        134, 
        135, 
        136, 
        137, 
        138, 
        139, 
        147, 
        148, 
        150, 
        154, 
        156, 
        157, 
        158, 
        159, 
        161, 
        162, 
        164, 
        165, 
        167, 
        168, 
        170, 
        171, 
        172, 
        173, 
        174, 
        175, 
        176, 
        177, 
        178, 
        179, 
        180, 
        182, 
        183, 
        184, 
        185, 
        187, 
        190, 
        192, 
        199], 
      "name2": "R:K248", 
      "name1": "A:D262"
    }, 
    {
      "frames": [151, 
        153, 
        154, 
        155, 
        156, 
        157, 
        159, 
        165, 
        168, 
        169, 
        173, 
        174, 
        178, 
        179, 
        180, 
        181, 
        182, 
        183, 
        184, 
        185, 
        186, 
        187, 
        189, 
        190, 
        191, 
        192, 
        194, 
        196, 
        197, 
        198, 
        199], 
      "name2": "R:K76", 
      "name1": "B:D333"
    }
  ], 
  "trees": [
    {
      "treeLabel": "DefaultTree", 
      "treePaths": [
        " R.R0248.R:K248", 
        " R.R0075.R:K75", 
        " A.A0318.A:E318", 
        " R.R0160.R:R160", 
        " A.A0262.A:D262", 
        " B.B0312.B:D312", 
        " A.A0025.A:E25", 
        " A.A0026.A:D26", 
        " A.A0313.A:R313", 
        " A.A0258.A:K258", 
        " R.R0333.R:D333", 
        " B.B0333.B:D333", 
        " R.R0076.R:K76"
      ]
    }
  ]
}