{
  "tracks": [
    {
      "trackProperties": [
        {
          "color": " #CC33EE", 
          "nodeName": "R:A150", 
          "size": 1.0
        }, 
        {
          "color": " #CC33EE", 
          "nodeName": "R:A158", 
          "size": 1.0
        }, 
        {
          "color": " #CC33EE", 
          "nodeName": "R:R324", 
          "size": 1.0
        }, 
        {
          "color": " #CC33EE", 
          "nodeName": "R:N246", 
          "size": 1.0
        }, 
        {
          "color": " #00FF00", 
          "nodeName": "A:S29", 
          "size": 1.0
        }, 
        {
          "color": " #CC33EE", 
          "nodeName": "R:K248", 
          "size": 1.0
        }, 
        {
          "color": " #00FF00", 
          "nodeName": "A:F259", 
          "size": 1.0
        }, 
        {
          "color": " #CC33EE", 
          "nodeName": "R:A153", 
          "size": 1.0
        }, 
        {
          "color": " #00FF00", 
          "nodeName": "A:G352", 
          "size": 1.0
        }, 
        {
          "color": " #CC33EE", 
          "nodeName": "R:H250", 
          "size": 1.0
        }, 
        {
          "color": " #00FF00", 
          "nodeName": "A:G350", 
          "size": 1.0
        }, 
        {
          "color": " #00FF00", 
          "nodeName": "A:Y354", 
          "size": 1.0
        }, 
        {
          "color": " #00FF00", 
          "nodeName": "A:N194", 
          "size": 1.0
        }, 
        {
          "color": " #00FF00", 
          "nodeName": "A:K24", 
          "size": 1.0
        }, 
        {
          "color": " #00FF00", 
          "nodeName": "A:A30", 
          "size": 1.0
        }, 
        {
          "color": " #00FF00", 
          "nodeName": "A:A31", 
          "size": 1.0
        }, 
        {
          "color": " #00FF00", 
          "nodeName": "A:I261", 
          "size": 1.0
        }, 
        {
          "color": " #CC33EE", 
          "nodeName": "R:I319", 
          "size": 1.0
        }, 
        {
          "color": " #CC33EE", 
          "nodeName": "R:K322", 
          "size": 1.0
        }, 
        {
          "color": " #CC33EE", 
          "nodeName": "R:D333", 
          "size": 1.0
        }, 
        {
          "color": " #CC33EE", 
          "nodeName": "R:W335", 
          "size": 1.0
        }, 
        {
          "color": " #00FF00", 
          "nodeName": "A:D341", 
          "size": 1.0
        }, 
        {
          "color": " #00FF00", 
          "nodeName": "A:E318", 
          "size": 1.0
        }, 
        {
          "color": " #CC33EE", 
          "nodeName": "R:R143", 
          "size": 1.0
        }, 
        {
          "color": " #00FF00", 
          "nodeName": "A:D262", 
          "size": 1.0
        }, 
        {
          "color": " #00FF00", 
          "nodeName": "A:N257", 
          "size": 1.0
        }, 
        {
          "color": " #CC33EE", 
          "nodeName": "R:S247", 
          "size": 1.0
        }, 
        {
          "color": " #00FF00", 
          "nodeName": "A:R349", 
          "size": 1.0
        }, 
        {
          "color": " #CC33EE", 
          "nodeName": "R:Q157", 
          "size": 1.0
        }, 
        {
          "color": " #CC33EE", 
          "nodeName": "R:R160", 
          "size": 1.0
        }, 
        {
          "color": " #00FF00", 
          "nodeName": "A:S314", 
          "size": 1.0
        }, 
        {
          "color": " #00FF00", 
          "nodeName": "A:N346", 
          "size": 1.0
        }, 
        {
          "color": " #FFEC2B", 
          "nodeName": "B:N313", 
          "size": 1.0
        }, 
        {
          "color": " #00FF00", 
          "nodeName": "A:F260", 
          "size": 1.0
        }, 
        {
          "color": " #00FF00", 
          "nodeName": "A:Y320", 
          "size": 1.0
        }, 
        {
          "color": " #CC33EE", 
          "nodeName": "R:Y326", 
          "size": 1.0
        }, 
        {
          "color": " #00FF00", 
          "nodeName": "A:N316", 
          "size": 1.0
        }, 
        {
          "color": " #CC33EE", 
          "nodeName": "R:M80", 
          "size": 1.0
        }, 
        {
          "color": " #CC33EE", 
          "nodeName": "R:K251", 
          "size": 1.0
        }, 
        {
          "color": " #CC33EE", 
          "nodeName": "R:K329", 
          "size": 1.0
        }, 
        {
          "color": " #CC33EE", 
          "nodeName": "R:H154", 
          "size": 1.0
        }, 
        {
          "color": " #CC33EE", 
          "nodeName": "R:N325", 
          "size": 1.0
        }, 
        {
          "color": " #00FF00", 
          "nodeName": "A:I28", 
          "size": 1.0
        }, 
        {
          "color": " #FFEC2B", 
          "nodeName": "B:D312", 
          "size": 1.0
        }, 
        {
          "color": " #CC33EE", 
          "nodeName": "R:A146", 
          "size": 1.0
        }, 
        {
          "color": " #FFEC2B", 
          "nodeName": "B:W332", 
          "size": 1.0
        }, 
        {
          "color": " #00FF00", 
          "nodeName": "A:C351", 
          "size": 1.0
        }, 
        {
          "color": " #00FF00", 
          "nodeName": "A:K32", 
          "size": 1.0
        }, 
        {
          "color": " #CC33EE", 
          "nodeName": "R:K159", 
          "size": 1.0
        }, 
        {
          "color": " #00FF00", 
          "nodeName": "A:E25", 
          "size": 1.0
        }, 
        {
          "color": " #FFEC2B", 
          "nodeName": "B:L55", 
          "size": 1.0
        }, 
        {
          "color": " #CC33EE", 
          "nodeName": "R:C156", 
          "size": 1.0
        }, 
        {
          "color": " #00FF00", 
          "nodeName": "A:R313", 
          "size": 1.0
        }, 
        {
          "color": " #FFEC2B", 
          "nodeName": "B:S334", 
          "size": 1.0
        }, 
        {
          "color": " #FFEC2B", 
          "nodeName": "B:H311", 
          "size": 1.0
        }, 
        {
          "color": " #CC33EE", 
          "nodeName": "R:K76", 
          "size": 1.0
        }, 
        {
          "color": " #CC33EE", 
          "nodeName": "R:Q245", 
          "size": 1.0
        }, 
        {
          "color": " #CC33EE", 
          "nodeName": "R:K75", 
          "size": 1.0
        }, 
        {
          "color": " #00FF00", 
          "nodeName": "A:A345", 
          "size": 1.0
        }, 
        {
          "color": " #CC33EE", 
          "nodeName": "R:S79", 
          "size": 1.0
        }, 
        {
          "color": " #00FF00", 
          "nodeName": "A:L353", 
          "size": 1.0
        }, 
        {
          "color": " #FFEC2B", 
          "nodeName": "B:D333", 
          "size": 1.0
        }, 
        {
          "color": " #CC33EE", 
          "nodeName": "R:R78", 
          "size": 1.0
        }, 
        {
          "color": " #00FF00", 
          "nodeName": "A:P315", 
          "size": 1.0
        }, 
        {
          "color": " #00FF00", 
          "nodeName": "A:K193", 
          "size": 1.0
        }, 
        {
          "color": " #CC33EE", 
          "nodeName": "R:T151", 
          "size": 1.0
        }, 
        {
          "color": " #00FF00", 
          "nodeName": "A:T340", 
          "size": 1.0
        }, 
        {
          "color": " #00FF00", 
          "nodeName": "A:N347", 
          "size": 1.0
        }, 
        {
          "color": " #00FF00", 
          "nodeName": "A:D26", 
          "size": 1.0
        }, 
        {
          "color": " #00FF00", 
          "nodeName": "A:D337", 
          "size": 1.0
        }, 
        {
          "color": " #CC33EE", 
          "nodeName": "R:Q321", 
          "size": 1.0
        }, 
        {
          "color": " #00FF00", 
          "nodeName": "A:K258", 
          "size": 1.0
        }, 
        {
          "color": " #00FF00", 
          "nodeName": "A:L23", 
          "size": 1.0
        }, 
        {
          "color": " #CC33EE", 
          "nodeName": "R:M155", 
          "size": 1.0
        }, 
        {
          "color": " #CC33EE", 
          "nodeName": "R:T81", 
          "size": 1.0
        }
      ], 
      "trackLabel": "DefaultTrack"
    }
  ], 
  "edges": [
    {
      "frames": [0, 
        1, 
        5, 
        6, 
        9, 
        10, 
        12, 
        13, 
        14, 
        16, 
        17, 
        18, 
        20, 
        21, 
        22, 
        23, 
        24, 
        25, 
        27, 
        28, 
        29, 
        30, 
        31, 
        32, 
        33, 
        35, 
        36, 
        37, 
        38, 
        39, 
        40, 
        43, 
        44, 
        45, 
        47, 
        48, 
        50, 
        52, 
        54, 
        55, 
        56, 
        57, 
        62, 
        63, 
        64, 
        65, 
        66, 
        67, 
        69, 
        73, 
        74, 
        76, 
        77, 
        78, 
        79, 
        80, 
        81, 
        82, 
        83, 
        84, 
        86, 
        88, 
        91, 
        92, 
        95, 
        97, 
        98, 
        100, 
        101, 
        102, 
        103, 
        104, 
        105, 
        107, 
        108, 
        109, 
        112, 
        115, 
        116, 
        118, 
        120, 
        122, 
        123, 
        125, 
        126, 
        127, 
        128, 
        129, 
        130, 
        131, 
        132, 
        133, 
        134, 
        135, 
        136, 
        138, 
        139, 
        140, 
        141, 
        142, 
        144, 
        145, 
        146, 
        148, 
        149, 
        150, 
        151, 
        152, 
        153, 
        155, 
        156, 
        157, 
        158, 
        159, 
        160, 
        162, 
        163, 
        164, 
        167, 
        168, 
        169, 
        170, 
        171, 
        172, 
        173, 
        174, 
        175, 
        176, 
        177, 
        178, 
        179, 
        180, 
        181, 
        182, 
        183, 
        184, 
        188, 
        190, 
        191, 
        193, 
        194, 
        196, 
        197, 
        198], 
      "name2": "R:S247", 
      "name1": "A:E318"
    }, 
    {
      "frames": [0, 
        1, 
        2, 
        5, 
        14], 
      "name2": "R:Q321", 
      "name1": "A:L353"
    }, 
    {
      "frames": [0, 
        1, 
        2, 
        4, 
        6, 
        7, 
        8, 
        11, 
        20, 
        21, 
        23, 
        24, 
        25, 
        38, 
        40, 
        41, 
        42, 
        44, 
        45, 
        47, 
        48, 
        49, 
        50, 
        51, 
        52, 
        53, 
        54, 
        55, 
        56, 
        57, 
        58, 
        59, 
        60, 
        61, 
        62, 
        63, 
        64, 
        65, 
        66, 
        67, 
        68, 
        71], 
      "name2": "R:K76", 
      "name1": "B:D312"
    }, 
    {
      "frames": [0, 
        1, 
        2, 
        3, 
        4, 
        6, 
        7, 
        8, 
        10, 
        11, 
        13, 
        14, 
        15, 
        16, 
        19], 
      "name2": "R:R143", 
      "name1": "A:G352"
    }, 
    {
      "frames": [0, 
        1, 
        7, 
        10, 
        18, 
        20, 
        21, 
        27, 
        33, 
        34, 
        35, 
        36, 
        48, 
        52], 
      "name2": "R:M155", 
      "name1": "A:K32"
    }, 
    {
      "frames": [0, 
        1, 
        2, 
        5, 
        6, 
        7, 
        8, 
        9, 
        10, 
        11, 
        12, 
        19, 
        20, 
        21, 
        22, 
        23, 
        24, 
        25, 
        26, 
        28, 
        29, 
        30, 
        31, 
        32, 
        33, 
        34, 
        35, 
        36, 
        37, 
        38, 
        40, 
        41, 
        42, 
        43, 
        44, 
        45, 
        46, 
        47, 
        50, 
        52, 
        53, 
        54, 
        56, 
        57, 
        58, 
        60, 
        61, 
        63, 
        64, 
        65, 
        67, 
        68, 
        69, 
        70, 
        71, 
        72, 
        73, 
        74, 
        75, 
        77, 
        78, 
        79, 
        80, 
        81, 
        82, 
        83, 
        84, 
        85, 
        86, 
        87, 
        89, 
        90, 
        91, 
        92, 
        93, 
        94, 
        97, 
        99, 
        100, 
        102, 
        103, 
        104, 
        105, 
        106, 
        108, 
        109, 
        110, 
        111, 
        112, 
        113, 
        114, 
        115, 
        116, 
        117, 
        118, 
        119, 
        120, 
        121, 
        122, 
        123, 
        124, 
        125, 
        126, 
        127, 
        128, 
        129, 
        131, 
        132, 
        133, 
        134, 
        135, 
        136, 
        137, 
        138, 
        139, 
        140, 
        141, 
        142, 
        143, 
        144, 
        145, 
        146, 
        147, 
        148, 
        149, 
        150, 
        151, 
        152, 
        153, 
        154, 
        155, 
        156, 
        157, 
        158, 
        159, 
        160, 
        161, 
        163, 
        165, 
        166, 
        167, 
        168, 
        170, 
        171, 
        172, 
        173, 
        174, 
        175, 
        176, 
        177, 
        178, 
        179, 
        181, 
        182, 
        183, 
        184, 
        185, 
        186, 
        187, 
        188, 
        189, 
        190, 
        191, 
        192, 
        193, 
        194, 
        195, 
        196, 
        197, 
        198, 
        199], 
      "name2": "R:Q321", 
      "name1": "A:Y354"
    }, 
    {
      "frames": [0, 
        1, 
        30, 
        43, 
        132, 
        138, 
        147, 
        177, 
        182, 
        183, 
        193, 
        197], 
      "name2": "R:S79", 
      "name1": "A:G350"
    }, 
    {
      "frames": [1, 
        2, 
        4, 
        5, 
        6, 
        7, 
        9, 
        10, 
        11, 
        12, 
        13, 
        14, 
        15, 
        22, 
        26, 
        42, 
        45, 
        46, 
        47, 
        51, 
        54, 
        61, 
        64, 
        65, 
        72, 
        79, 
        81, 
        84, 
        87, 
        88, 
        90, 
        100, 
        101, 
        117, 
        130, 
        139, 
        149, 
        170, 
        178, 
        180, 
        195, 
        196], 
      "name2": "R:K251", 
      "name1": "A:Y354"
    }, 
    {
      "frames": [1, 
        2, 
        3, 
        18, 
        21, 
        34, 
        43, 
        52, 
        138, 
        142, 
        158, 
        164, 
        175, 
        189], 
      "name2": "R:H154", 
      "name1": "A:K32"
    }, 
    {
      "frames": [1, 
        5, 
        6, 
        7, 
        8, 
        9, 
        10, 
        11, 
        12, 
        13, 
        14, 
        15, 
        19, 
        20, 
        21, 
        28, 
        35, 
        44, 
        47, 
        55, 
        56, 
        63, 
        64, 
        68, 
        70, 
        81, 
        82, 
        84, 
        85, 
        86, 
        87, 
        90, 
        93, 
        94, 
        95, 
        100, 
        101, 
        102, 
        104, 
        106, 
        107, 
        108, 
        112, 
        113, 
        114, 
        115, 
        116, 
        119, 
        122, 
        123, 
        124, 
        131, 
        132, 
        133, 
        137, 
        139, 
        140, 
        143, 
        147, 
        149, 
        150, 
        151, 
        153, 
        193, 
        199], 
      "name2": "R:K159", 
      "name1": "A:N347"
    }, 
    {
      "frames": [1, 
        3, 
        4, 
        6, 
        10, 
        11, 
        12, 
        13, 
        14, 
        19, 
        22, 
        23, 
        27, 
        29, 
        31, 
        33, 
        34, 
        38, 
        39, 
        40, 
        42, 
        50, 
        65, 
        70, 
        71, 
        79, 
        81, 
        89, 
        100, 
        110, 
        113, 
        114, 
        115, 
        116, 
        117, 
        119, 
        120, 
        121, 
        122, 
        125, 
        127, 
        128, 
        132, 
        133, 
        134, 
        137, 
        138, 
        139, 
        140, 
        141, 
        144, 
        150, 
        153, 
        155, 
        156, 
        157, 
        161, 
        164, 
        166, 
        171, 
        173, 
        174, 
        177, 
        181, 
        182, 
        183, 
        184, 
        185, 
        187, 
        188, 
        189, 
        190, 
        191, 
        192, 
        193, 
        196, 
        198], 
      "name2": "R:Q245", 
      "name1": "A:D341"
    }, 
    {
      "frames": [1, 
        3, 
        4, 
        13, 
        14, 
        20, 
        27, 
        41, 
        46, 
        47, 
        48, 
        50, 
        51, 
        52, 
        53, 
        54, 
        58, 
        61, 
        62, 
        63, 
        65, 
        69, 
        70, 
        71, 
        72, 
        75, 
        76, 
        77, 
        86, 
        87, 
        95, 
        98, 
        110, 
        111, 
        112, 
        115, 
        120, 
        168], 
      "name2": "R:K75", 
      "name1": "B:D312"
    }, 
    {
      "frames": [1, 
        4, 
        23, 
        44, 
        78, 
        79, 
        84], 
      "name2": "R:K76", 
      "name1": "B:N313"
    }, 
    {
      "frames": [1, 
        9, 
        52, 
        54, 
        55, 
        62, 
        63, 
        64, 
        74, 
        83, 
        84], 
      "name2": "R:K322", 
      "name1": "A:R349"
    }, 
    {
      "frames": [1, 
        4, 
        5, 
        6, 
        7, 
        9, 
        10, 
        11, 
        12, 
        13, 
        14, 
        15, 
        16, 
        17, 
        18, 
        19, 
        20, 
        21, 
        22, 
        23, 
        24, 
        25, 
        26, 
        27, 
        28, 
        29, 
        30, 
        31, 
        32, 
        33, 
        34, 
        35, 
        36, 
        37, 
        38, 
        39, 
        40, 
        41, 
        42, 
        43, 
        44, 
        45, 
        46, 
        47, 
        49, 
        50, 
        51, 
        52, 
        53, 
        54, 
        55, 
        56, 
        57, 
        58, 
        59, 
        60, 
        61, 
        62, 
        63, 
        64, 
        65, 
        66, 
        67, 
        68, 
        69, 
        70, 
        71, 
        72, 
        73, 
        74, 
        75, 
        76, 
        77, 
        78, 
        79, 
        80, 
        81, 
        82, 
        83, 
        84, 
        85, 
        86, 
        87, 
        88, 
        89, 
        90, 
        91, 
        92, 
        94, 
        95, 
        96, 
        97, 
        98, 
        99, 
        100, 
        101, 
        102, 
        103, 
        104, 
        105, 
        106, 
        107, 
        108, 
        109, 
        110, 
        111, 
        112, 
        113, 
        114, 
        115, 
        116, 
        117, 
        118, 
        119, 
        120, 
        121, 
        122, 
        123, 
        124, 
        125, 
        126, 
        127, 
        128, 
        129, 
        130, 
        131, 
        132, 
        133, 
        134, 
        135, 
        136, 
        137, 
        138, 
        139, 
        140, 
        141, 
        142, 
        143, 
        144, 
        145, 
        147, 
        148, 
        149, 
        150, 
        151, 
        152, 
        153, 
        154, 
        155, 
        156, 
        157, 
        158, 
        159, 
        160, 
        161, 
        162, 
        163, 
        164, 
        165, 
        166, 
        167, 
        168, 
        169, 
        170, 
        171, 
        172, 
        173, 
        174, 
        175, 
        176, 
        177, 
        178, 
        179, 
        180, 
        181, 
        182, 
        183, 
        184, 
        185, 
        186, 
        187, 
        188, 
        189, 
        190, 
        191, 
        192, 
        194, 
        195, 
        196, 
        197, 
        198, 
        199], 
      "name2": "R:Q245", 
      "name1": "A:Y320"
    }, 
    {
      "frames": [2, 
        3, 
        4, 
        6, 
        7, 
        8, 
        9, 
        10, 
        11, 
        12, 
        13, 
        14, 
        15, 
        16, 
        17, 
        18, 
        19, 
        20, 
        21, 
        22, 
        23, 
        24, 
        26, 
        27, 
        28, 
        29, 
        30, 
        31, 
        32, 
        33, 
        34, 
        35, 
        36, 
        37, 
        38, 
        39, 
        40, 
        41, 
        42, 
        43, 
        44, 
        46, 
        47, 
        48, 
        49, 
        50, 
        51, 
        52, 
        53, 
        54, 
        55, 
        56, 
        57, 
        58, 
        59, 
        60, 
        61, 
        62, 
        63, 
        64, 
        65, 
        67, 
        68, 
        70, 
        71, 
        72, 
        73, 
        74, 
        75, 
        76, 
        77, 
        78, 
        80, 
        81, 
        82, 
        83, 
        84, 
        85, 
        86, 
        87, 
        88, 
        89, 
        90, 
        91, 
        92, 
        93, 
        94, 
        95, 
        96, 
        97, 
        98, 
        99, 
        100, 
        101, 
        102, 
        103, 
        104, 
        105, 
        106, 
        107, 
        109, 
        111, 
        112, 
        113, 
        114, 
        115, 
        116, 
        117, 
        118, 
        119, 
        120, 
        121, 
        122, 
        123, 
        124, 
        125, 
        126, 
        127, 
        128, 
        129, 
        131, 
        132, 
        133, 
        134, 
        135, 
        136, 
        137, 
        138, 
        139, 
        140, 
        141, 
        142, 
        143, 
        144, 
        145, 
        146, 
        147, 
        148, 
        149, 
        150, 
        151, 
        152, 
        153, 
        154, 
        156, 
        157, 
        158, 
        159, 
        160, 
        161, 
        162, 
        163, 
        164, 
        165, 
        166, 
        167, 
        168, 
        169, 
        170, 
        171, 
        172, 
        173, 
        174, 
        175, 
        176, 
        177, 
        178, 
        179, 
        180, 
        181, 
        182, 
        183, 
        184, 
        185, 
        186, 
        187, 
        188, 
        189, 
        190, 
        191, 
        192, 
        193, 
        194, 
        195, 
        196, 
        197, 
        198, 
        199], 
      "name2": "R:R143", 
      "name1": "A:C351"
    }, 
    {
      "frames": [2, 
        3, 
        4, 
        5, 
        7, 
        8, 
        9, 
        10, 
        11, 
        12, 
        13, 
        15, 
        17, 
        19, 
        20, 
        21, 
        22, 
        24, 
        25, 
        26, 
        28, 
        34, 
        35, 
        36, 
        41, 
        43, 
        46, 
        47, 
        51, 
        53, 
        55, 
        56, 
        57, 
        58, 
        59, 
        60, 
        61, 
        62, 
        63, 
        64, 
        65, 
        66, 
        67, 
        68, 
        69, 
        70, 
        71, 
        72, 
        75, 
        76, 
        77, 
        78, 
        81, 
        86, 
        87, 
        89, 
        90, 
        93, 
        94, 
        95, 
        96, 
        97, 
        99, 
        100, 
        101, 
        103, 
        104, 
        105, 
        106, 
        107, 
        108, 
        109, 
        110, 
        112, 
        113, 
        114, 
        115, 
        116, 
        117, 
        119, 
        120, 
        122, 
        123, 
        124, 
        125, 
        126, 
        127, 
        128, 
        131, 
        135, 
        137, 
        138, 
        139, 
        140, 
        141, 
        143, 
        146, 
        147, 
        148, 
        149, 
        150, 
        152, 
        153, 
        155, 
        157, 
        158, 
        160, 
        161, 
        162, 
        167, 
        168, 
        169, 
        171, 
        172, 
        175, 
        176, 
        177, 
        178, 
        179, 
        181, 
        182, 
        183, 
        184, 
        185, 
        186, 
        187, 
        188, 
        189, 
        190, 
        191, 
        192, 
        193, 
        194, 
        195, 
        196, 
        197, 
        198], 
      "name2": "R:A146", 
      "name1": "A:N347"
    }, 
    {
      "frames": [2, 
        3, 
        4, 
        5, 
        7, 
        8, 
        9, 
        10, 
        11, 
        12, 
        13, 
        14, 
        15, 
        16, 
        17, 
        18, 
        19, 
        20, 
        21, 
        22, 
        23, 
        24, 
        25, 
        26, 
        27, 
        28, 
        30, 
        31, 
        32, 
        33, 
        34, 
        35, 
        36, 
        37, 
        38, 
        39, 
        40, 
        41, 
        42, 
        43, 
        44, 
        45, 
        46, 
        47, 
        48, 
        49, 
        51, 
        52, 
        53, 
        55, 
        56, 
        57, 
        58, 
        59, 
        60, 
        61, 
        63, 
        65, 
        68, 
        73, 
        74, 
        75, 
        77, 
        78, 
        80, 
        81, 
        82, 
        83, 
        85, 
        86, 
        87, 
        88, 
        89, 
        90, 
        91, 
        92, 
        93, 
        94, 
        95, 
        96, 
        97, 
        98, 
        99, 
        100, 
        101, 
        102, 
        103, 
        104, 
        105, 
        106, 
        107, 
        108, 
        109, 
        110, 
        112, 
        113, 
        114, 
        115, 
        116, 
        117, 
        118, 
        119, 
        120, 
        121, 
        122, 
        123, 
        124, 
        125, 
        126, 
        127, 
        128, 
        129, 
        130, 
        131, 
        132, 
        133, 
        134, 
        135, 
        136, 
        137, 
        138, 
        139, 
        140, 
        141, 
        142, 
        143, 
        144, 
        145, 
        146, 
        147, 
        148, 
        149, 
        150, 
        151, 
        152, 
        153, 
        154, 
        155, 
        156, 
        157, 
        158, 
        159, 
        160, 
        161, 
        162, 
        163, 
        164, 
        165, 
        166, 
        167, 
        168, 
        169, 
        170, 
        172, 
        173, 
        174, 
        175, 
        176, 
        177, 
        178, 
        179, 
        180, 
        182, 
        183, 
        184, 
        185, 
        186, 
        187, 
        188, 
        189, 
        190, 
        191, 
        192, 
        193, 
        195, 
        196, 
        198, 
        199], 
      "name2": "R:T81", 
      "name1": "A:G350"
    }, 
    {
      "frames": [2], 
      "name2": "R:C156", 
      "name1": "A:K32"
    }, 
    {
      "frames": [3, 
        43, 
        44, 
        46, 
        47, 
        48, 
        51, 
        53, 
        54, 
        55, 
        56, 
        57, 
        58, 
        60, 
        63, 
        64, 
        66, 
        68, 
        69, 
        70, 
        71, 
        72, 
        74, 
        75, 
        76, 
        78, 
        80, 
        81, 
        82, 
        83, 
        84, 
        85, 
        86, 
        87, 
        88, 
        93, 
        94, 
        95, 
        97, 
        101, 
        104, 
        105, 
        106, 
        107, 
        108, 
        109, 
        110, 
        111, 
        112, 
        114, 
        115, 
        116, 
        117, 
        118, 
        119, 
        120, 
        121, 
        122, 
        123, 
        124, 
        125, 
        126, 
        127, 
        128, 
        131, 
        132, 
        133, 
        134, 
        136, 
        137, 
        138, 
        139, 
        148, 
        149, 
        151, 
        152, 
        153, 
        155, 
        156, 
        157, 
        161, 
        163, 
        166, 
        169, 
        170, 
        175, 
        178, 
        179, 
        180, 
        181, 
        182, 
        183, 
        184, 
        185, 
        186, 
        187, 
        188, 
        189, 
        190, 
        191, 
        192, 
        193, 
        194], 
      "name2": "R:K248", 
      "name1": "A:A345"
    }, 
    {
      "frames": [3, 
        10, 
        11, 
        14, 
        17, 
        18, 
        20, 
        22, 
        24, 
        25, 
        26, 
        27, 
        29, 
        30, 
        32, 
        33, 
        34, 
        37, 
        45, 
        46, 
        47, 
        48, 
        49, 
        50, 
        52, 
        53, 
        54, 
        59, 
        61, 
        62, 
        65, 
        66, 
        68, 
        69, 
        75, 
        78, 
        80, 
        81, 
        91, 
        92, 
        95, 
        96, 
        99, 
        102, 
        104, 
        105, 
        106, 
        107, 
        108, 
        109, 
        111, 
        112, 
        115, 
        116, 
        123, 
        125, 
        129, 
        133, 
        134, 
        137, 
        145, 
        151, 
        154, 
        155, 
        168, 
        169, 
        170, 
        182, 
        185, 
        186, 
        190, 
        191, 
        197, 
        199], 
      "name2": "R:N246", 
      "name1": "A:D341"
    }, 
    {
      "frames": [3, 
        109], 
      "name2": "R:T151", 
      "name1": "A:T340"
    }, 
    {
      "frames": [3, 
        19], 
      "name2": "R:K75", 
      "name1": "B:H311"
    }, 
    {
      "frames": [4, 
        6], 
      "name2": "R:Q157", 
      "name1": "A:I28"
    }, 
    {
      "frames": [4, 
        5, 
        28], 
      "name2": "R:N246", 
      "name1": "A:Y320"
    }, 
    {
      "frames": [4, 
        6, 
        7, 
        9, 
        42, 
        49, 
        59, 
        62, 
        67, 
        87, 
        88, 
        89, 
        90, 
        95, 
        96, 
        98, 
        99, 
        101, 
        103, 
        107, 
        123, 
        130, 
        145, 
        169, 
        199], 
      "name2": "R:K248", 
      "name1": "A:Y354"
    }, 
    {
      "frames": [4, 
        7, 
        8, 
        13, 
        23, 
        45, 
        51, 
        59, 
        63, 
        87, 
        122, 
        127, 
        139, 
        173, 
        197], 
      "name2": "R:N246", 
      "name1": "A:E318"
    }, 
    {
      "frames": [5, 
        28, 
        38, 
        45, 
        68, 
        69, 
        76, 
        78, 
        80, 
        84, 
        86, 
        90, 
        91, 
        93, 
        96, 
        100, 
        101, 
        102, 
        105, 
        106, 
        107, 
        113, 
        116, 
        119, 
        120, 
        124, 
        131, 
        132, 
        133, 
        134, 
        138, 
        139, 
        141, 
        145, 
        146, 
        149, 
        150, 
        151, 
        153, 
        182, 
        183, 
        188, 
        189, 
        191, 
        192, 
        195, 
        196, 
        198, 
        199], 
      "name2": "R:K159", 
      "name1": "A:N346"
    }, 
    {
      "frames": [5, 
        10, 
        11, 
        16, 
        24, 
        27, 
        28, 
        35, 
        48, 
        49, 
        52, 
        53, 
        56, 
        58, 
        59, 
        67, 
        70, 
        71, 
        75, 
        77, 
        80, 
        83, 
        87, 
        99, 
        101, 
        102, 
        105, 
        106, 
        108, 
        109, 
        111, 
        114, 
        115, 
        126, 
        128, 
        129, 
        130, 
        131, 
        132, 
        133, 
        134, 
        135, 
        136, 
        137, 
        138, 
        139, 
        140, 
        141, 
        143, 
        144, 
        145, 
        146, 
        148, 
        149, 
        152, 
        153, 
        165, 
        169, 
        173, 
        176, 
        184, 
        189, 
        190, 
        191, 
        192, 
        194], 
      "name2": "R:Q157", 
      "name1": "A:S29"
    }, 
    {
      "frames": [5, 
        8, 
        14, 
        15, 
        16, 
        17, 
        18, 
        19, 
        20], 
      "name2": "R:M155", 
      "name1": "A:N194"
    }, 
    {
      "frames": [6, 
        7, 
        8, 
        23, 
        24, 
        29, 
        34, 
        39, 
        49, 
        50, 
        51, 
        53, 
        54, 
        58, 
        60, 
        66, 
        67, 
        68, 
        69, 
        70, 
        71, 
        73, 
        79, 
        80, 
        82, 
        97, 
        100, 
        113, 
        119, 
        139, 
        141, 
        147, 
        157, 
        158, 
        162, 
        168, 
        184], 
      "name2": "R:M80", 
      "name1": "A:G350"
    }, 
    {
      "frames": [8, 
        12, 
        13, 
        14, 
        25, 
        140, 
        197], 
      "name2": "R:K248", 
      "name1": "A:N316"
    }, 
    {
      "frames": [9, 
        10, 
        11, 
        117, 
        140], 
      "name2": "R:R160", 
      "name1": "A:I28"
    }, 
    {
      "frames": [10, 
        11, 
        12, 
        13, 
        14, 
        25, 
        26], 
      "name2": "R:K248", 
      "name1": "A:E318"
    }, 
    {
      "frames": [11], 
      "name2": "R:A150", 
      "name1": "A:N347"
    }, 
    {
      "frames": [11, 
        23], 
      "name2": "R:Q157", 
      "name1": "A:A31"
    }, 
    {
      "frames": [12, 
        19, 
        87, 
        100, 
        101, 
        111, 
        112, 
        113, 
        114, 
        115, 
        116, 
        119, 
        120, 
        121, 
        122, 
        123, 
        124, 
        125, 
        133, 
        134, 
        135, 
        137, 
        138, 
        139, 
        140, 
        141, 
        145, 
        146, 
        148, 
        150, 
        151, 
        152, 
        153, 
        154, 
        155, 
        157, 
        158, 
        159, 
        160, 
        161, 
        162, 
        163, 
        164, 
        166, 
        168, 
        169, 
        171, 
        172, 
        173, 
        176, 
        177, 
        179, 
        180, 
        181, 
        182, 
        184, 
        185, 
        186, 
        187, 
        190, 
        191, 
        193, 
        194, 
        195, 
        196, 
        197, 
        198, 
        199], 
      "name2": "R:Q245", 
      "name1": "A:D337"
    }, 
    {
      "frames": [12, 
        13, 
        14, 
        15, 
        16, 
        20, 
        21, 
        22, 
        23, 
        24, 
        25, 
        26, 
        28, 
        29, 
        30, 
        31, 
        32, 
        33, 
        35, 
        36, 
        37, 
        38, 
        39, 
        40, 
        41, 
        42, 
        43, 
        46, 
        116, 
        121, 
        123, 
        126, 
        128, 
        132, 
        146, 
        147, 
        148, 
        186, 
        189], 
      "name2": "R:R160", 
      "name1": "A:S29"
    }, 
    {
      "frames": [14, 
        15, 
        16, 
        17, 
        18, 
        21, 
        23, 
        28, 
        29, 
        32, 
        33, 
        34, 
        35, 
        36, 
        37, 
        38, 
        39, 
        41, 
        43, 
        44, 
        51, 
        52, 
        53, 
        54, 
        55, 
        56, 
        59, 
        61, 
        90, 
        93, 
        96, 
        98, 
        122, 
        125, 
        126, 
        128, 
        130, 
        134, 
        135, 
        136, 
        137, 
        138, 
        139, 
        141, 
        142, 
        192, 
        193, 
        198, 
        199], 
      "name2": "R:R324", 
      "name1": "A:Y354"
    }, 
    {
      "frames": [16, 
        34, 
        36, 
        86, 
        130, 
        166], 
      "name2": "R:T81", 
      "name1": "A:C351"
    }, 
    {
      "frames": [16, 
        18, 
        27, 
        31, 
        36, 
        37, 
        38, 
        39, 
        40, 
        41, 
        42, 
        43, 
        45, 
        46, 
        48, 
        50, 
        51, 
        52, 
        53, 
        54, 
        55, 
        57, 
        58, 
        60, 
        61, 
        62, 
        64, 
        66, 
        67, 
        69, 
        70, 
        71, 
        72, 
        74, 
        75, 
        76, 
        77, 
        79, 
        81, 
        82, 
        83, 
        84, 
        85, 
        87, 
        88, 
        89, 
        90, 
        91, 
        92, 
        93, 
        94, 
        95, 
        96, 
        97, 
        98, 
        99, 
        100, 
        101, 
        102, 
        103, 
        104, 
        105, 
        106, 
        107, 
        108, 
        109, 
        110, 
        111, 
        112, 
        113, 
        115, 
        117, 
        119, 
        120, 
        121, 
        122, 
        123, 
        124, 
        127, 
        128, 
        129, 
        130, 
        131, 
        132, 
        133, 
        134, 
        135, 
        136, 
        137, 
        139, 
        140, 
        152, 
        153, 
        154, 
        155, 
        156, 
        157, 
        158, 
        159, 
        160, 
        161, 
        162, 
        163, 
        164, 
        165, 
        168, 
        169, 
        170, 
        174, 
        175, 
        176, 
        177, 
        179, 
        180, 
        181, 
        183, 
        184, 
        185, 
        186, 
        187, 
        188, 
        189, 
        190, 
        191, 
        192, 
        193, 
        196, 
        198, 
        199], 
      "name2": "R:S247", 
      "name1": "A:P315"
    }, 
    {
      "frames": [18, 
        19, 
        21, 
        22, 
        51, 
        56, 
        57, 
        58, 
        66, 
        87, 
        138], 
      "name2": "R:I319", 
      "name1": "A:Y354"
    }, 
    {
      "frames": [23, 
        24, 
        25, 
        26, 
        27, 
        28, 
        31, 
        32, 
        33, 
        34, 
        36, 
        37, 
        42, 
        44, 
        45, 
        46, 
        47, 
        48, 
        49, 
        50, 
        51, 
        52, 
        53, 
        54, 
        55, 
        57, 
        58, 
        59, 
        60, 
        62, 
        63, 
        64, 
        65, 
        66, 
        67, 
        68, 
        69, 
        70, 
        71, 
        72, 
        73, 
        74, 
        75, 
        76, 
        77, 
        78, 
        79, 
        81, 
        83, 
        84, 
        86, 
        87, 
        90, 
        91, 
        94, 
        95, 
        97, 
        99, 
        100, 
        101, 
        102, 
        104, 
        108, 
        109, 
        110, 
        111, 
        112, 
        113, 
        115, 
        117, 
        118, 
        119, 
        120, 
        122, 
        125, 
        126, 
        127, 
        128, 
        129, 
        131, 
        132, 
        133, 
        135, 
        136, 
        137, 
        139, 
        140, 
        142, 
        143, 
        144, 
        148, 
        149, 
        150, 
        151, 
        152, 
        153, 
        154, 
        156, 
        158, 
        159, 
        160, 
        162, 
        163, 
        165, 
        166, 
        167, 
        168, 
        169, 
        170, 
        172, 
        173, 
        174, 
        175, 
        180, 
        181, 
        183, 
        184, 
        185, 
        190, 
        191, 
        193, 
        194, 
        195], 
      "name2": "R:T151", 
      "name1": "A:N194"
    }, 
    {
      "frames": [24, 
        27, 
        28, 
        38], 
      "name2": "R:K248", 
      "name1": "A:I261"
    }, 
    {
      "frames": [25, 
        62, 
        74, 
        94, 
        105, 
        116, 
        137, 
        151, 
        169, 
        175, 
        180, 
        181, 
        190, 
        196, 
        199], 
      "name2": "R:N246", 
      "name1": "A:A345"
    }, 
    {
      "frames": [26], 
      "name2": "R:K159", 
      "name1": "A:A31"
    }, 
    {
      "frames": [33, 
        34], 
      "name2": "R:H250", 
      "name1": "A:Y354"
    }, 
    {
      "frames": [33, 
        42, 
        43, 
        46, 
        47, 
        48, 
        57, 
        61, 
        65, 
        73, 
        74, 
        75, 
        77, 
        78, 
        79, 
        80, 
        148, 
        149, 
        152, 
        153, 
        154, 
        156, 
        157, 
        158, 
        161, 
        163, 
        166, 
        169], 
      "name2": "R:Q321", 
      "name1": "A:R349"
    }, 
    {
      "frames": [38, 
        40, 
        140], 
      "name2": "R:S79", 
      "name1": "A:R349"
    }, 
    {
      "frames": [41, 
        73, 
        140, 
        141, 
        142, 
        146, 
        197], 
      "name2": "R:K248", 
      "name1": "A:P315"
    }, 
    {
      "frames": [43, 
        44, 
        45, 
        47, 
        48, 
        54, 
        63, 
        70, 
        72, 
        75, 
        78, 
        79, 
        81, 
        86, 
        110, 
        121, 
        149, 
        156, 
        166, 
        179, 
        183], 
      "name2": "R:K248", 
      "name1": "A:R349"
    }, 
    {
      "frames": [45, 
        46, 
        47, 
        48, 
        49, 
        50, 
        51, 
        52, 
        53, 
        54, 
        55, 
        57, 
        59, 
        60, 
        61, 
        62, 
        63, 
        64, 
        65, 
        66, 
        67, 
        68, 
        69, 
        71, 
        72, 
        74, 
        75, 
        76, 
        77, 
        82, 
        97, 
        154, 
        164, 
        165, 
        166, 
        168, 
        170, 
        172, 
        173, 
        174, 
        177, 
        178, 
        181, 
        182, 
        183, 
        186, 
        187, 
        188, 
        189, 
        191], 
      "name2": "R:W335", 
      "name1": "B:H311"
    }, 
    {
      "frames": [47, 
        49, 
        51, 
        52, 
        53, 
        54, 
        55, 
        56, 
        188, 
        196], 
      "name2": "R:Q157", 
      "name1": "A:E25"
    }, 
    {
      "frames": [52, 
        55, 
        56, 
        57, 
        60, 
        61, 
        62, 
        63, 
        65, 
        66, 
        68, 
        69, 
        72, 
        73, 
        74, 
        77, 
        78, 
        79, 
        80, 
        81, 
        86, 
        88, 
        89, 
        90, 
        91, 
        92, 
        93, 
        94, 
        95, 
        97, 
        98, 
        100, 
        101, 
        103, 
        104, 
        105, 
        106, 
        107, 
        108, 
        110, 
        111, 
        113, 
        114, 
        115, 
        116, 
        117, 
        118, 
        119, 
        121, 
        123, 
        124, 
        125, 
        126, 
        127, 
        128, 
        129, 
        130, 
        131, 
        132, 
        133, 
        134, 
        135, 
        136, 
        137, 
        138, 
        139, 
        140, 
        141, 
        142, 
        143, 
        144, 
        145, 
        146, 
        147, 
        148, 
        149, 
        151, 
        152, 
        153, 
        154, 
        155, 
        156, 
        157, 
        159, 
        160, 
        162, 
        163, 
        164, 
        166, 
        167, 
        168, 
        169, 
        170, 
        172, 
        174, 
        176, 
        177, 
        178, 
        179, 
        180, 
        181, 
        182, 
        185, 
        186, 
        188, 
        189, 
        190, 
        191, 
        192, 
        193, 
        194, 
        195, 
        196, 
        197, 
        198, 
        199], 
      "name2": "R:K159", 
      "name1": "A:S29"
    }, 
    {
      "frames": [52, 
        53, 
        54, 
        58, 
        59, 
        60, 
        61, 
        62, 
        65, 
        66, 
        67, 
        73, 
        79, 
        83, 
        98, 
        99, 
        111, 
        148, 
        152, 
        156, 
        160, 
        162, 
        163, 
        167, 
        172, 
        173, 
        174, 
        175, 
        176, 
        177, 
        181, 
        184, 
        185, 
        188, 
        194], 
      "name2": "R:K159", 
      "name1": "A:I28"
    }, 
    {
      "frames": [56, 
        72, 
        84, 
        85, 
        86, 
        91, 
        94, 
        95, 
        96, 
        100, 
        133, 
        135, 
        136, 
        142, 
        154, 
        155, 
        156, 
        157, 
        158, 
        161, 
        183, 
        190, 
        192], 
      "name2": "R:A158", 
      "name1": "A:S29"
    }, 
    {
      "frames": [60, 
        75, 
        110, 
        150, 
        183], 
      "name2": "R:H154", 
      "name1": "A:A31"
    }, 
    {
      "frames": [61, 
        63, 
        64, 
        66, 
        178], 
      "name2": "R:T151", 
      "name1": "A:K193"
    }, 
    {
      "frames": [61, 
        62, 
        110], 
      "name2": "R:Q157", 
      "name1": "A:D26"
    }, 
    {
      "frames": [62, 
        63, 
        64, 
        66, 
        67, 
        71, 
        73, 
        75, 
        76, 
        77, 
        78, 
        79, 
        81, 
        84, 
        85, 
        86, 
        87, 
        88, 
        91, 
        92, 
        94, 
        95, 
        96, 
        97, 
        98, 
        99, 
        100, 
        101, 
        102, 
        105, 
        106, 
        107, 
        108, 
        109, 
        110, 
        111, 
        112, 
        113, 
        114, 
        115, 
        116, 
        118, 
        119, 
        120, 
        121, 
        122, 
        123, 
        124, 
        125, 
        126, 
        127, 
        128, 
        129, 
        130, 
        131, 
        132, 
        133, 
        134, 
        135, 
        136, 
        137, 
        138, 
        139, 
        141, 
        142, 
        143, 
        144, 
        145, 
        146, 
        147, 
        148, 
        149, 
        150, 
        151, 
        152, 
        153, 
        154, 
        155, 
        156, 
        157, 
        158, 
        159, 
        160, 
        161, 
        163, 
        164, 
        165, 
        167, 
        168, 
        169, 
        170, 
        171, 
        172, 
        175, 
        176, 
        180, 
        187, 
        199], 
      "name2": "R:R160", 
      "name1": "A:E25"
    }, 
    {
      "frames": [64, 
        65, 
        66, 
        67, 
        68, 
        69, 
        70, 
        71, 
        72, 
        73, 
        74, 
        75, 
        76, 
        77, 
        78, 
        79, 
        80, 
        81, 
        82, 
        83, 
        84, 
        85, 
        87, 
        88, 
        89, 
        90, 
        91, 
        93, 
        94, 
        95, 
        97, 
        98, 
        100, 
        102, 
        103], 
      "name2": "R:R160", 
      "name1": "A:D26"
    }, 
    {
      "frames": [68, 
        69, 
        70, 
        71, 
        72, 
        73, 
        74, 
        75, 
        76, 
        77, 
        78, 
        79, 
        80, 
        81, 
        82, 
        83, 
        84], 
      "name2": "R:R78", 
      "name1": "A:K24"
    }, 
    {
      "frames": [71, 
        72, 
        74, 
        75, 
        77, 
        78, 
        79, 
        80, 
        81, 
        82, 
        83], 
      "name2": "R:R78", 
      "name1": "A:L23"
    }, 
    {
      "frames": [73, 
        74, 
        75, 
        76, 
        77, 
        78, 
        79, 
        80, 
        81, 
        82, 
        93, 
        103, 
        104, 
        105, 
        106, 
        108, 
        109, 
        116, 
        118, 
        119, 
        120, 
        121, 
        123, 
        124, 
        126, 
        127, 
        128, 
        130, 
        131, 
        132, 
        133, 
        134, 
        135, 
        136, 
        137, 
        138, 
        139, 
        140, 
        141, 
        143, 
        144, 
        145, 
        146, 
        148, 
        149, 
        150, 
        151, 
        152, 
        153, 
        154, 
        155, 
        157, 
        159, 
        161, 
        162, 
        163, 
        164, 
        165, 
        166, 
        167, 
        168, 
        170, 
        171, 
        172, 
        173, 
        175, 
        176, 
        177, 
        182, 
        183, 
        184, 
        187, 
        188, 
        189, 
        191, 
        192, 
        196, 
        197, 
        198], 
      "name2": "R:K76", 
      "name1": "B:W332"
    }, 
    {
      "frames": [74, 
        79, 
        91, 
        105, 
        126, 
        144, 
        154, 
        158, 
        172, 
        176, 
        196], 
      "name2": "R:K75", 
      "name1": "B:D333"
    }, 
    {
      "frames": [74, 
        119, 
        125, 
        126, 
        127, 
        128, 
        129, 
        130, 
        131, 
        132, 
        133, 
        134, 
        135, 
        136, 
        137, 
        150, 
        152, 
        153, 
        155, 
        156, 
        157, 
        158, 
        161, 
        164, 
        165, 
        166, 
        167, 
        168, 
        169, 
        170, 
        171, 
        174, 
        175, 
        177, 
        182, 
        184, 
        185, 
        186, 
        187, 
        189, 
        199], 
      "name2": "R:K75", 
      "name1": "B:S334"
    }, 
    {
      "frames": [75, 
        76], 
      "name2": "R:K76", 
      "name1": "B:L55"
    }, 
    {
      "frames": [78, 
        79, 
        80, 
        81, 
        83, 
        84, 
        85, 
        86, 
        87, 
        88, 
        89, 
        90, 
        91, 
        92, 
        93, 
        94, 
        95, 
        96, 
        98, 
        99, 
        100, 
        101, 
        102, 
        103, 
        104, 
        105, 
        106, 
        195, 
        196, 
        197, 
        198, 
        199], 
      "name2": "R:W335", 
      "name1": "B:D312"
    }, 
    {
      "frames": [80, 
        86, 
        98, 
        114, 
        164, 
        185, 
        187, 
        196, 
        198, 
        199], 
      "name2": "R:Q321", 
      "name1": "A:N316"
    }, 
    {
      "frames": [80, 
        82, 
        83, 
        95, 
        96, 
        97, 
        98, 
        99, 
        100, 
        101, 
        102, 
        103, 
        104, 
        105, 
        106, 
        107, 
        183], 
      "name2": "R:D333", 
      "name1": "A:K258"
    }, 
    {
      "frames": [83, 
        138, 
        140, 
        183, 
        185, 
        197], 
      "name2": "R:N325", 
      "name1": "A:N316"
    }, 
    {
      "frames": [86, 
        187, 
        199], 
      "name2": "R:Q321", 
      "name1": "A:S314"
    }, 
    {
      "frames": [86], 
      "name2": "R:K76", 
      "name1": "A:F259"
    }, 
    {
      "frames": [91, 
        92, 
        95, 
        97, 
        100, 
        109, 
        118, 
        119, 
        123, 
        155], 
      "name2": "R:K75", 
      "name1": "B:N313"
    }, 
    {
      "frames": [97, 
        110], 
      "name2": "R:R78", 
      "name1": "B:D333"
    }, 
    {
      "frames": [100, 
        101], 
      "name2": "R:D333", 
      "name1": "A:R313"
    }, 
    {
      "frames": [104], 
      "name2": "R:K329", 
      "name1": "A:F260"
    }, 
    {
      "frames": [104, 
        105, 
        167, 
        180, 
        183, 
        184, 
        185, 
        186, 
        190], 
      "name2": "R:K329", 
      "name1": "A:K258"
    }, 
    {
      "frames": [104, 
        119, 
        120, 
        122, 
        123, 
        124, 
        125, 
        128, 
        129, 
        131, 
        132, 
        133, 
        134, 
        135, 
        136, 
        137, 
        138, 
        140, 
        146, 
        149, 
        150, 
        152, 
        153, 
        154, 
        155, 
        156, 
        157, 
        158, 
        159, 
        160, 
        164, 
        165, 
        166, 
        167, 
        168, 
        169, 
        170, 
        171, 
        172, 
        174, 
        175, 
        176, 
        177, 
        178, 
        189, 
        190, 
        192, 
        193, 
        197, 
        198, 
        199], 
      "name2": "R:R78", 
      "name1": "B:S334"
    }, 
    {
      "frames": [104], 
      "name2": "R:N325", 
      "name1": "A:F260"
    }, 
    {
      "frames": [106, 
        111, 
        112, 
        113, 
        115, 
        116, 
        117, 
        118, 
        119, 
        120, 
        121, 
        122, 
        123, 
        124, 
        125, 
        126, 
        128, 
        129, 
        130, 
        131, 
        132, 
        133, 
        134, 
        135, 
        136, 
        138, 
        139, 
        140, 
        141, 
        142, 
        143, 
        144, 
        145, 
        146, 
        147, 
        148, 
        150, 
        151, 
        152, 
        153, 
        154, 
        155, 
        156, 
        157, 
        158, 
        159, 
        160, 
        161, 
        162, 
        165, 
        166, 
        178, 
        179, 
        180, 
        181, 
        182], 
      "name2": "R:R160", 
      "name1": "A:K24"
    }, 
    {
      "frames": [108, 
        109, 
        111, 
        113, 
        116, 
        119, 
        124, 
        125, 
        126, 
        127, 
        128, 
        129, 
        132, 
        133, 
        134, 
        135, 
        136, 
        137, 
        138, 
        139, 
        147, 
        150, 
        154, 
        156, 
        157, 
        158, 
        159, 
        162, 
        164, 
        167, 
        168, 
        170, 
        171, 
        172, 
        173, 
        175, 
        177, 
        179, 
        180, 
        183, 
        184, 
        192], 
      "name2": "R:K248", 
      "name1": "A:D262"
    }, 
    {
      "frames": [113, 
        138, 
        139, 
        145, 
        146, 
        149, 
        150, 
        151, 
        171, 
        172], 
      "name2": "R:K329", 
      "name1": "A:S314"
    }, 
    {
      "frames": [113, 
        114, 
        115, 
        116, 
        117, 
        118, 
        119, 
        120, 
        121, 
        122, 
        123, 
        124, 
        125, 
        128, 
        132, 
        134, 
        135, 
        137, 
        139, 
        141, 
        142, 
        143, 
        144, 
        146, 
        147, 
        148, 
        150, 
        151, 
        153, 
        155, 
        156, 
        157, 
        159, 
        161, 
        163], 
      "name2": "R:N325", 
      "name1": "A:K258"
    }, 
    {
      "frames": [115, 
        116, 
        117, 
        118, 
        119, 
        120, 
        121, 
        122, 
        123, 
        124, 
        125, 
        126, 
        127, 
        128, 
        129, 
        130, 
        131, 
        132, 
        133, 
        134, 
        135, 
        136, 
        137, 
        139, 
        140, 
        141, 
        142, 
        143, 
        144, 
        145, 
        146, 
        147, 
        148, 
        149, 
        150, 
        151, 
        152, 
        153, 
        154, 
        155, 
        156, 
        157, 
        158, 
        160, 
        161, 
        162, 
        163, 
        165, 
        166, 
        167, 
        168, 
        169, 
        170, 
        171, 
        172, 
        173, 
        174, 
        175, 
        176, 
        177, 
        178, 
        179, 
        181, 
        185, 
        189, 
        190, 
        191, 
        192, 
        193, 
        194, 
        197, 
        198], 
      "name2": "R:Y326", 
      "name1": "A:F259"
    }, 
    {
      "frames": [125], 
      "name2": "R:W335", 
      "name1": "B:N313"
    }, 
    {
      "frames": [129, 
        130, 
        132, 
        134, 
        136, 
        137, 
        178], 
      "name2": "R:Y326", 
      "name1": "A:R349"
    }, 
    {
      "frames": [131], 
      "name2": "R:R324", 
      "name1": "A:S314"
    }, 
    {
      "frames": [139], 
      "name2": "R:K329", 
      "name1": "A:N316"
    }, 
    {
      "frames": [151, 
        153, 
        154, 
        155, 
        159, 
        165, 
        169, 
        173, 
        174, 
        178, 
        179, 
        180, 
        183, 
        184, 
        185, 
        186, 
        187, 
        189, 
        192, 
        198, 
        199], 
      "name2": "R:K76", 
      "name1": "B:D333"
    }, 
    {
      "frames": [155], 
      "name2": "R:A153", 
      "name1": "A:S29"
    }, 
    {
      "frames": [167], 
      "name2": "R:Q321", 
      "name1": "A:A345"
    }, 
    {
      "frames": [180], 
      "name2": "R:K329", 
      "name1": "A:N257"
    }, 
    {
      "frames": [180], 
      "name2": "R:Q157", 
      "name1": "A:A30"
    }, 
    {
      "frames": [189], 
      "name2": "R:H154", 
      "name1": "A:N194"
    }, 
    {
      "frames": [192, 
        198], 
      "name2": "R:K159", 
      "name1": "A:R349"
    }, 
    {
      "frames": [195], 
      "name2": "R:Q321", 
      "name1": "A:P315"
    }
  ], 
  "trees": [
    {
      "treeLabel": "DefaultTree", 
      "treePaths": [
        " R.R0150.R:A150", 
        " R.R0158.R:A158", 
        " R.R0324.R:R324", 
        " R.R0246.R:N246", 
        " A.A0029.A:S29", 
        " R.R0248.R:K248", 
        " A.A0259.A:F259", 
        " R.R0153.R:A153", 
        " A.A0352.A:G352", 
        " R.R0250.R:H250", 
        " A.A0350.A:G350", 
        " A.A0354.A:Y354", 
        " A.A0194.A:N194", 
        " A.A0024.A:K24", 
        " A.A0030.A:A30", 
        " A.A0031.A:A31", 
        " A.A0261.A:I261", 
        " R.R0319.R:I319", 
        " R.R0322.R:K322", 
        " R.R0333.R:D333", 
        " R.R0335.R:W335", 
        " A.A0341.A:D341", 
        " A.A0318.A:E318", 
        " R.R0143.R:R143", 
        " A.A0262.A:D262", 
        " A.A0257.A:N257", 
        " R.R0247.R:S247", 
        " A.A0349.A:R349", 
        " R.R0157.R:Q157", 
        " R.R0160.R:R160", 
        " A.A0314.A:S314", 
        " A.A0346.A:N346", 
        " B.B0313.B:N313", 
        " A.A0260.A:F260", 
        " A.A0320.A:Y320", 
        " R.R0326.R:Y326", 
        " A.A0316.A:N316", 
        " R.R0080.R:M80", 
        " R.R0251.R:K251", 
        " R.R0329.R:K329", 
        " R.R0154.R:H154", 
        " R.R0325.R:N325", 
        " A.A0028.A:I28", 
        " B.B0312.B:D312", 
        " R.R0146.R:A146", 
        " B.B0332.B:W332", 
        " A.A0351.A:C351", 
        " A.A0032.A:K32", 
        " R.R0159.R:K159", 
        " A.A0025.A:E25", 
        " B.B0055.B:L55", 
        " R.R0156.R:C156", 
        " A.A0313.A:R313", 
        " B.B0334.B:S334", 
        " B.B0311.B:H311", 
        " R.R0076.R:K76", 
        " R.R0245.R:Q245", 
        " R.R0075.R:K75", 
        " A.A0345.A:A345", 
        " R.R0079.R:S79", 
        " A.A0353.A:L353", 
        " B.B0333.B:D333", 
        " R.R0078.R:R78", 
        " A.A0315.A:P315", 
        " A.A0193.A:K193", 
        " R.R0151.R:T151", 
        " A.A0340.A:T340", 
        " A.A0347.A:N347", 
        " A.A0026.A:D26", 
        " A.A0337.A:D337", 
        " R.R0321.R:Q321", 
        " A.A0258.A:K258", 
        " A.A0023.A:L23", 
        " R.R0155.R:M155", 
        " R.R0081.R:T81"
      ]
    }
  ]
}