#	total_frames:200	interaction_types:vdw
#	Columns:	residue_1,	residue_2	frame_count	contact_frequency
A:ILE:261	R:TYR:326	0.070
B:HIS:311	R:LEU:334	0.080
A:ILE:28	R:GLN:157	0.015
A:LYS:32	R:HIS:154	0.445
B:ASP:333	R:LYS:75	0.220
A:ILE:343	R:HIS:154	0.440
A:ASN:346	R:LYS:159	0.320
A:ASN:347	R:ALA:150	0.010
A:LYS:193	R:MET:155	0.060
A:LEU:353	R:VAL:255	0.265
A:ILE:28	R:LYS:159	0.495
A:GLY:352	R:TYR:316	0.485
A:PHE:259	R:ILE:330	0.325
A:LYS:32	R:CYS:156	0.015
A:CYS:351	R:TYR:316	0.065
A:PHE:260	R:ASN:325	0.005
A:LEU:23	R:ARG:78	0.055
B:ASP:312	R:CYS:336	0.030
A:ARG:349	R:LYS:322	0.385
A:PHE:336	R:MET:155	0.015
A:LEU:353	R:TYR:316	0.035
A:PRO:315	R:GLN:321	0.035
A:LEU:195	R:THR:151	0.035
A:ASP:26	R:GLN:157	0.040
A:LEU:353	R:ILE:256	0.425
A:GLU:25	R:LEU:161	0.005
A:GLY:350	R:THR:81	0.945
A:TYR:320	R:GLN:245	0.975
A:ASN:194	R:THR:151	0.710
A:ASP:341	R:ALA:244	0.700
A:TYR:354	R:LYS:248	0.575
A:CYS:351	R:ILE:147	0.215
A:ASN:347	R:ALA:153	0.030
A:LEU:353	R:ALA:252	0.425
B:HIS:311	R:TRP:335	0.395
A:THR:340	R:ALA:150	0.125
A:LYS:258	R:LEU:334	0.115
B:TRP:332	R:LYS:76	0.555
B:ASP:312	R:LYS:75	0.220
A:ARG:349	R:LYS:248	0.305
B:PHE:292	R:TRP:335	0.055
A:GLY:350	R:MET:80	0.790
A:LEU:353	R:ILE:147	0.235
A:ALA:30	R:ALA:153	0.010
A:CYS:351	R:ASP:142	0.275
A:CYS:351	R:ARG:143	0.975
A:TYR:354	R:LYS:251	0.595
A:SER:314	R:ARG:324	0.005
A:ALA:31	R:LYS:159	0.005
A:ARG:313	R:LYS:329	0.005
A:CYS:351	R:ILE:139	0.080
A:ILE:344	R:ALA:150	0.195
A:PHE:259	R:TRP:335	0.065
B:ASP:333	R:ARG:78	0.020
A:THR:340	R:HIS:154	0.005
A:GLY:350	R:LYS:322	0.020
A:ARG:349	R:LYS:159	0.010
A:ASP:341	R:GLN:245	0.935
A:PRO:315	R:LYS:251	0.005
A:ASP:337	R:ALA:244	0.040
B:ASP:312	R:LEU:331	0.020
A:GLY:350	R:SER:79	0.720
A:ARG:349	R:GLN:321	0.320
B:TRP:332	R:LYS:75	0.005
A:GLU:25	R:PRO:162	0.065
A:LYS:32	R:MET:155	0.135
A:TYR:354	R:HIS:250	0.070
A:GLY:350	R:LYS:159	0.070
A:ILE:344	R:LEU:241	0.300
A:ALA:345	R:ASN:246	0.445
A:GLY:352	R:LEU:315	0.005
A:LEU:348	R:LEU:241	0.210
A:LEU:348	R:ALA:252	0.055
A:ILE:343	R:LYS:159	0.010
B:HIS:311	R:LYS:75	0.010
B:LEU:55	R:LYS:76	0.245
A:ASN:194	R:HIS:154	0.090
A:ASN:347	R:LYS:159	0.455
A:ALA:345	R:LYS:248	0.600
B:PHE:335	R:ARG:78	0.005
A:ILE:343	R:ALA:150	0.385
A:ARG:313	R:ASP:333	0.010
B:ARG:314	R:LYS:76	0.115
A:GLU:318	R:ASN:246	0.730
B:LEU:55	R:ALA:77	0.030
A:LYS:193	R:THR:151	0.045
A:GLU:318	R:GLN:245	0.095
B:ASP:312	R:TRP:335	0.460
B:ASP:312	R:LYS:76	0.225
A:ASP:262	R:LYS:248	0.250
A:GLY:352	R:GLY:320	0.115
A:GLU:25	R:ARG:160	0.550
A:PHE:336	R:THR:151	0.170
A:ARG:349	R:SER:79	0.035
A:ASN:347	R:ALA:158	0.075
A:GLY:352	R:THR:81	0.095
A:ASN:257	R:LYS:329	0.005
A:SER:314	R:GLN:321	0.025
B:ASN:313	R:LEU:334	0.025
A:SER:29	R:ARG:160	0.405
A:GLU:318	R:SER:247	0.810
A:GLU:318	R:LYS:248	0.035
A:LEU:353	R:GLN:321	0.025
A:ASN:316	R:GLN:321	0.075
A:LYS:258	R:ASP:333	0.095
A:LEU:353	R:TYR:234	0.040
A:TYR:354	R:ARG:249	0.035
A:GLY:352	R:ARG:143	0.225
A:CYS:351	R:MET:80	0.420
A:TYR:354	R:ILE:319	0.825
A:ILE:344	R:THR:240	0.010
A:ALA:30	R:ALA:158	0.005
A:ASN:347	R:MET:80	0.015
A:LYS:24	R:ARG:160	0.300
A:LYS:24	R:LEU:161	0.020
A:SER:314	R:LYS:329	0.080
A:ILE:261	R:LYS:248	0.025
A:ARG:349	R:TYR:326	0.050
A:SER:29	R:ALA:153	0.005
A:TYR:320	R:ASN:246	0.025
A:LYS:258	R:ILE:330	0.205
A:ALA:31	R:GLN:157	0.035
A:LEU:353	R:ARG:143	0.580
A:ILE:344	R:ASN:246	0.065
A:PRO:315	R:SER:247	0.680
B:ARG:314	R:LEU:334	0.010
B:ASN:313	R:TRP:335	0.030
A:PHE:259	R:LEU:334	0.080
A:LYS:24	R:ARG:78	0.085
A:LYS:258	R:TYR:326	0.010
A:LEU:353	R:ILE:237	0.055
A:LEU:353	R:GLY:320	0.015
A:LEU:353	R:LYS:251	0.005
A:TYR:354	R:VAL:255	0.030
A:ARG:349	R:THR:81	0.020
A:PHE:259	R:LYS:76	0.260
A:GLY:352	R:ILE:319	0.250
A:LEU:195	R:MET:155	0.030
B:ALA:56	R:LYS:76	0.075
A:PRO:315	R:LYS:248	0.080
A:GLY:352	R:VAL:255	0.025
A:LEU:348	R:LYS:248	0.220
A:PHE:260	R:LYS:329	0.005
A:ILE:343	R:ALA:153	0.030
A:LEU:353	R:ILE:319	0.055
B:SER:334	R:LYS:75	0.235
A:PHE:259	R:TYR:326	0.360
A:ASN:194	R:LYS:152	0.010
A:SER:29	R:LYS:159	0.655
A:LYS:21	R:ARG:160	0.010
A:ASP:337	R:GLN:243	0.005
A:ASN:194	R:MET:155	0.245
B:LEU:55	R:ARG:78	0.220
A:PRO:315	R:ARG:324	0.005
A:ILE:261	R:ASN:325	0.225
B:ASP:312	R:LEU:334	0.015
A:TYR:354	R:GLY:320	0.395
A:ASN:316	R:LYS:329	0.005
A:ASN:316	R:ASN:325	0.030
A:ILE:261	R:LYS:76	0.005
B:ASN:313	R:LYS:76	0.100
A:LYS:258	R:LYS:329	0.070
A:ASP:341	R:ASN:246	0.615
A:SER:29	R:GLN:157	0.595
A:CYS:351	R:GLY:320	0.005
A:LEU:195	R:HIS:154	0.605
A:ALA:31	R:HIS:154	0.710
A:GLU:25	R:GLN:157	0.085
A:ILE:28	R:ARG:160	0.085
A:CYS:351	R:TYR:84	0.015
A:LEU:348	R:ASN:246	0.080
A:ASN:316	R:LYS:248	0.075
A:ASP:337	R:GLN:245	0.435
B:SER:334	R:LYS:76	0.025
B:ASN:313	R:LYS:75	0.075
A:SER:29	R:HIS:154	0.085
A:CYS:351	R:THR:81	0.310
A:ILE:261	R:GLN:321	0.110
A:ALA:345	R:GLN:321	0.005
B:SER:334	R:ARG:78	0.295
A:ILE:28	R:ARG:78	0.125
A:ILE:343	R:THR:151	0.035
A:LYS:32	R:GLN:157	0.055
A:ILE:344	R:ALA:244	0.180
A:TYR:354	R:ARG:324	0.580
A:TYR:354	R:ALA:252	0.035
A:ILE:28	R:LEU:161	0.055
A:ASP:26	R:ARG:160	0.195
B:ASP:333	R:LYS:76	0.165
A:LEU:348	R:ILE:147	0.625
A:ASN:347	R:ILE:147	0.410
A:ALA:30	R:GLN:157	0.080
A:TYR:354	R:GLN:321	0.950
A:SER:29	R:ALA:158	0.435
A:ILE:344	R:ILE:147	0.215
A:ILE:261	R:LYS:322	0.060
A:CYS:351	R:ALA:146	0.130
B:HIS:311	R:CYS:336	0.005
B:PHE:292	R:LEU:334	0.115
B:ARG:314	R:TRP:335	0.175
A:ALA:30	R:HIS:154	0.215
B:ASP:333	R:TRP:335	0.010
A:THR:340	R:THR:151	0.040
A:ASN:347	R:ALA:146	0.960
A:LYS:258	R:ASN:325	0.190
