codon_site_alignment	nuc_site_alignment	OCSany2any	OCSspe2any	OCSany2spe	OCSspe2spe	OCSany2dif	OCNany2any	OCNspe2any	OCNany2spe	OCNspe2spe	OCNany2dif	gap_rate_all	gap_rate_target	S_sub	N_sub	S_sub_20	S_sub_46	S_sub_55	N_sub_20	N_sub_46	N_sub_55	cdn_20	cdn_46	cdn_55	cdn_20_anc	cdn_46_anc	cdn_55_anc	aa_20	aa_46	aa_55	aa_20_anc	aa_46_anc	aa_55_anc	aa_20_hydrophobicity	aa_46_hydrophobicity	aa_55_hydrophobicity	aa_20_anc_hydrophobicity	aa_46_anc_hydrophobicity	aa_55_anc_hydrophobicity	aa_AF-O00574-F1-model_v4_A	codon_site_AF-O00574-F1-model_v4_A	codon_site_pdb_AF-O00574-F1-model_v4_A
1	1	0.0000	0.0000	0.0000	0.0000	0.0000	0.0000	0.0000	0.0000	0.0000	0.0000	0.8667	0.3333	0.0000	0.0355	0.0000	0.0000	0.0000	0.0000	0.0167	0.0098		ATG	ATG		ATG	ATG		M	M		M	M		224.0000	224.0000		224.0000	224.0000		0	0
2	4	0.0000	0.0000	0.0000	0.0000	0.0000	0.0000	0.0000	0.0000	0.0000	0.0000	0.8333	0.3333	8.0738	7.2516	0.0000	0.0604	0.0729	0.0000	0.9032	0.8616		CAT	GCC		GAG	GAG		H	A		G	E		224.0000	129.0000		104.0000	223.0000		0	0
3	7	0.0000	0.0000	0.0000	0.0000	0.0000	0.0000	0.0000	0.0000	0.0000	0.0000	0.8333	0.3333	5.4697	2.0028	0.0000	0.2295	0.4472	0.0000	0.5432	0.0891		AAT	AAT		AAC	AAT		N	N		N	N		195.0000	195.0000		195.0000	195.0000		0	0
4	10	0.0000	0.0000	0.0000	0.0000	0.0000	0.0000	0.0000	0.0000	0.0000	0.0000	0.8333	0.3333	6.1450	3.4803	0.0000	0.1779	0.3869	0.0000	0.6235	0.2313		GAG	GAC		GAC	GAT		D	D		D	D		193.0000	193.0000		193.0000	193.0000		0	0
5	13	0.0000	0.0000	0.0000	0.0000	0.0000	0.0009	0.0000	0.0000	0.0000	0.0009	0.4333	0.0000	8.1150	7.3061	0.0000	0.0431	0.0915	0.0013	0.8069	0.8141	ATG	ATG	ACG	ATG	ATG	ATG	M	S	T	M	M	M	224.0000	155.0000	172.0000	224.0000	224.0000	224.0000		0	0
6	16	0.0046	0.0005	0.0005	0.0005	0.0041	0.0024	0.0000	0.0000	0.0000	0.0024	0.4000	0.0000	14.8468	10.8295	0.2263	0.1567	0.1364	0.0051	0.6678	0.6887	GAG	GAG	GAG	GAG	GAG	GAG	E	E	E	E	E	E	223.0000	223.0000	223.0000	223.0000	223.0000	223.0000	M	1	1
7	19	0.0000	0.0000	0.0000	0.0000	0.0000	0.1032	0.0256	0.0000	0.0000	0.1032	0.0000	0.0000	16.9010	8.5759	0.0002	0.0088	0.5982	0.9964	0.9521	0.1088	CTT	ATG	ACA	ACT	ACT	ACT	L	M	T	T	T	T	201.0000	224.0000	172.0000	172.0000	172.0000	172.0000	A	2	2
8	22	0.0000	0.0000	0.0000	0.0000	0.0000	0.4397	0.0106	0.0001	0.0000	0.4396	0.1000	0.0000	25.4863	20.3795	0.0397	0.0512	0.1480	0.7221	0.7726	0.7880	CCA	GAA	ACT	CCA	GAA	TAT	P	E	T	P	E	S	159.0000	223.0000	172.0000	159.0000	223.0000	155.0000	E	3	3
9	25	0.0001	0.0000	0.0000	0.0000	0.0001	0.0081	0.0063	0.0003	0.0003	0.0078	0.0000	0.0000	19.3134	14.1089	0.0219	0.0741	0.1293	0.0130	0.8522	0.7359	GAT	GAG	GAC	GAT	GAT	GAC	D	E	D	D	D	D	193.0000	223.0000	193.0000	193.0000	193.0000	193.0000	H	4	4
10	28	0.0000	0.0000	0.0000	0.0000	0.0000	0.6806	0.0310	0.0000	0.0000	0.6806	0.0000	0.0000	25.2072	17.2850	0.0451	0.0259	0.0554	0.7822	0.9474	0.9185	TGT	TAT	ATC	GCT	GCT	AGC	C	Y	I	A	A	S	167.0000	263.0000	197.0000	129.0000	129.0000	155.0000	D	5	5
11	31	0.0000	0.0000	0.0000	0.0000	0.0000	0.0020	0.0001	0.0000	0.0000	0.0020	0.0000	0.0000	14.2339	8.2936	0.0004	0.4264	0.1844	0.9966	0.1037	0.0196	TAT	GAT	GAT	GAT	GAT	GAT	Y	D	D	D	D	D	263.0000	193.0000	193.0000	193.0000	193.0000	193.0000	Y	6	6
12	34	0.0450	0.0149	0.0149	0.0149	0.0301	0.0000	0.0000	0.0000	0.0000	0.0000	0.0000	0.0000	10.0723	3.0119	0.2556	0.4395	0.4007	0.0007	0.0004	0.0003	TAC	TAC	TAT	TAC	TAC	TAT	Y	Y	Y	Y	Y	Y	263.0000	263.0000	263.0000	263.0000	263.0000	263.0000	H	7	7
13	37	0.0000	0.0000	0.0000	0.0000	0.0000	0.3606	0.0251	0.0001	0.0000	0.3605	0.0000	0.0000	29.5174	23.5233	0.1352	0.0856	0.1559	0.7632	0.7612	0.6207	CCA	AAT	GAT	GAT	GAT	GAT	P	N	D	D	D	D	159.0000	195.0000	193.0000	193.0000	193.0000	193.0000	E	8	8
14	40	0.0000	0.0000	0.0000	0.0000	0.0000	0.0000	0.0000	0.0000	0.0000	0.0000	0.5667	0.6667	9.3565	4.6362	0.0000	0.4466	0.0000	0.0000	0.0983	0.0000		GAT			GAT			D			D			193.0000			193.0000		D	9	9
15	43	0.0000	0.0000	0.0000	0.0000	0.0000	0.0000	0.0000	0.0000	0.0000	0.0000	0.3000	0.6667	20.9454	11.9579	0.0000	0.3213	0.0000	0.0000	0.4958	0.0000		CCC		GCC	CCC	CCC		P		A	P	P		159.0000		129.0000	159.0000	159.0000	Y	10	10
16	46	0.0000	0.0000	0.0000	0.0000	0.0000	0.0000	0.0000	0.0000	0.0000	0.0000	0.2667	0.6667	17.2869	10.7762	0.0000	0.1399	0.0000	0.0000	0.7028	0.0000		TAT		TAT	TAT	TAT		Y		Y	Y	Y		263.0000		263.0000	263.0000	263.0000	G	11	11
17	49	0.0000	0.0000	0.0000	0.0000	0.0000	0.0000	0.0000	0.0000	0.0000	0.0000	0.1000	0.3333	18.5465	12.6836	0.0988	0.0060	0.0000	0.1413	0.9844	0.0000	GAC	TGG		GAC	GAC	GAC	D	F		D	D	D	193.0000	240.0000		193.0000	193.0000	193.0000	F	12	12
18	52	0.0000	0.0000	0.0000	0.0000	0.0000	0.0000	0.0000	0.0000	0.0000	0.0000	0.1000	0.3333	15.6962	11.1503	0.0619	0.1891	0.0000	0.8383	0.6269	0.0000	CTT	TTT		TTT	TTC	TTC	L	F		F	F	F	201.0000	240.0000		240.0000	240.0000	240.0000	S	13	13
19	55	0.0008	0.0001	0.0001	0.0001	0.0006	0.1409	0.0093	0.0098	0.0019	0.1311	0.0667	0.0000	19.3552	13.7573	0.1602	0.1928	0.0806	0.2967	0.5736	0.8278	AAC	AAC	GAG	AAC	AAC	AAC	N	N	E	N	N	N	195.0000	195.0000	223.0000	195.0000	195.0000	195.0000	S	14	14
20	58	0.0000	0.0000	0.0000	0.0000	0.0000	0.4095	0.0271	0.0022	0.0003	0.4073	0.1000	0.0000	27.3839	19.9432	0.1783	0.2343	0.1146	0.7147	0.6881	0.8327	CTT	ACA	GAG	GCC	ACC	ACC	L	T	T	L	T	T	201.0000	172.0000	172.0000	201.0000	172.0000	172.0000	F	15	15
21	61	0.0146	0.0009	0.0006	0.0001	0.0140	0.0416	0.0000	0.0003	0.0000	0.0413	0.0667	0.0000	18.3773	11.1261	0.4288	0.1848	0.2303	0.0818	0.7412	0.6862	ACG	TCC	ACC	ACG	ACC	ACC	T	S	T	T	T	T	172.0000	155.0000	172.0000	172.0000	172.0000	172.0000	N	16	16
22	64	0.0000	0.0000	0.0000	0.0000	0.0000	0.0614	0.0047	0.0000	0.0000	0.0614	0.0667	0.0000	20.3212	12.4774	0.0046	0.4706	0.2447	0.9848	0.1244	0.5009	TGC	AAT	AAC	AAC	AAC	AAC	C	N	N	N	N	N	167.0000	195.0000	195.0000	195.0000	195.0000	195.0000	D	17	17
23	67	0.0001	0.0000	0.0000	0.0000	0.0001	0.3264	0.0521	0.0171	0.0057	0.3093	0.0667	0.0000	18.7044	15.3690	0.0812	0.0861	0.1577	0.5263	0.8338	0.7440	AAC	GAC	AAC	AAC	AAC	AAC	N	D	N	N	S	S	195.0000	193.0000	195.0000	195.0000	155.0000	155.0000	S	18	18
24	70	0.0007	0.0000	0.0000	0.0000	0.0007	0.0007	0.0000	0.0000	0.0000	0.0007	0.0000	0.0000	15.6445	9.3973	0.0583	0.0276	0.4643	0.0122	0.9564	0.0590	GAT	AGC	GAT	GAT	GAT	GAT	D	S	D	D	D	D	193.0000	155.0000	193.0000	193.0000	193.0000	193.0000	S	19	19
25	73	0.0000	0.0000	0.0000	0.0000	0.0000	0.5663	0.0303	0.0001	0.0000	0.5663	0.0000	0.0000	23.0399	19.8080	0.0354	0.1616	0.0891	0.9336	0.7218	0.8405	TAC	AGC	AAT	AAT	AGC	AAG	Y	S	N	S	S	K	263.0000	155.0000	195.0000	155.0000	155.0000	236.0000	Q	20	20
26	76	0.0000	0.0000	0.0000	0.0000	0.0000	0.0244	0.0009	0.0000	0.0000	0.0244	0.0000	0.0000	22.2690	17.4518	0.0655	0.2003	0.1143	0.0487	0.6735	0.7448	AAT	CAG	CAA	AAT	CAA	CAA	N	Q	Q	N	Q	Q	195.0000	225.0000	225.0000	195.0000	225.0000	225.0000	E	21	21
27	79	0.0002	0.0001	0.0001	0.0001	0.0001	0.0093	0.0012	0.0012	0.0008	0.0081	0.0000	0.0000	16.3875	11.5490	0.2285	0.1640	0.1875	0.0904	0.2408	0.4259	GAG	GAG	GAC	GAG	GAG	GAC	E	E	D	E	E	D	223.0000	223.0000	193.0000	223.0000	223.0000	193.0000	E	22	22
28	82	0.0002	0.0000	0.0000	0.0000	0.0001	0.0916	0.0011	0.0004	0.0000	0.0912	0.0000	0.0000	24.4942	15.7863	0.1257	0.0695	0.1718	0.1779	0.8550	0.6019	AAT	CAT	AAC	AAT	AAT	AAC	N	H	N	N	N	N	195.0000	224.0000	195.0000	195.0000	195.0000	195.0000	H	23	23
29	85	0.0065	0.0019	0.0019	0.0019	0.0047	0.0007	0.0001	0.0000	0.0000	0.0006	0.0000	0.0000	23.3980	15.8907	0.3862	0.4263	0.0988	0.0059	0.1455	0.8062	GAA	GAA	GAT	GAA	GAA	GAA	E	E	D	E	E	E	223.0000	223.0000	193.0000	223.0000	223.0000	223.0000	Q	24	24
30	88	0.0000	0.0000	0.0000	0.0000	0.0000	0.3401	0.0442	0.0192	0.0061	0.3209	0.0000	0.0000	26.8051	23.5626	0.0578	0.2058	0.1215	0.7437	0.5968	0.7664	CAT	AAC	CAT	AAT	AAT	AAT	H	N	H	N	N	N	224.0000	195.0000	224.0000	195.0000	195.0000	195.0000	D	25	25
31	91	0.0000	0.0000	0.0000	0.0000	0.0000	0.0000	0.0000	0.0000	0.0000	0.0000	0.0000	0.0000	9.7478	6.6336	0.0065	0.7294	0.0256	0.0006	0.0105	0.8374	TTT	TTC	GAT	TTT	TTT	GAA	F	F	H	F	F	E	240.0000	240.0000	224.0000	240.0000	240.0000	223.0000	F	26	26
32	94	0.0000	0.0000	0.0000	0.0000	0.0000	0.0002	0.0000	0.0000	0.0000	0.0002	0.0000	0.0000	18.5802	6.1789	0.1185	0.6976	0.6037	0.0118	0.1245	0.1662	CTC	CTG	TCC	CTC	CTC	TCC	L	L	S	L	L	S	201.0000	201.0000	155.0000	201.0000	201.0000	155.0000	L	27	27
33	97	0.0004	0.0000	0.0000	0.0000	0.0003	0.0639	0.0098	0.0076	0.0038	0.0562	0.0000	0.0000	24.6928	19.8520	0.2247	0.1520	0.1509	0.1407	0.6680	0.6797	AGG	AAG	AAG	AGG	AGG	AAG	R	K	K	R	R	K	274.0000	236.0000	236.0000	274.0000	274.0000	236.0000	Q	28	28
34	100	0.0000	0.0000	0.0000	0.0000	0.0000	0.0037	0.0004	0.0000	0.0000	0.0037	0.0000	0.0000	13.4786	3.2040	0.0004	0.3942	0.2912	0.9986	0.0061	0.6086	GCC	TTC	CTG	TTC	TTC	TTC	A	F	L	F	F	L	129.0000	240.0000	201.0000	240.0000	240.0000	201.0000	F	29	29
35	103	0.0000	0.0000	0.0000	0.0000	0.0000	0.0000	0.0000	0.0000	0.0000	0.0000	0.0000	0.0000	16.1388	13.0409	0.0126	0.0852	0.3869	0.0020	0.0172	0.0564	AGC	AGC	CAC	AGC	AGC	CAC	S	S	H	S	S	H	155.0000	155.0000	224.0000	155.0000	155.0000	224.0000	S	30	30
36	106	0.0003	0.0000	0.0000	0.0000	0.0002	0.0100	0.0001	0.0007	0.0000	0.0092	0.0000	0.0000	17.9351	15.0779	0.0364	0.5179	0.1213	0.0836	0.1568	0.7602	AAA	AAG	AAC	AAA	AAA	AAC	K	K	N	K	K	N	236.0000	236.0000	195.0000	236.0000	236.0000	195.0000	K	31	31
37	109	0.0005	0.0000	0.0001	0.0000	0.0004	0.0014	0.0001	0.0002	0.0001	0.0013	0.0000	0.0000	18.7441	16.2949	0.0242	0.1331	0.2091	0.0067	0.3810	0.5652	ATC	ATC	ATC	ATC	ATC	ATC	I	I	I	I	I	I	197.0000	197.0000	197.0000	197.0000	197.0000	197.0000	V	32	32
38	112	0.0002	0.0000	0.0000	0.0000	0.0002	0.0000	0.0000	0.0000	0.0000	0.0000	0.0000	0.0000	6.3628	0.0029	0.0126	0.2634	0.0576	0.0000	0.0005	0.0002	TTT	TTT	TTT	TTT	TTT	TTT	F	F	F	F	F	F	240.0000	240.0000	240.0000	240.0000	240.0000	240.0000	F	33	33
39	115	0.0003	0.0000	0.0000	0.0000	0.0003	0.0000	0.0000	0.0000	0.0000	0.0000	0.0000	0.0000	8.4725	0.0046	0.0054	0.0700	0.8268	0.0000	0.0003	0.0005	CTG	CTG	CTA	CTG	CTG	CTG	L	L	L	L	L	L	201.0000	201.0000	201.0000	201.0000	201.0000	201.0000	L	34	34
40	118	0.0000	0.0000	0.0000	0.0000	0.0000	0.0000	0.0000	0.0000	0.0000	0.0000	0.0000	0.0000	8.7914	3.1035	0.0003	0.2167	0.6063	0.0000	0.0000	0.0000	CCC	CCC	CCT	CCC	CCC	CCA	P	P	P	P	P	P	159.0000	159.0000	159.0000	159.0000	159.0000	159.0000	P	35	35
41	121	0.0008	0.0001	0.0001	0.0001	0.0007	0.0000	0.0000	0.0000	0.0000	0.0000	0.0000	0.0000	12.0422	4.0430	0.2706	0.4850	0.0071	0.0000	0.0096	0.9854	TGT	TGC	ATT	TGT	TGC	TGT	C	C	I	C	C	C	167.0000	167.0000	197.0000	167.0000	167.0000	167.0000	C	36	36
42	124	0.0000	0.0000	0.0000	0.0000	0.0000	0.0000	0.0000	0.0000	0.0000	0.0000	0.0000	0.0000	8.1646	7.8348	0.0000	0.0000	0.0019	0.0000	0.0317	0.4867	ATG	ATG	ATG	ATG	ATG	ATG	M	M	M	M	M	M	224.0000	224.0000	224.0000	224.0000	224.0000	224.0000	M	37	37
43	127	0.0036	0.0000	0.0000	0.0000	0.0036	0.0000	0.0000	0.0000	0.0000	0.0000	0.0000	0.0000	7.6807	0.0017	0.0218	0.8020	0.2082	0.0000	0.0003	0.0002	TAT	TAC	TAT	TAT	TAT	TAT	Y	Y	Y	Y	Y	Y	263.0000	263.0000	263.0000	263.0000	263.0000	263.0000	Y	38	38
44	130	0.0000	0.0000	0.0000	0.0000	0.0000	0.0008	0.0003	0.0000	0.0000	0.0008	0.0000	0.0000	17.3776	8.9189	0.0004	0.0038	0.6883	0.9899	0.9922	0.0008	GCA	TTG	TCT	TCA	TCA	TCA	A	L	S	S	S	S	129.0000	201.0000	155.0000	155.0000	155.0000	155.0000	L	39	39
45	133	0.0000	0.0000	0.0000	0.0000	0.0000	0.0153	0.0052	0.0002	0.0001	0.0150	0.0000	0.0000	18.7099	14.6934	0.0487	0.0994	0.1163	0.0223	0.8456	0.8075	TTT	CTG	GTC	TTT	TTT	TTC	F	L	V	F	F	F	240.0000	201.0000	174.0000	240.0000	240.0000	240.0000	V	40	40
46	136	0.0000	0.0000	0.0000	0.0000	0.0000	0.0014	0.0000	0.0000	0.0000	0.0014	0.0000	0.0000	13.7339	4.9596	0.0697	0.3468	0.5457	0.0325	0.6003	0.0720	GCT	GTG	ACT	GCT	GTT	ACT	A	V	T	A	V	T	129.0000	174.0000	172.0000	129.0000	174.0000	172.0000	V	41	41
47	139	0.0043	0.0005	0.0005	0.0005	0.0038	0.0000	0.0000	0.0000	0.0000	0.0000	0.0000	0.0000	11.9505	3.5635	0.0394	0.4364	0.2533	0.0001	0.0018	0.4869	TTT	TTT	TTC	TTT	TTT	TTC	F	F	F	F	F	F	240.0000	240.0000	240.0000	240.0000	240.0000	240.0000	F	42	42
48	142	0.0000	0.0000	0.0000	0.0000	0.0000	0.2660	0.0503	0.0000	0.0000	0.2659	0.0000	0.0000	14.1897	12.1363	0.0001	0.0629	0.3955	0.9907	0.6070	0.4423	GCC	GTC	ATT	ATC	ATC	ATC	A	V	I	I	I	I	129.0000	174.0000	197.0000	197.0000	197.0000	197.0000	V	43	43
49	145	0.0046	0.0014	0.0014	0.0014	0.0032	0.0000	0.0000	0.0000	0.0000	0.0000	0.0000	0.0000	11.5654	7.7455	0.2811	0.1206	0.1370	0.0008	0.0510	0.0527	TTT	TTT	TTT	TTT	TTT	TTT	F	F	F	F	F	F	240.0000	240.0000	240.0000	240.0000	240.0000	240.0000	C	44	44
50	148	0.0007	0.0002	0.0001	0.0001	0.0006	0.0000	0.0000	0.0000	0.0000	0.0000	0.0000	0.0000	10.6031	0.0000	0.0515	0.2818	0.0494	0.0000	0.0000	0.0000	GGG	GGA	GGA	GGG	GGA	GGA	G	G	G	G	G	G	104.0000	104.0000	104.0000	104.0000	104.0000	104.0000	G	45	45
51	151	0.0001	0.0000	0.0000	0.0000	0.0001	0.0000	0.0000	0.0000	0.0000	0.0000	0.0000	0.0000	5.7018	2.0245	0.0091	0.1847	0.0674	0.0000	0.0007	0.0003	CTG	CTG	CTG	CTG	CTG	CTG	L	L	L	L	L	L	201.0000	201.0000	201.0000	201.0000	201.0000	201.0000	L	46	46
52	154	0.0001	0.0000	0.0000	0.0000	0.0001	0.0259	0.0026	0.0021	0.0021	0.0238	0.0000	0.0000	19.7585	13.6043	0.0062	0.7996	0.3919	0.9002	0.0707	0.4070	ATA	GTG	GTT	GTA	GTA	GTA	I	V	V	V	V	V	197.0000	174.0000	174.0000	174.0000	174.0000	174.0000	V	47	47
53	157	0.0360	0.0017	0.0007	0.0007	0.0353	0.0000	0.0000	0.0000	0.0000	0.0000	0.0000	0.0000	10.8876	0.0000	0.1652	0.3301	0.6602	0.0000	0.0000	0.0000	GGA	GGG	GGG	GGA	GGG	GGG	G	G	G	G	G	G	104.0000	104.0000	104.0000	104.0000	104.0000	104.0000	G	48	48
54	160	0.0278	0.0023	0.0023	0.0023	0.0255	0.0000	0.0000	0.0000	0.0000	0.0000	0.0000	0.0000	5.2352	0.0003	0.2381	0.1538	0.7602	0.0000	0.0001	0.0000	AAT	AAC	AAT	AAT	AAC	AAC	N	N	N	N	N	N	195.0000	195.0000	195.0000	195.0000	195.0000	195.0000	N	49	49
55	163	0.0004	0.0000	0.0000	0.0000	0.0004	0.0069	0.0000	0.0000	0.0000	0.0069	0.0000	0.0000	22.0404	11.0463	0.0848	0.4640	0.0183	0.0249	0.2833	0.9745	TCT	TCC	TTG	TCT	TCT	TCT	S	S	L	S	S	S	155.0000	155.0000	201.0000	155.0000	155.0000	155.0000	S	50	50
56	166	0.0042	0.0002	0.0000	0.0000	0.0042	0.0000	0.0000	0.0000	0.0000	0.0000	0.0000	0.0000	12.6294	0.0077	0.0080	0.6328	0.8242	0.0000	0.0008	0.0011	TTG	CTG	CTC	TTG	TTG	CTG	L	L	L	L	L	L	201.0000	201.0000	201.0000	201.0000	201.0000	201.0000	L	51	51
57	169	0.0029	0.0000	0.0000	0.0000	0.0029	0.0000	0.0000	0.0000	0.0000	0.0000	0.0000	0.0000	7.1938	2.4166	0.0244	0.8624	0.1399	0.0000	0.0016	0.2605	GTC	GTG	GTC	GTC	GTC	GTC	V	V	V	V	V	V	174.0000	174.0000	174.0000	174.0000	174.0000	174.0000	V	52	52
58	172	0.0002	0.0000	0.0000	0.0000	0.0002	0.0000	0.0000	0.0000	0.0000	0.0000	0.0000	0.0000	13.0755	3.5105	0.0122	0.9025	0.0566	0.0009	0.0306	0.8790	CTT	CTG	ATT	CTT	CTT	CTT	L	L	I	L	L	L	201.0000	201.0000	197.0000	201.0000	201.0000	201.0000	L	53	53
59	175	0.0002	0.0000	0.0000	0.0000	0.0002	0.0001	0.0000	0.0000	0.0000	0.0001	0.0000	0.0000	12.5418	5.9566	0.0092	0.1175	0.4565	0.0006	0.7784	0.1740	ATC	GTC	ATC	ATC	ATC	ATC	I	V	I	I	I	I	197.0000	174.0000	197.0000	197.0000	197.0000	197.0000	V	54	54
60	178	0.0003	0.0000	0.0000	0.0000	0.0002	0.0000	0.0000	0.0000	0.0000	0.0000	0.0000	0.0000	10.1455	3.2715	0.0051	0.1866	0.2705	0.0001	0.0840	0.0300	ATA	ATA	ATA	ATA	ATA	ATA	I	I	I	I	I	I	197.0000	197.0000	197.0000	197.0000	197.0000	197.0000	I	55	55
61	181	0.0042	0.0009	0.0009	0.0009	0.0034	0.0000	0.0000	0.0000	0.0000	0.0000	0.0000	0.0000	14.2306	6.6105	0.0485	0.2454	0.3575	0.0075	0.0026	0.2713	TAC	TAC	TAT	TAC	TAC	TAT	Y	Y	Y	Y	Y	Y	263.0000	263.0000	263.0000	263.0000	263.0000	263.0000	S	56	56
62	184	0.0033	0.0001	0.0001	0.0000	0.0032	0.0012	0.0001	0.0001	0.0001	0.0010	0.0000	0.0000	18.2706	12.1015	0.0152	0.4710	0.4665	0.1061	0.0409	0.2653	ATT	ATT	ATC	ATT	ATT	ATT	I	I	I	I	I	I	197.0000	197.0000	197.0000	197.0000	197.0000	197.0000	I	57	57
63	187	0.0002	0.0000	0.0000	0.0000	0.0002	0.0000	0.0000	0.0000	0.0000	0.0000	0.0000	0.0000	5.6970	0.0121	0.0017	0.3174	0.4618	0.0000	0.0013	0.0008	TTC	TTC	TTC	TTC	TTC	TTC	F	F	F	F	F	F	240.0000	240.0000	240.0000	240.0000	240.0000	240.0000	F	58	58
64	190	0.0000	0.0000	0.0000	0.0000	0.0000	0.0000	0.0000	0.0000	0.0000	0.0000	0.0000	0.0000	7.0388	3.0357	0.0000	0.7108	0.1040	0.9983	0.0182	0.0003	TGT	TAC	TAT	TAT	TAT	TAT	C	Y	Y	Y	Y	Y	167.0000	263.0000	263.0000	263.0000	263.0000	263.0000	Y	59	59
65	193	0.0000	0.0000	0.0000	0.0000	0.0000	0.0000	0.0000	0.0000	0.0000	0.0000	0.0000	0.0000	5.1943	4.0850	0.0001	0.0005	0.0170	0.0000	0.9672	0.0009	GAG	CAG	GAG	GAG	GAG	GAG	E	Q	E	E	E	E	223.0000	225.0000	223.0000	223.0000	223.0000	223.0000	H	60	60
66	196	0.0002	0.0000	0.0000	0.0000	0.0002	0.0000	0.0000	0.0000	0.0000	0.0000	0.0000	0.0000	4.7017	0.0020	0.0012	0.3627	0.5421	0.0000	0.0002	0.0002	AAA	AAG	AAA	AAA	AAG	AAG	K	K	K	K	K	K	236.0000	236.0000	236.0000	236.0000	236.0000	236.0000	K	61	61
67	199	0.0005	0.0000	0.0000	0.0000	0.0005	0.0002	0.0000	0.0000	0.0000	0.0002	0.0000	0.0000	12.1745	9.1449	0.0123	0.2778	0.1479	0.0039	0.0669	0.6388	CTG	CTG	CTG	CTG	CTG	CTG	L	L	L	L	L	L	201.0000	201.0000	201.0000	201.0000	201.0000	201.0000	L	62	62
68	202	0.0000	0.0000	0.0000	0.0000	0.0000	0.0000	0.0000	0.0000	0.0000	0.0000	0.0000	0.0000	7.8214	3.2351	0.0009	0.0202	0.3412	0.0000	0.0062	0.0502	AAG	AAG	AAG	AAG	AAG	AAG	K	K	K	K	K	K	236.0000	236.0000	236.0000	236.0000	236.0000	236.0000	Q	63	63
69	205	0.0086	0.0008	0.0003	0.0001	0.0083	0.0000	0.0000	0.0000	0.0000	0.0000	0.0000	0.0000	20.3974	7.8356	0.3761	0.0451	0.6732	0.0000	0.9365	0.0310	ACG	AGC	ACA	ACG	ACG	ACA	T	S	T	T	T	T	172.0000	155.0000	172.0000	172.0000	172.0000	172.0000	S	64	64
70	208	0.0085	0.0014	0.0002	0.0000	0.0083	0.0000	0.0000	0.0000	0.0000	0.0000	0.0000	0.0000	10.1102	2.0192	0.2216	0.0841	0.4539	0.0000	0.0006	0.0008	CTG	CTG	CTG	CTG	CTG	CTG	L	L	L	L	L	L	201.0000	201.0000	201.0000	201.0000	201.0000	201.0000	L	65	65
71	211	0.0257	0.0043	0.0019	0.0014	0.0238	0.0000	0.0000	0.0000	0.0000	0.0000	0.0000	0.0000	15.0199	1.1019	0.0597	0.6495	0.6624	0.0000	0.0005	0.0003	ACA	ACT	ACA	ACA	ACA	ACT	T	T	T	T	T	T	172.0000	172.0000	172.0000	172.0000	172.0000	172.0000	T	66	66
72	214	0.0009	0.0000	0.0000	0.0000	0.0009	0.0000	0.0000	0.0000	0.0000	0.0000	0.0000	0.0000	10.5520	0.0017	0.0032	0.7177	0.4027	0.0000	0.0003	0.0001	GAT	GAC	GAT	GAT	GAT	GAT	D	D	D	D	D	D	193.0000	193.0000	193.0000	193.0000	193.0000	193.0000	D	67	67
73	217	0.0004	0.0000	0.0000	0.0000	0.0004	0.0005	0.0000	0.0000	0.0000	0.0005	0.0000	0.0000	18.3161	8.2819	0.1350	0.5571	0.0310	0.0044	0.1084	0.9536	GTA	GTA	ACA	GTA	GTA	GTA	V	V	T	V	V	V	174.0000	174.0000	172.0000	174.0000	174.0000	174.0000	V	68	68
74	220	0.0002	0.0000	0.0000	0.0000	0.0002	0.0000	0.0000	0.0000	0.0000	0.0000	0.0000	0.0000	4.9612	0.0098	0.0051	0.2703	0.1206	0.0000	0.0011	0.0006	TTT	TTT	TTT	TTT	TTT	TTT	F	F	F	F	F	F	240.0000	240.0000	240.0000	240.0000	240.0000	240.0000	F	69	69
75	223	0.1730	0.0202	0.0001	0.0000	0.1730	0.0000	0.0000	0.0000	0.0000	0.0000	0.0000	0.0000	10.5517	1.0436	0.5504	0.7472	0.4208	0.0000	0.0015	0.0098	TTA	CTG	TTG	TTG	TTG	TTG	L	L	L	L	L	L	201.0000	201.0000	201.0000	201.0000	201.0000	201.0000	L	70	70
76	226	0.0001	0.0000	0.0000	0.0000	0.0001	0.0000	0.0000	0.0000	0.0000	0.0000	0.0000	0.0000	13.9883	9.2450	0.0041	0.0357	0.6664	0.0017	0.6274	0.0185	GTG	GTG	GTA	GTG	GTG	GTG	V	V	V	V	V	V	174.0000	174.0000	174.0000	174.0000	174.0000	174.0000	V	71	71
77	229	0.0000	0.0000	0.0000	0.0000	0.0000	0.0000	0.0000	0.0000	0.0000	0.0000	0.0000	0.0000	8.0803	2.1667	0.0122	0.1197	0.4902	0.0515	0.0172	0.0005	AGC	AAC	AAT	AGC	AAC	AAT	S	N	N	S	N	N	155.0000	195.0000	195.0000	155.0000	195.0000	195.0000	N	72	72
78	232	0.0000	0.0000	0.0000	0.0000	0.0000	0.0000	0.0000	0.0000	0.0000	0.0000	0.0000	0.0000	10.6109	0.0071	0.0003	0.4490	0.3480	0.0000	0.0015	0.0005	TTG	TTG	TTG	TTG	TTG	TTG	L	L	L	L	L	L	201.0000	201.0000	201.0000	201.0000	201.0000	201.0000	L	73	73
79	235	0.0000	0.0000	0.0000	0.0000	0.0000	0.0000	0.0000	0.0000	0.0000	0.0000	0.0000	0.0000	9.9746	2.1141	0.0044	0.0035	0.6287	0.0000	0.9917	0.0032	GCT	CCC	GCC	GCT	GCT	GCC	A	P	A	A	A	A	129.0000	159.0000	129.0000	129.0000	129.0000	129.0000	P	74	74
80	238	0.0000	0.0000	0.0000	0.0000	0.0000	0.2555	0.0472	0.0009	0.0004	0.2547	0.0000	0.0000	21.2928	12.8937	0.0017	0.2230	0.1680	0.9568	0.3922	0.6810	ACA	ATA	ACT	ATA	ATA	ATA	T	I	T	I	I	I	172.0000	197.0000	172.0000	197.0000	197.0000	197.0000	L	75	75
81	241	0.0293	0.0040	0.0033	0.0028	0.0260	0.0000	0.0000	0.0000	0.0000	0.0000	0.0000	0.0000	8.9964	0.0006	0.9212	0.0599	0.5306	0.0000	0.0001	0.0001	GCA	GCT	GCT	GCT	GCT	GCT	A	A	A	A	A	A	129.0000	129.0000	129.0000	129.0000	129.0000	129.0000	A	76	76
82	244	0.0000	0.0000	0.0000	0.0000	0.0000	0.0000	0.0000	0.0000	0.0000	0.0000	0.0000	0.0000	5.6341	0.0006	0.0003	0.1064	0.4013	0.0000	0.0001	0.0001	GAC	GAC	GAC	GAC	GAC	GAC	D	D	D	D	D	D	193.0000	193.0000	193.0000	193.0000	193.0000	193.0000	D	77	77
83	247	0.0017	0.0001	0.0001	0.0000	0.0016	0.0003	0.0000	0.0000	0.0000	0.0002	0.0000	0.0000	16.7909	7.4666	0.2308	0.5609	0.3890	0.0038	0.1562	0.4336	TTG	TTG	ATA	TTG	TTG	ATC	L	L	I	L	L	I	201.0000	201.0000	197.0000	201.0000	201.0000	197.0000	L	78	78
84	250	0.3022	0.1437	0.0003	0.0002	0.3019	0.0000	0.0000	0.0000	0.0000	0.0000	0.0000	0.0000	13.7914	5.2872	0.8578	0.6517	0.5407	0.0065	0.1103	0.0021	CTT	CTG	CTC	CTC	CTC	CTC	L	L	L	L	L	L	201.0000	201.0000	201.0000	201.0000	201.0000	201.0000	V	79	79
85	253	0.0238	0.0008	0.0008	0.0008	0.0229	0.0000	0.0000	0.0000	0.0000	0.0000	0.0000	0.0000	9.2013	0.0034	0.5609	0.1758	0.2410	0.0000	0.0004	0.0004	TTC	TTT	TTT	TTT	TTT	TTT	F	F	F	F	F	F	240.0000	240.0000	240.0000	240.0000	240.0000	240.0000	F	80	80
86	256	0.0000	0.0000	0.0000	0.0000	0.0000	0.0000	0.0000	0.0000	0.0000	0.0000	0.0000	0.0000	7.8064	2.3648	0.0009	0.0576	0.4287	0.0000	0.8602	0.0173	CTT	ATC	CTC	CTT	CTC	CTC	L	I	L	L	L	L	201.0000	197.0000	201.0000	201.0000	201.0000	201.0000	V	81	81
87	259	0.0000	0.0000	0.0000	0.0000	0.0000	0.0000	0.0000	0.0000	0.0000	0.0000	0.0000	0.0000	17.4665	5.2142	0.0185	0.4845	0.4983	0.8905	0.0027	0.0009	TCC	TGC	TGC	TGC	TGC	TGC	S	C	C	C	C	C	155.0000	167.0000	167.0000	167.0000	167.0000	167.0000	C	82	82
88	262	0.2039	0.0133	0.0038	0.0008	0.2001	0.0000	0.0000	0.0000	0.0000	0.0000	0.0000	0.0000	18.4970	0.0039	0.7900	0.3876	0.6658	0.0000	0.0006	0.0004	ACC	ACT	ACT	ACG	ACT	ACT	T	T	T	T	T	T	172.0000	172.0000	172.0000	172.0000	172.0000	172.0000	T	83	83
89	265	0.1440	0.0020	0.0009	0.0002	0.1431	0.0000	0.0000	0.0000	0.0000	0.0000	0.0000	0.0000	14.3811	0.0103	0.3238	0.5476	0.8121	0.0000	0.0010	0.0014	TTG	CTG	CTA	TTG	CTG	CTT	L	L	L	L	L	L	201.0000	201.0000	201.0000	201.0000	201.0000	201.0000	L	84	84
90	268	0.0000	0.0000	0.0000	0.0000	0.0000	0.0000	0.0000	0.0000	0.0000	0.0000	0.0000	0.0000	5.1476	0.0000	0.0001	0.8530	0.0124	0.0000	0.0000	0.0000	CCA	CCC	CCA	CCA	CCA	CCA	P	P	P	P	P	P	159.0000	159.0000	159.0000	159.0000	159.0000	159.0000	P	85	85
91	271	0.0000	0.0000	0.0000	0.0000	0.0000	0.0000	0.0000	0.0000	0.0000	0.0000	0.0000	0.0000	2.2296	0.0019	0.0005	0.0172	0.0232	0.0000	0.0003	0.0002	TTC	TTC	TTC	TTC	TTC	TTC	F	F	F	F	F	F	240.0000	240.0000	240.0000	240.0000	240.0000	240.0000	F	86	86
92	274	0.0000	0.0000	0.0000	0.0000	0.0000	0.0000	0.0000	0.0000	0.0000	0.0000	0.0000	0.0000	4.5846	1.0924	0.0000	0.0000	0.5424	0.0000	0.0001	0.0641	TGG	TGG	CTG	TGG	TGG	CTG	W	W	L	W	W	L	285.0000	285.0000	201.0000	285.0000	285.0000	201.0000	W	87	87
93	277	0.0091	0.0004	0.0005	0.0001	0.0086	0.0000	0.0000	0.0000	0.0000	0.0000	0.0000	0.0000	13.5422	1.0036	0.0203	0.7483	0.6006	0.0000	0.0006	0.0003	GCA	GCC	GCA	GCA	GCA	GCA	A	A	A	A	A	A	129.0000	129.0000	129.0000	129.0000	129.0000	129.0000	A	88	88
94	280	0.0000	0.0000	0.0000	0.0000	0.0000	0.0000	0.0000	0.0000	0.0000	0.0000	0.0000	0.0000	6.8727	1.0129	0.0017	0.2465	0.0597	0.0000	0.0003	0.0024	TAT	TAT	TAT	TAT	TAT	TAT	Y	Y	Y	Y	Y	Y	263.0000	263.0000	263.0000	263.0000	263.0000	263.0000	Y	89	89
95	283	0.0000	0.0000	0.0000	0.0000	0.0000	0.0006	0.0000	0.0000	0.0000	0.0006	0.0000	0.0000	12.4922	6.8923	0.0109	0.0620	0.0331	0.0007	0.9027	0.8353	TCT	GCA	CAA	TCT	TCT	TCT	S	A	Q	S	S	S	155.0000	129.0000	225.0000	155.0000	155.0000	155.0000	A	90	90
96	286	0.0011	0.0000	0.0000	0.0000	0.0011	0.0000	0.0000	0.0000	0.0000	0.0000	0.0000	0.0000	13.9259	6.1146	0.0080	0.3815	0.3687	0.0000	0.5695	0.0068	GCT	GCC	GCT	GCT	GCT	GCT	A	A	A	A	A	A	129.0000	129.0000	129.0000	129.0000	129.0000	129.0000	G	91	91
97	289	0.0001	0.0000	0.0000	0.0000	0.0000	0.0000	0.0000	0.0000	0.0000	0.0000	0.0000	0.0000	16.9378	6.1967	0.0216	0.0049	0.5029	0.0000	0.9901	0.0006	GCT	ATT	GCA	GCT	GCT	GCA	A	I	A	A	A	A	129.0000	197.0000	129.0000	129.0000	129.0000	129.0000	I	92	92
98	292	0.0142	0.0013	0.0013	0.0013	0.0129	0.0081	0.0002	0.0009	0.0000	0.0072	0.0000	0.0000	22.8947	14.6921	0.1758	0.5158	0.1743	0.2561	0.0495	0.6377	CAC	CAT	CAC	CAC	CAC	CAC	H	H	H	H	H	H	224.0000	224.0000	224.0000	224.0000	224.0000	224.0000	H	93	93
99	295	0.0000	0.0000	0.0000	0.0000	0.0000	0.0000	0.0000	0.0000	0.0000	0.0000	0.0000	0.0000	9.7265	4.8422	0.0018	0.0614	0.0196	0.0000	0.0025	0.9152	GAG	GAG	AGC	GAG	GAG	GAG	E	E	S	E	E	E	223.0000	223.0000	155.0000	223.0000	223.0000	223.0000	E	94	94
100	298	0.0000	0.0000	0.0000	0.0000	0.0000	0.0000	0.0000	0.0000	0.0000	0.0000	0.0000	0.0000	0.0000	0.0000	0.0000	0.0000	0.0000	0.0000	0.0000	0.0000	TGG	TGG	TGG	TGG	TGG	TGG	W	W	W	W	W	W	285.0000	285.0000	285.0000	285.0000	285.0000	285.0000	W	95	95
101	301	0.0001	0.0000	0.0000	0.0000	0.0001	0.0020	0.0000	0.0000	0.0000	0.0020	0.0000	0.0000	12.5490	7.2584	0.3740	0.0484	0.1247	0.0082	0.7269	0.3371	ATT	GTC	ATC	ATT	ATC	ATC	I	V	I	I	I	I	197.0000	174.0000	197.0000	197.0000	197.0000	197.0000	V	96	96
102	304	0.0000	0.0000	0.0000	0.0000	0.0000	0.0000	0.0000	0.0000	0.0000	0.0000	0.0000	0.0000	3.4792	0.0016	0.0005	0.0181	0.0987	0.0000	0.0002	0.0002	TTT	TTT	TTT	TTT	TTT	TTT	F	F	F	F	F	F	240.0000	240.0000	240.0000	240.0000	240.0000	240.0000	F	97	97
103	307	0.0000	0.0000	0.0000	0.0000	0.0000	0.0000	0.0000	0.0000	0.0000	0.0000	0.0000	0.0000	6.8239	2.0437	0.0016	0.1447	0.0610	0.0000	0.0001	0.0000	GGC	GGC	GGC	GGC	GGC	GGC	G	G	G	G	G	G	104.0000	104.0000	104.0000	104.0000	104.0000	104.0000	G	98	98
104	310	0.0000	0.0000	0.0000	0.0000	0.0000	0.5911	0.0743	0.0010	0.0001	0.5902	0.0000	0.0000	29.2135	18.6813	0.0829	0.1323	0.0661	0.8661	0.7842	0.8703	TCC	CAA	AAT	ACT	ACT	AAA	S	Q	N	T	T	T	155.0000	225.0000	195.0000	172.0000	172.0000	172.0000	Q	99	99
105	313	0.0024	0.0002	0.0000	0.0000	0.0024	0.0144	0.0001	0.0000	0.0000	0.0144	0.0000	0.0000	20.9707	11.0720	0.3019	0.0570	0.3495	0.0297	0.9170	0.5300	TTG	GTC	CTG	TTG	TTG	CTG	L	V	L	L	L	L	201.0000	174.0000	201.0000	201.0000	201.0000	201.0000	V	100	100
106	316	0.0000	0.0000	0.0000	0.0000	0.0000	0.0000	0.0000	0.0000	0.0000	0.0000	0.0000	0.0000	6.1258	6.0836	0.0000	0.0000	0.0000	0.0021	0.0003	0.0018	ATG	ATG	ATG	ATG	ATG	ATG	M	M	M	M	M	M	224.0000	224.0000	224.0000	224.0000	224.0000	224.0000	M	101	101
107	319	0.0015	0.0001	0.0001	0.0001	0.0015	0.0000	0.0000	0.0000	0.0000	0.0000	0.0000	0.0000	6.2031	0.0000	0.0048	0.6341	0.4941	0.0000	0.0000	0.0000	TGT	TGC	TGT	TGT	TGT	TGT	C	C	C	C	C	C	167.0000	167.0000	167.0000	167.0000	167.0000	167.0000	C	102	102
108	322	0.0000	0.0000	0.0000	0.0000	0.0000	0.0000	0.0000	0.0000	0.0000	0.0000	0.0000	0.0000	10.0579	4.3822	0.0015	0.2054	0.0799	0.0020	0.0012	0.0007	AAA	AAA	AAA	AAA	AAA	AAA	K	K	K	K	K	K	236.0000	236.0000	236.0000	236.0000	236.0000	236.0000	K	103	103
109	325	0.0262	0.0032	0.0025	0.0020	0.0237	0.0003	0.0000	0.0000	0.0000	0.0003	0.0000	0.0000	21.2805	12.9255	0.2952	0.1967	0.4813	0.0062	0.5709	0.0947	ATT	ATC	ATC	ATT	ATC	ATC	I	V	I	I	I	I	197.0000	174.0000	197.0000	197.0000	197.0000	197.0000	S	104	104
110	328	0.0020	0.0001	0.0001	0.0000	0.0020	0.0000	0.0000	0.0000	0.0000	0.0000	0.0000	0.0000	13.6318	5.1241	0.0219	0.2612	0.4054	0.0002	0.5786	0.2586	ATA	ATA	ATC	ATA	ATA	ATC	I	I	I	I	I	I	197.0000	197.0000	197.0000	197.0000	197.0000	197.0000	L	105	105
111	331	0.0000	0.0000	0.0000	0.0000	0.0000	0.0000	0.0000	0.0000	0.0000	0.0000	0.0000	0.0000	10.7418	3.0461	0.0354	0.0029	0.2025	0.0000	0.9815	0.0003	CGG	CTG	CGG	CGG	CGG	CGG	R	L	R	R	R	R	274.0000	201.0000	274.0000	274.0000	274.0000	274.0000	L	106	106
112	334	0.0000	0.0000	0.0000	0.0000	0.0000	0.0000	0.0000	0.0000	0.0000	0.0000	0.0000	0.0000	6.0094	1.0024	0.0001	0.1338	0.5127	0.0000	0.0000	0.0006	GGC	GGC	GGC	GGC	GGC	GGC	G	G	G	G	G	G	104.0000	104.0000	104.0000	104.0000	104.0000	104.0000	G	107	107
113	337	0.0050	0.0001	0.0004	0.0000	0.0046	0.0022	0.0000	0.0000	0.0000	0.0022	0.0000	0.0000	24.5973	12.3408	0.5119	0.2163	0.0547	0.0034	0.6900	0.9276	CTG	ATG	GCA	CTG	CTG	CTG	L	L	A	L	L	L	201.0000	201.0000	129.0000	201.0000	201.0000	201.0000	I	108	108
114	340	0.0001	0.0000	0.0000	0.0000	0.0000	0.0000	0.0000	0.0000	0.0000	0.0000	0.0000	0.0000	6.9751	0.0017	0.0142	0.0429	0.1367	0.0000	0.0002	0.0002	TAC	TAC	TAC	TAC	TAC	TAC	Y	Y	Y	Y	Y	Y	263.0000	263.0000	263.0000	263.0000	263.0000	263.0000	Y	109	109
115	343	0.0000	0.0000	0.0000	0.0000	0.0000	0.0000	0.0000	0.0000	0.0000	0.0000	0.0000	0.0000	16.4825	4.1577	0.0777	0.5138	0.0113	0.0003	0.0063	0.9610	ACT	ACT	AGA	ACT	ACT	ACT	T	T	R	T	T	T	172.0000	172.0000	274.0000	172.0000	172.0000	172.0000	T	110	110
116	346	0.0000	0.0000	0.0000	0.0000	0.0000	0.0000	0.0000	0.0000	0.0000	0.0000	0.0000	0.0000	15.1376	8.2530	0.0206	0.4676	0.2150	0.0001	0.1467	0.5256	TTG	TTG	ATA	TTG	TTG	ATA	L	L	I	L	L	I	201.0000	201.0000	197.0000	201.0000	201.0000	197.0000	I	111	111
117	349	0.0010	0.0002	0.0002	0.0002	0.0008	0.0000	0.0000	0.0000	0.0000	0.0000	0.0000	0.0000	5.8619	0.0006	0.0090	0.4898	0.2249	0.0000	0.0001	0.0000	AAT	AAC	AAC	AAT	AAC	AAC	N	N	N	N	N	N	195.0000	195.0000	195.0000	195.0000	195.0000	195.0000	N	112	112
118	352	0.0002	0.0000	0.0000	0.0000	0.0002	0.0000	0.0000	0.0000	0.0000	0.0000	0.0000	0.0000	11.0106	3.0501	0.0217	0.0104	0.7864	0.0000	0.9738	0.0024	CTG	TTC	TTG	CTG	CTG	CTG	L	F	L	L	L	L	201.0000	240.0000	201.0000	201.0000	201.0000	201.0000	F	113	113
119	355	0.0029	0.0003	0.0003	0.0003	0.0025	0.0000	0.0000	0.0000	0.0000	0.0000	0.0000	0.0000	5.2099	0.0012	0.0721	0.0927	0.4269	0.0000	0.0002	0.0001	TAC	TAC	TAC	TAC	TAC	TAC	Y	Y	Y	Y	Y	Y	263.0000	263.0000	263.0000	263.0000	263.0000	263.0000	Y	114	114
120	358	0.0163	0.0006	0.0005	0.0001	0.0157	0.0000	0.0000	0.0000	0.0000	0.0000	0.0000	0.0000	16.9199	3.0915	0.0310	0.7344	0.7131	0.0001	0.0031	0.0161	ACT	ACG	ACA	ACT	ACT	ACG	T	T	T	T	T	T	172.0000	172.0000	172.0000	172.0000	172.0000	172.0000	T	115	115
121	361	0.0008	0.0001	0.0000	0.0000	0.0008	0.0000	0.0000	0.0000	0.0000	0.0000	0.0000	0.0000	6.3901	0.0008	0.1897	0.0575	0.0725	0.0000	0.0001	0.0000	TCA	TCC	TCC	TCA	TCC	TCC	S	S	S	S	S	S	155.0000	155.0000	155.0000	155.0000	155.0000	155.0000	S	116	116
122	364	0.0000	0.0000	0.0000	0.0000	0.0000	0.0000	0.0000	0.0000	0.0000	0.0000	0.0000	0.0000	0.0000	0.0004	0.0000	0.0000	0.0000	0.0000	0.0001	0.0000	ATG	ATG	ATG	ATG	ATG	ATG	M	M	M	M	M	M	224.0000	224.0000	224.0000	224.0000	224.0000	224.0000	M	117	117
123	367	0.0024	0.0002	0.0000	0.0000	0.0024	0.0000	0.0000	0.0000	0.0000	0.0000	0.0000	0.0000	13.6279	0.0144	0.0039	0.8708	0.7258	0.0000	0.0023	0.0012	TTA	CTG	TTG	TTA	TTG	TTG	L	L	L	L	L	L	201.0000	201.0000	201.0000	201.0000	201.0000	201.0000	L	118	118
124	370	0.0259	0.0020	0.0001	0.0000	0.0258	0.0000	0.0000	0.0000	0.0000	0.0000	0.0000	0.0000	19.0466	5.2200	0.6471	0.0591	0.6810	0.0000	0.8839	0.0061	ACG	ATC	ACT	ACC	ACC	ACT	T	I	T	T	T	T	172.0000	197.0000	172.0000	172.0000	172.0000	172.0000	I	119	119
125	373	0.0002	0.0000	0.0000	0.0000	0.0002	0.0000	0.0000	0.0000	0.0000	0.0000	0.0000	0.0000	6.6247	0.0008	0.0701	0.0373	0.0893	0.0000	0.0001	0.0001	CTC	CTC	CTC	CTC	CTC	CTC	L	L	L	L	L	L	201.0000	201.0000	201.0000	201.0000	201.0000	201.0000	L	120	120
126	376	0.0052	0.0000	0.0000	0.0000	0.0052	0.0000	0.0000	0.0000	0.0000	0.0000	0.0000	0.0000	11.0338	2.0059	0.0169	0.9106	0.3362	0.0000	0.0004	0.0003	ACT	ACC	ACT	ACT	ACT	ACT	T	T	T	T	T	T	172.0000	172.0000	172.0000	172.0000	172.0000	172.0000	T	121	121
127	379	0.0019	0.0001	0.0001	0.0001	0.0018	0.0000	0.0000	0.0000	0.0000	0.0000	0.0000	0.0000	7.8015	3.0014	0.0239	0.3618	0.2145	0.0004	0.0000	0.0001	TGT	TGC	TGC	TGT	TGC	TGC	C	C	C	C	C	C	167.0000	167.0000	167.0000	167.0000	167.0000	167.0000	C	122	122
128	382	0.0033	0.0004	0.0000	0.0000	0.0033	0.0000	0.0000	0.0000	0.0000	0.0000	0.0000	0.0000	9.7112	3.0404	0.0366	0.2986	0.2989	0.0002	0.0019	0.0017	ATA	ATC	ATC	ATA	ATC	ATC	I	I	I	I	I	I	197.0000	197.0000	197.0000	197.0000	197.0000	197.0000	I	123	123
129	385	0.0004	0.0000	0.0000	0.0000	0.0004	0.0000	0.0000	0.0000	0.0000	0.0000	0.0000	0.0000	9.4015	0.0034	0.0101	0.6080	0.0654	0.0000	0.0004	0.0002	ACT	ACT	ACT	ACT	ACT	ACT	T	T	T	T	T	T	172.0000	172.0000	172.0000	172.0000	172.0000	172.0000	T	124	124
130	388	0.0004	0.0000	0.0000	0.0000	0.0004	0.0020	0.0004	0.0003	0.0002	0.0016	0.0000	0.0000	16.9699	11.4715	0.0278	0.2243	0.1122	0.0066	0.4524	0.6533	ATT	ATT	ATT	ATT	ATT	ATT	I	I	I	I	I	I	197.0000	197.0000	197.0000	197.0000	197.0000	197.0000	V	125	125
131	391	0.0000	0.0000	0.0000	0.0000	0.0000	0.0000	0.0000	0.0000	0.0000	0.0000	0.0000	0.0000	4.9102	1.0037	0.0009	0.0026	0.0021	0.0000	0.0001	0.0000	GAC	GAC	GAC	GAC	GAC	GAC	D	D	D	D	D	D	193.0000	193.0000	193.0000	193.0000	193.0000	193.0000	D	126	126
132	394	0.1029	0.0403	0.0004	0.0003	0.1025	0.0000	0.0000	0.0000	0.0000	0.0000	0.0000	0.0000	14.4868	0.0093	0.2325	0.9367	0.4724	0.0000	0.0024	0.0003	AGG	CGG	AGA	AGG	AGG	AGA	R	R	R	R	R	R	274.0000	274.0000	274.0000	274.0000	274.0000	274.0000	R	127	127
133	397	0.0001	0.0000	0.0000	0.0000	0.0001	0.0010	0.0003	0.0009	0.0003	0.0001	0.0000	0.0000	8.0871	5.0193	0.0032	0.3012	0.1364	0.0876	0.0840	0.1379	TTT	TTT	TTT	TTT	TTT	TTT	F	F	F	F	F	F	240.0000	240.0000	240.0000	240.0000	240.0000	240.0000	F	128	128
134	400	0.0000	0.0000	0.0000	0.0000	0.0000	0.0000	0.0000	0.0000	0.0000	0.0000	0.0000	0.0000	7.3542	6.0444	0.0008	0.0182	0.0352	0.0000	0.0007	0.0069	ATT	ATT	ATT	ATT	ATT	ATT	I	I	I	I	I	I	197.0000	197.0000	197.0000	197.0000	197.0000	197.0000	I	129	129
135	403	0.0001	0.0000	0.0000	0.0000	0.0001	0.0000	0.0000	0.0000	0.0000	0.0000	0.0000	0.0000	16.9561	4.2698	0.0104	0.7404	0.0428	0.0000	0.0017	0.9296	GCT	GCA	TCT	GCT	GCT	GCT	A	A	S	A	A	A	129.0000	129.0000	155.0000	129.0000	129.0000	129.0000	V	130	130
136	406	0.0001	0.0000	0.0000	0.0000	0.0001	0.0000	0.0000	0.0000	0.0000	0.0000	0.0000	0.0000	9.0252	3.4583	0.0034	0.0401	0.6399	0.0001	0.9181	0.0028	ATT	GTA	ATA	ATT	ATT	ATT	I	V	I	I	I	I	197.0000	174.0000	197.0000	197.0000	197.0000	197.0000	V	131	131
137	409	0.0000	0.0000	0.0000	0.0000	0.0000	0.3050	0.0022	0.0000	0.0000	0.3049	0.0000	0.0000	19.6477	9.2169	0.2200	0.0257	0.3044	0.6013	0.9375	0.5410	GCC	GTT	ACA	ACC	GCT	GCA	A	V	T	T	A	A	129.0000	174.0000	172.0000	172.0000	129.0000	129.0000	V	132	132
138	412	0.0001	0.0000	0.0000	0.0000	0.0001	0.0000	0.0000	0.0000	0.0000	0.0000	0.0000	0.0000	10.6350	7.0955	0.0007	0.8671	0.0883	0.0003	0.0003	0.0017	CAA	CAG	CAA	CAA	CAA	CAA	Q	Q	Q	Q	Q	Q	225.0000	225.0000	225.0000	225.0000	225.0000	225.0000	K	133	133
139	415	0.0000	0.0000	0.0000	0.0000	0.0000	0.0000	0.0000	0.0000	0.0000	0.0000	0.0000	0.0000	7.3301	1.0041	0.0007	0.0354	0.8534	0.0000	0.0001	0.0009	GCC	GCC	GCT	GCC	GCC	GCC	A	A	A	A	A	A	129.0000	129.0000	129.0000	129.0000	129.0000	129.0000	A	134	134
140	418	0.1069	0.0070	0.0008	0.0006	0.1061	0.0000	0.0000	0.0000	0.0000	0.0000	0.0000	0.0000	11.3403	2.0155	0.7300	0.2527	0.5797	0.0000	0.0003	0.0021	ACA	ACC	ACC	ACC	ACC	ACC	T	T	T	T	T	T	172.0000	172.0000	172.0000	172.0000	172.0000	172.0000	T	135	135
141	421	0.0001	0.0000	0.0000	0.0000	0.0001	0.0000	0.0000	0.0000	0.0000	0.0000	0.0000	0.0000	5.6732	1.0480	0.0007	0.7202	0.3005	0.0000	0.0019	0.0283	AAA	AAG	AAA	AAA	AAA	AAA	K	K	K	K	K	K	236.0000	236.0000	236.0000	236.0000	236.0000	236.0000	K	136	136
142	424	0.0003	0.0000	0.0001	0.0000	0.0002	0.0000	0.0000	0.0000	0.0000	0.0000	0.0000	0.0000	12.8712	7.6900	0.0438	0.1290	0.1848	0.0000	0.1534	0.7314	GCC	GCC	CTT	GCC	GCC	ATG	A	A	L	A	A	A	129.0000	129.0000	201.0000	129.0000	129.0000	129.0000	A	137	137
143	427	0.0011	0.0001	0.0001	0.0001	0.0010	0.0000	0.0000	0.0000	0.0000	0.0000	0.0000	0.0000	18.3351	9.5452	0.1211	0.2046	0.0515	0.0000	0.0547	0.8866	CAC	CAC	AAC	CAC	CAC	CAC	H	H	N	H	H	H	224.0000	224.0000	195.0000	224.0000	224.0000	224.0000	Y	138	138
144	430	0.0000	0.0000	0.0000	0.0000	0.0000	0.0149	0.0002	0.0000	0.0000	0.0149	0.0000	0.0000	16.4269	13.4185	0.0000	0.1645	0.1122	0.0310	0.6398	0.7511	ATG	AAC	AAA	ATG	AAC	AGA	M	N	K	M	N	N	224.0000	195.0000	236.0000	224.0000	195.0000	195.0000	N	139	139
145	433	0.0000	0.0000	0.0000	0.0000	0.0000	0.0003	0.0000	0.0000	0.0000	0.0002	0.0000	0.0000	16.8599	8.4372	0.1954	0.3409	0.3546	0.0046	0.2461	0.2302	TGT	TGT	TTT	TGT	TGT	TTT	C	C	F	C	C	F	167.0000	167.0000	240.0000	167.0000	167.0000	240.0000	Q	140	140
146	436	0.0000	0.0000	0.0000	0.0000	0.0000	0.0000	0.0000	0.0000	0.0000	0.0000	0.0000	0.0000	7.3211	4.1066	0.0003	0.2029	0.1563	0.0000	0.0008	0.0322	CAA	CAA	CAA	CAA	CAA	CAA	Q	Q	Q	Q	Q	Q	225.0000	225.0000	225.0000	225.0000	225.0000	225.0000	Q	141	141
147	439	0.0000	0.0000	0.0000	0.0000	0.0000	0.0003	0.0000	0.0000	0.0000	0.0003	0.0000	0.0000	13.3537	8.2800	0.0022	0.0566	0.1884	0.0079	0.0582	0.6417	GCC	GCC	TCG	GCC	GCC	GCC	A	A	S	A	A	A	129.0000	129.0000	155.0000	129.0000	129.0000	129.0000	A	142	142
148	442	0.0001	0.0000	0.0000	0.0000	0.0000	0.0000	0.0000	0.0000	0.0000	0.0000	0.0000	0.0000	5.9918	3.2584	0.0003	0.2329	0.6856	0.0000	0.0005	0.0871	AAA	AAA	AAG	AAA	AAA	AAA	K	K	K	K	K	K	236.0000	236.0000	236.0000	236.0000	236.0000	236.0000	K	143	143
149	445	0.0003	0.0000	0.0000	0.0000	0.0002	0.0001	0.0000	0.0000	0.0000	0.0001	0.0000	0.0000	14.9272	4.8472	0.0447	0.6794	0.2923	0.0014	0.1316	0.4340	AGA	AGG	AAG	AGA	AGA	AAA	R	R	K	R	R	K	274.0000	274.0000	236.0000	274.0000	274.0000	236.0000	R	144	144
150	448	0.0000	0.0000	0.0000	0.0000	0.0000	0.0001	0.0000	0.0000	0.0000	0.0001	0.0000	0.0000	12.0095	10.7331	0.0000	0.0001	0.0120	0.0012	0.0580	0.9701	ATG	ATG	CAT	ATG	ATG	ATG	M	M	H	M	M	M	224.0000	224.0000	224.0000	224.0000	224.0000	224.0000	M	145	145
151	451	0.0000	0.0000	0.0000	0.0000	0.0000	0.2616	0.0060	0.0001	0.0000	0.2615	0.0000	0.0000	30.4103	26.4010	0.1427	0.1766	0.0434	0.3775	0.7535	0.9198	GTT	ACC	AAA	GTT	GTT	GCT	V	T	K	V	V	A	174.0000	172.0000	236.0000	174.0000	174.0000	129.0000	T	146	146
152	454	0.0000	0.0000	0.0000	0.0000	0.0000	0.0000	0.0000	0.0000	0.0000	0.0000	0.0000	0.0000	0.0004	2.0132	0.0000	0.0000	0.0000	0.0000	0.0049	0.0023	TGG	TGG	TGG	TGG	TGG	TGG	W	W	W	W	W	W	285.0000	285.0000	285.0000	285.0000	285.0000	285.0000	W	147	147
153	457	0.3533	0.0745	0.0178	0.0072	0.3355	0.0000	0.0000	0.0000	0.0000	0.0000	0.0000	0.0000	13.6945	3.0408	0.7124	0.6068	0.8174	0.0000	0.0232	0.0004	GGG	GGC	GGA	GGC	GGC	GGC	G	G	G	G	G	G	104.0000	104.0000	104.0000	104.0000	104.0000	104.0000	G	148	148
154	460	0.0012	0.0000	0.0000	0.0000	0.0012	0.0000	0.0000	0.0000	0.0000	0.0000	0.0000	0.0000	11.2355	5.5056	0.0040	0.6434	0.4849	0.0000	0.0024	0.0287	AAA	AAG	AAA	AAA	AAA	AAA	K	K	K	K	K	K	236.0000	236.0000	236.0000	236.0000	236.0000	236.0000	K	149	149
155	463	0.2905	0.1101	0.0302	0.0169	0.2603	0.0005	0.0000	0.0000	0.0000	0.0004	0.0000	0.0000	16.7679	9.3452	0.8705	0.5799	0.5843	0.0137	0.2661	0.1298	GTG	GTC	GTG	GTA	GTA	GTA	V	V	V	V	V	V	174.0000	174.0000	174.0000	174.0000	174.0000	174.0000	V	150	150
156	466	0.0000	0.0000	0.0000	0.0000	0.0000	0.0000	0.0000	0.0000	0.0000	0.0000	0.0000	0.0000	10.1870	6.9048	0.0103	0.0260	0.0261	0.0003	0.0102	0.2664	ATC	ATC	ATC	ATC	ATC	ATC	I	I	I	I	I	I	197.0000	197.0000	197.0000	197.0000	197.0000	197.0000	T	151	151
157	469	0.0328	0.0031	0.0031	0.0031	0.0298	0.0000	0.0000	0.0000	0.0000	0.0000	0.0000	0.0000	14.1939	2.0109	0.1490	0.4278	0.5152	0.0000	0.0072	0.0000	TGC	TGC	TGT	TGC	TGC	TGC	C	C	C	C	C	C	167.0000	167.0000	167.0000	167.0000	167.0000	167.0000	S	152	152
158	472	0.0000	0.0000	0.0000	0.0000	0.0000	0.0669	0.0046	0.0018	0.0016	0.0652	0.0000	0.0000	20.4436	13.8107	0.0460	0.3602	0.4949	0.4644	0.5039	0.2860	ATT	GTC	GTG	ATT	GTT	GTT	I	V	V	I	V	V	197.0000	174.0000	174.0000	197.0000	174.0000	174.0000	L	153	153
159	475	0.0000	0.0000	0.0000	0.0000	0.0000	0.0002	0.0000	0.0000	0.0000	0.0002	0.0000	0.0000	19.5259	13.3963	0.1566	0.1499	0.1465	0.0004	0.7773	0.7383	TTA	TCT	GCA	TTA	GCA	GCA	L	S	V	L	A	A	201.0000	155.0000	174.0000	201.0000	129.0000	129.0000	L	154	154
160	478	0.0083	0.0006	0.0001	0.0000	0.0082	0.0000	0.0000	0.0000	0.0000	0.0000	0.0000	0.0000	12.8462	7.4234	0.0399	0.4741	0.4397	0.0042	0.1534	0.0391	GTT	GTG	GTG	GTT	GTG	GTG	V	V	V	V	V	V	174.0000	174.0000	174.0000	174.0000	174.0000	174.0000	I	155	155
161	481	0.0000	0.0000	0.0000	0.0000	0.0000	0.0000	0.0000	0.0000	0.0000	0.0000	0.0000	0.0000	0.0000	0.0000	0.0000	0.0000	0.0000	0.0000	0.0000	0.0000	TGG	TGG	TGG	TGG	TGG	TGG	W	W	W	W	W	W	285.0000	285.0000	285.0000	285.0000	285.0000	285.0000	W	156	156
162	484	0.0002	0.0000	0.0000	0.0000	0.0002	0.0000	0.0000	0.0000	0.0000	0.0000	0.0000	0.0000	10.9571	5.2889	0.0045	0.2306	0.1707	0.0000	0.0027	0.0836	GTG	GTG	GTG	GTG	GTG	GTG	V	V	V	V	V	V	174.0000	174.0000	174.0000	174.0000	174.0000	174.0000	V	157	157
163	487	0.0016	0.0001	0.0001	0.0000	0.0015	0.0336	0.0083	0.0031	0.0021	0.0306	0.0000	0.0000	25.8025	17.0008	0.0741	0.3113	0.1797	0.0850	0.5700	0.6943	ATT	ATC	GTT	ATT	ATT	ATT	I	I	L	I	I	I	197.0000	197.0000	201.0000	197.0000	197.0000	197.0000	I	158	158
164	490	0.0094	0.0012	0.0005	0.0005	0.0089	0.0000	0.0000	0.0000	0.0000	0.0000	0.0000	0.0000	9.0947	1.0139	0.0316	0.6408	0.4661	0.0000	0.0006	0.0023	TCA	TCT	TCT	TCA	TCA	TCT	S	S	S	S	S	S	155.0000	155.0000	155.0000	155.0000	155.0000	155.0000	S	159	159
165	493	0.0013	0.0001	0.0000	0.0000	0.0013	0.0000	0.0000	0.0000	0.0000	0.0000	0.0000	0.0000	10.9865	4.6906	0.0077	0.5900	0.2918	0.0000	0.0168	0.1887	CTA	CTA	CTG	CTA	CTA	CTG	L	L	L	L	L	L	201.0000	201.0000	201.0000	201.0000	201.0000	201.0000	L	160	160
166	496	0.0000	0.0000	0.0000	0.0000	0.0000	0.0000	0.0000	0.0000	0.0000	0.0000	0.0000	0.0000	16.6799	7.1458	0.0255	0.1221	0.4214	0.0002	0.8569	0.1461	GCA	TTG	ATA	GCA	ATA	ATA	A	L	I	A	I	I	129.0000	201.0000	197.0000	129.0000	197.0000	197.0000	L	161	161
167	499	0.0000	0.0000	0.0000	0.0000	0.0000	0.0000	0.0000	0.0000	0.0000	0.0000	0.0000	0.0000	9.2821	6.9307	0.0009	0.0087	0.2671	0.0000	0.8993	0.2955	TTT	GTT	CTT	TTT	CTT	CTT	F	V	L	F	L	L	240.0000	174.0000	201.0000	240.0000	201.0000	201.0000	V	162	162
168	502	0.0051	0.0014	0.0002	0.0002	0.0048	0.0000	0.0000	0.0000	0.0000	0.0000	0.0000	0.0000	10.4167	3.1530	0.9334	0.0499	0.1087	0.0000	0.0755	0.0103	GCA	GCC	GCC	GCC	GCC	GCC	A	A	A	A	A	A	129.0000	129.0000	129.0000	129.0000	129.0000	129.0000	S	163	163
169	505	0.0040	0.0005	0.0002	0.0001	0.0038	0.0472	0.0044	0.0055	0.0003	0.0417	0.0000	0.0000	16.9826	10.6768	0.0757	0.3926	0.4666	0.5344	0.4396	0.2010	ATA	ATC	ATT	ATA	ATA	ATA	I	I	I	I	I	I	197.0000	197.0000	197.0000	197.0000	197.0000	197.0000	L	164	164
170	508	0.0000	0.0000	0.0000	0.0000	0.0000	0.0000	0.0000	0.0000	0.0000	0.0000	0.0000	0.0000	10.5623	0.0000	0.0007	0.0142	0.2031	0.0000	0.0000	0.0000	CCA	CCA	CCA	CCA	CCA	CCA	P	P	P	P	P	P	159.0000	159.0000	159.0000	159.0000	159.0000	159.0000	P	165	165
171	511	0.0987	0.0010	0.0010	0.0010	0.0977	0.0000	0.0000	0.0000	0.0000	0.0000	0.0000	0.0000	10.0744	0.0032	0.3089	0.6277	0.5089	0.0000	0.0003	0.0002	CAA	CAG	CAG	CAA	CAA	CAA	Q	Q	Q	Q	Q	Q	225.0000	225.0000	225.0000	225.0000	225.0000	225.0000	Q	166	166
172	514	0.0015	0.0000	0.0000	0.0000	0.0015	0.0000	0.0000	0.0000	0.0000	0.0000	0.0000	0.0000	10.9938	2.0874	0.0103	0.7040	0.2055	0.0000	0.0518	0.0015	TTT	TTC	TTT	TTT	TTT	TTT	F	F	F	F	F	F	240.0000	240.0000	240.0000	240.0000	240.0000	240.0000	I	167	167
173	517	0.0000	0.0000	0.0000	0.0000	0.0000	0.0346	0.0087	0.0000	0.0000	0.0346	0.0000	0.0000	14.6595	7.3859	0.0003	0.5621	0.4634	0.9915	0.2681	0.1301	AAA	ATC	ATT	ATA	ATT	ATT	K	I	I	I	I	I	236.0000	197.0000	197.0000	197.0000	197.0000	197.0000	I	168	168
174	520	0.0076	0.0005	0.0005	0.0005	0.0071	0.1319	0.0917	0.0918	0.0916	0.0401	0.0000	0.0000	17.0091	9.3511	0.1926	0.2740	0.2188	0.5366	0.4854	0.5064	TAC	TAT	TAC	TTT	TAC	TTC	Y	Y	Y	F	Y	F	263.0000	263.0000	263.0000	240.0000	263.0000	240.0000	Y	169	169
175	523	0.0001	0.0000	0.0000	0.0000	0.0001	0.0000	0.0000	0.0000	0.0000	0.0000	0.0000	0.0000	10.7814	4.1204	0.0010	0.1219	0.4674	0.0000	0.7057	0.0420	AGT	GGC	AGC	AGT	AGC	AGC	S	G	S	S	S	S	155.0000	104.0000	155.0000	155.0000	155.0000	155.0000	G	170	170
176	526	0.0000	0.0000	0.0000	0.0000	0.0000	0.1057	0.0217	0.0000	0.0000	0.1057	0.0000	0.0000	25.9860	17.7805	0.3142	0.1530	0.0742	0.1724	0.7066	0.8681	ACA	AGG	GGG	ACA	AAA	AAG	T	K	G	T	K	K	172.0000	236.0000	104.0000	172.0000	236.0000	236.0000	N	171	171
177	529	0.0001	0.0000	0.0000	0.0000	0.0001	0.0003	0.0000	0.0000	0.0000	0.0003	0.0000	0.0000	15.6033	6.5774	0.2306	0.0152	0.1703	0.0049	0.9790	0.0663	CAA	GTT	CAA	CAA	CAA	CAA	Q	V	Q	Q	Q	Q	225.0000	174.0000	225.0000	225.0000	225.0000	225.0000	V	172	172
178	532	0.0722	0.0069	0.0024	0.0006	0.0698	0.0026	0.0000	0.0004	0.0000	0.0022	0.0333	0.0000	26.8657	16.8251	0.4348	0.5723	0.3013	0.0229	0.1958	0.5829	TCA	TCT	TCT	TCA	TCA	TCT	S	S	S	S	S	S	155.0000	155.0000	155.0000	155.0000	155.0000	155.0000	F	173	173
179	535	0.0022	0.0003	0.0003	0.0003	0.0019	0.1279	0.0040	0.0064	0.0007	0.1215	0.0667	0.0000	24.3304	18.2862	0.2057	0.2310	0.0823	0.2669	0.5697	0.8413	AAC	AAT	AAC	AAC	AAC	AAC	N	N	N	N	N	N	195.0000	195.0000	195.0000	195.0000	195.0000	195.0000	N	174	174
180	538	0.0000	0.0000	0.0000	0.0000	0.0000	0.3831	0.0168	0.0075	0.0006	0.3756	0.0667	0.0000	28.2530	21.3904	0.1960	0.1284	0.0838	0.5396	0.8186	0.8674	TAT	CTT	TAC	TAT	TAT	ATC	Y	L	L	Y	L	L	263.0000	201.0000	201.0000	263.0000	201.0000	201.0000	L	175	175
181	541	0.0056	0.0005	0.0005	0.0005	0.0051	0.0000	0.0000	0.0000	0.0000	0.0000	0.0333	0.0000	9.7384	5.6752	0.0942	0.2735	0.2178	0.0000	0.0481	0.3415	GAT	GAC	GAC	GAT	GAC	GAC	D	D	D	D	D	D	193.0000	193.0000	193.0000	193.0000	193.0000	193.0000	D	176	176
182	544	0.0002	0.0001	0.0001	0.0001	0.0002	0.0000	0.0000	0.0000	0.0000	0.0000	0.0333	0.0000	7.2665	4.6807	0.0625	0.0879	0.0579	0.0000	0.0298	0.7276	AAG	AAG	AAG	AAG	AAG	AAG	K	K	K	K	K	K	236.0000	236.0000	236.0000	236.0000	236.0000	236.0000	K	177	177
183	547	0.0000	0.0000	0.0000	0.0000	0.0000	0.0836	0.0070	0.0004	0.0001	0.0832	0.0667	0.0000	19.3958	14.0542	0.0747	0.0587	0.1098	0.1246	0.8539	0.7861	TCA	CAA	AAA	TCA	AAA	AAA	S	Q	P	S	K	K	155.0000	225.0000	159.0000	155.0000	236.0000	236.0000	L	178	178
184	550	0.1367	0.0182	0.0140	0.0023	0.1227	0.0025	0.0000	0.0000	0.0000	0.0024	0.0667	0.0000	18.8254	11.0644	0.8485	0.5813	0.2836	0.0168	0.2443	0.5982	GTC	GTC	AAA	GTA	GTA	GTG	V	V	V	V	V	V	174.0000	174.0000	174.0000	174.0000	174.0000	174.0000	I	179	179
185	553	0.0111	0.0035	0.0035	0.0035	0.0076	0.0000	0.0000	0.0000	0.0000	0.0000	0.0000	0.0000	11.3799	0.0000	0.0940	0.2354	0.5028	0.0000	0.0000	0.0000	TGT	TGT	TGC	TGT	TGT	TGT	C	C	C	C	C	C	167.0000	167.0000	167.0000	167.0000	167.0000	167.0000	C	180	180
186	556	0.0004	0.0001	0.0001	0.0001	0.0003	0.0002	0.0000	0.0000	0.0000	0.0001	0.0000	0.0000	19.5611	13.7191	0.1180	0.3183	0.1832	0.0019	0.1307	0.6086	CAT	CAT	TAT	CAT	CAT	TAT	H	H	Y	H	H	Y	224.0000	224.0000	263.0000	224.0000	224.0000	263.0000	G	181	181
187	559	0.0000	0.0000	0.0000	0.0000	0.0000	0.0000	0.0000	0.0000	0.0000	0.0000	0.3667	0.3333	8.2953	5.9837	0.0090	0.0000	0.1317	0.0076	0.0000	0.6842	GCA		GAA	GCA	GCA	GCA	A		E	A	A	A	129.0000		223.0000	129.0000	129.0000	129.0000		0	0
188	562	0.0000	0.0000	0.0000	0.0000	0.0000	0.0000	0.0000	0.0000	0.0000	0.0000	0.3667	0.3333	18.2878	12.6497	0.0105	0.0000	0.0285	0.9863	0.0000	0.9578	GTG		ATT	AAC	AAT	CAA	V		I	N	N	Q	174.0000		197.0000	195.0000	195.0000	225.0000		0	0
189	565	0.0770	0.0193	0.0193	0.0193	0.0577	0.0000	0.0000	0.0000	0.0000	0.0000	0.0333	0.0000	13.7072	3.0742	0.3813	0.4524	0.4462	0.0000	0.0225	0.0077	TAT	TAT	TAT	TAT	TAT	TAT	Y	Y	Y	Y	Y	Y	263.0000	263.0000	263.0000	263.0000	263.0000	263.0000	Y	182	182
190	568	0.0090	0.0006	0.0002	0.0001	0.0087	0.0001	0.0000	0.0000	0.0000	0.0001	0.0000	0.0000	20.4763	12.4981	0.1469	0.1342	0.4671	0.0003	0.7965	0.3771	CCT	GAA	CCC	CCT	CCT	CCT	P	H	P	P	P	P	159.0000	224.0000	159.0000	159.0000	159.0000	159.0000	H	183	183
191	571	0.0000	0.0000	0.0000	0.0000	0.0000	0.0013	0.0002	0.0000	0.0000	0.0013	0.0333	0.0000	20.2002	12.7730	0.2013	0.0139	0.6233	0.0086	0.9590	0.1574	TCA	GAC	CCC	TCA	CCC	CCC	S	D	P	S	P	P	155.0000	193.0000	159.0000	155.0000	159.0000	159.0000	D	184	184
192	574	0.0000	0.0000	0.0000	0.0000	0.0000	0.3064	0.0082	0.0014	0.0000	0.3050	0.0000	0.0000	23.1793	19.0661	0.0297	0.1702	0.2261	0.6977	0.6482	0.6775	GAT	GAA	CCC	CAT	GAA	CCT	D	E	P	H	E	P	193.0000	223.0000	159.0000	224.0000	223.0000	159.0000	E	185	185
193	577	0.0000	0.0000	0.0000	0.0000	0.0000	0.4634	0.3080	0.0000	0.0000	0.4634	0.0000	0.0000	20.8749	14.9579	0.0010	0.0463	0.2425	0.9959	0.9076	0.5127	CTC	GAA	CAT	CAC	CAC	CAT	L	E	H	H	H	H	201.0000	223.0000	224.0000	224.0000	224.0000	224.0000	A	186	186
194	580	0.0000	0.0000	0.0000	0.0000	0.0000	0.0131	0.0003	0.0016	0.0000	0.0115	0.0000	0.0000	18.5121	12.8557	0.0267	0.4983	0.2117	0.0869	0.2285	0.6578	ACA	ATT	CTT	ACA	ATA	ATT	T	I	L	T	I	I	172.0000	197.0000	201.0000	172.0000	197.0000	197.0000	I	187	187
195	583	0.0000	0.0000	0.0000	0.0000	0.0000	0.0000	0.0000	0.0000	0.0000	0.0000	0.0000	0.0000	10.1206	5.1612	0.0114	0.0021	0.4982	0.0000	0.9925	0.0281	GAA	TCT	GAG	GAA	GAA	GAA	E	S	E	E	E	E	223.0000	155.0000	223.0000	223.0000	223.0000	223.0000	S	188	188
196	586	0.0003	0.0000	0.0000	0.0000	0.0003	0.0000	0.0000	0.0000	0.0000	0.0000	0.0000	0.0000	18.6183	7.3644	0.0662	0.0111	0.6583	0.0006	0.9866	0.0680	TTG	ACT	CTG	TTG	TTG	TTG	L	T	L	L	L	L	201.0000	172.0000	201.0000	201.0000	201.0000	201.0000	T	189	189
197	589	0.0200	0.0022	0.0001	0.0000	0.0198	0.0006	0.0000	0.0000	0.0000	0.0005	0.0000	0.0000	16.7813	10.1732	0.1916	0.5116	0.2484	0.0095	0.1036	0.5756	GTT	GTG	GTG	GTT	GTG	GTG	V	V	V	V	V	V	174.0000	174.0000	174.0000	174.0000	174.0000	174.0000	V	190	190
198	592	0.0000	0.0000	0.0000	0.0000	0.0000	0.0113	0.0040	0.0000	0.0000	0.0113	0.0000	0.0000	18.1933	7.8963	0.0013	0.5045	0.4996	0.8633	0.1685	0.0776	TTT	GTT	GTA	ATT	GTT	GTA	F	V	V	I	V	V	240.0000	174.0000	174.0000	197.0000	174.0000	174.0000	V	191	191
199	595	0.0000	0.0000	0.0000	0.0000	0.0000	0.1886	0.0003	0.0000	0.0000	0.1886	0.0000	0.0000	14.5486	9.9566	0.0013	0.0514	0.1127	0.3454	0.9152	0.5966	AAA	CTT	AAT	AAA	AAT	AAT	K	L	N	K	N	N	236.0000	201.0000	195.0000	236.0000	195.0000	195.0000	L	192	192
200	598	0.0000	0.0000	0.0000	0.0000	0.0000	0.0000	0.0000	0.0000	0.0000	0.0000	0.0000	0.0000	16.4966	8.7036	0.0034	0.2385	0.2604	0.0001	0.7258	0.5223	GTA	GCC	TCA	GTA	GCA	TCA	V	A	S	V	A	S	174.0000	129.0000	155.0000	174.0000	129.0000	155.0000	A	193	193
201	601	0.0020	0.0003	0.0004	0.0001	0.0016	0.2075	0.0230	0.0104	0.0028	0.1971	0.0000	0.0000	27.0279	18.0695	0.2571	0.1984	0.2633	0.4644	0.6848	0.6523	ATC	ATC	CTG	ATC	ATC	ATT	I	I	L	I	I	L	197.0000	197.0000	201.0000	197.0000	197.0000	201.0000	T	194	194
202	604	0.0000	0.0000	0.0000	0.0000	0.0000	0.0000	0.0000	0.0000	0.0000	0.0000	0.0000	0.0000	3.5747	0.0003	0.0001	0.1261	0.0120	0.0000	0.0001	0.0000	CAA	CAA	CAA	CAA	CAA	CAA	Q	Q	Q	Q	Q	Q	225.0000	225.0000	225.0000	225.0000	225.0000	225.0000	Q	195	195
203	607	0.0000	0.0000	0.0000	0.0000	0.0000	0.0000	0.0000	0.0000	0.0000	0.0000	0.0000	0.0000	0.0017	3.0126	0.0000	0.0000	0.0000	0.0008	0.0003	0.0015	ATG	ATG	ATG	ATG	ATG	ATG	M	M	M	M	M	M	224.0000	224.0000	224.0000	224.0000	224.0000	224.0000	M	196	196
204	610	0.0527	0.0115	0.0000	0.0000	0.0527	0.0000	0.0000	0.0000	0.0000	0.0000	0.0000	0.0000	15.2328	4.4944	0.2723	0.4065	0.4762	0.0000	0.0007	0.0042	ACC	ACA	ACA	ACC	ACA	ACA	T	T	T	T	T	T	172.0000	172.0000	172.0000	172.0000	172.0000	172.0000	T	197	197
205	613	0.0000	0.0000	0.0000	0.0000	0.0000	0.0000	0.0000	0.0000	0.0000	0.0000	0.0000	0.0000	9.6973	6.5614	0.0006	0.2663	0.0856	0.0000	0.4862	0.6985	CTT	CTT	GTT	CTT	CTT	GTT	L	L	V	L	L	V	201.0000	201.0000	174.0000	201.0000	201.0000	174.0000	L	198	198
206	616	0.0027	0.0000	0.0000	0.0000	0.0027	0.0000	0.0000	0.0000	0.0000	0.0000	0.0000	0.0000	7.2245	0.0000	0.0049	0.8404	0.6667	0.0000	0.0000	0.0000	GGA	GGG	GGT	GGA	GGA	GGT	G	G	G	G	G	G	104.0000	104.0000	104.0000	104.0000	104.0000	104.0000	G	199	199
207	619	0.0003	0.0000	0.0000	0.0000	0.0003	0.0000	0.0000	0.0000	0.0000	0.0000	0.0000	0.0000	6.4949	2.0986	0.0130	0.0702	0.3685	0.0187	0.0011	0.0004	TTC	TTC	TTC	TTC	TTC	TTC	F	F	F	F	F	F	240.0000	240.0000	240.0000	240.0000	240.0000	240.0000	F	200	200
208	622	0.0782	0.0095	0.0095	0.0095	0.0687	0.0000	0.0000	0.0000	0.0000	0.0000	0.0000	0.0000	14.5299	3.5283	0.4102	0.4548	0.4205	0.0001	0.0097	0.1805	TTT	TTC	TTT	TTT	TTC	TTC	F	F	F	F	F	F	240.0000	240.0000	240.0000	240.0000	240.0000	240.0000	F	201	201
209	625	0.0000	0.0000	0.0000	0.0000	0.0000	0.0020	0.0000	0.0000	0.0000	0.0020	0.0000	0.0000	15.1636	7.6380	0.0466	0.2657	0.1818	0.0060	0.4650	0.7300	ATC	CTG	GTG	ATC	ATC	CTG	I	L	V	I	L	L	197.0000	201.0000	174.0000	197.0000	201.0000	201.0000	L	202	202
210	628	0.0036	0.0011	0.0000	0.0000	0.0036	0.0000	0.0000	0.0000	0.0000	0.0000	0.0000	0.0000	13.0615	0.0001	0.0260	0.4440	0.3124	0.0000	0.0000	0.0000	CCC	CCT	CCT	CCC	CCT	CCT	P	P	P	P	P	P	159.0000	159.0000	159.0000	159.0000	159.0000	159.0000	P	203	203
211	631	0.0000	0.0000	0.0000	0.0000	0.0000	0.0000	0.0000	0.0000	0.0000	0.0000	0.0000	0.0000	12.3441	3.6150	0.0000	0.6714	0.7368	0.0002	0.1701	0.0527	ATG	CTA	TTA	ATG	TTG	TTA	M	L	L	M	L	L	224.0000	201.0000	201.0000	224.0000	201.0000	201.0000	L	204	204
212	634	0.0001	0.0000	0.0000	0.0000	0.0001	0.0000	0.0000	0.0000	0.0000	0.0000	0.0000	0.0000	19.3283	8.5286	0.0351	0.5264	0.0071	0.0000	0.0825	0.9831	CTA	CTA	GCA	CTA	CTA	CTA	L	L	A	L	L	L	201.0000	201.0000	129.0000	201.0000	201.0000	201.0000	L	205	205
213	637	0.0000	0.0000	0.0000	0.0000	0.0000	0.0000	0.0000	0.0000	0.0000	0.0000	0.0000	0.0000	13.8324	9.1650	0.0030	0.2145	0.6566	0.0010	0.4359	0.0235	ACC	GCC	GCA	ACC	GCC	GCT	T	A	A	T	A	A	172.0000	129.0000	129.0000	172.0000	129.0000	129.0000	T	206	206
214	640	0.0000	0.0000	0.0000	0.0000	0.0000	0.0000	0.0000	0.0000	0.0000	0.0000	0.0000	0.0000	0.0007	1.0068	0.0000	0.0000	0.0000	0.0000	0.0001	0.0016	ATG	ATG	ATG	ATG	ATG	ATG	M	M	M	M	M	M	224.0000	224.0000	224.0000	224.0000	224.0000	224.0000	M	207	207
215	643	0.0136	0.0017	0.0019	0.0014	0.0117	0.0000	0.0000	0.0000	0.0000	0.0000	0.0000	0.0000	15.8615	6.0739	0.0579	0.4727	0.4962	0.0003	0.0101	0.0425	ATT	ATT	ATC	ATT	ATT	ATC	I	I	I	I	I	I	197.0000	197.0000	197.0000	197.0000	197.0000	197.0000	I	208	208
216	646	0.0000	0.0000	0.0000	0.0000	0.0000	0.0002	0.0000	0.0000	0.0000	0.0002	0.0000	0.0000	16.1392	10.2253	0.0244	0.1372	0.0319	0.0008	0.2806	0.9332	ATC	ATC	TTT	ATC	ATC	ATC	I	I	F	I	I	I	197.0000	197.0000	240.0000	197.0000	197.0000	197.0000	V	209	209
217	649	0.0003	0.0000	0.0000	0.0000	0.0003	0.0000	0.0000	0.0000	0.0000	0.0000	0.0000	0.0000	3.9572	1.0348	0.0038	0.1858	0.4440	0.0000	0.0000	0.0000	TGC	TGC	TGT	TGC	TGC	TGT	C	C	C	C	C	C	167.0000	167.0000	167.0000	167.0000	167.0000	167.0000	C	210	210
218	652	0.0002	0.0001	0.0001	0.0001	0.0002	0.0000	0.0000	0.0000	0.0000	0.0000	0.0000	0.0000	6.6164	0.0016	0.0095	0.0703	0.3720	0.0000	0.0002	0.0002	TAC	TAC	TAC	TAC	TAC	TAC	Y	Y	Y	Y	Y	Y	263.0000	263.0000	263.0000	263.0000	263.0000	263.0000	Y	211	211
219	655	0.0002	0.0000	0.0000	0.0000	0.0002	0.0000	0.0000	0.0000	0.0000	0.0000	0.0000	0.0000	14.1425	5.1968	0.0020	0.2849	0.3218	0.0000	0.0038	0.4499	TCA	TCA	TCA	TCA	TCA	TCA	S	S	S	S	S	S	155.0000	155.0000	155.0000	155.0000	155.0000	155.0000	S	212	212
220	658	0.0001	0.0000	0.0000	0.0000	0.0001	0.0301	0.0001	0.0000	0.0000	0.0300	0.0000	0.0000	14.9678	9.0149	0.1003	0.1949	0.0539	0.0458	0.7188	0.9137	ATA	GTC	TTT	ATA	ATC	ATC	I	V	F	I	I	I	197.0000	174.0000	240.0000	197.0000	197.0000	197.0000	V	213	213
221	661	0.0000	0.0000	0.0000	0.0000	0.0000	0.0000	0.0000	0.0000	0.0000	0.0000	0.0000	0.0000	6.2529	0.0085	0.0010	0.3001	0.1487	0.0000	0.0016	0.0007	ATT	ATT	ATT	ATT	ATT	ATT	I	I	I	I	I	I	197.0000	197.0000	197.0000	197.0000	197.0000	197.0000	I	214	214
222	664	0.0162	0.0007	0.0003	0.0001	0.0158	0.0000	0.0000	0.0000	0.0000	0.0000	0.0000	0.0000	11.2293	4.7926	0.1190	0.1716	0.7925	0.0019	0.1123	0.0112	ATC	ATC	ATA	ATC	ATC	ATC	I	I	I	I	I	I	197.0000	197.0000	197.0000	197.0000	197.0000	197.0000	I	215	215
223	667	0.0019	0.0000	0.0000	0.0000	0.0019	0.0000	0.0000	0.0000	0.0000	0.0000	0.0000	0.0000	11.1935	7.0242	0.0095	0.7573	0.2666	0.0003	0.0026	0.0336	AAA	AAG	AAA	AAA	AAA	AAA	K	K	K	K	K	K	236.0000	236.0000	236.0000	236.0000	236.0000	236.0000	K	216	216
224	670	0.0236	0.0018	0.0008	0.0003	0.0228	0.0000	0.0000	0.0000	0.0000	0.0000	0.0000	0.0000	16.6302	0.0049	0.0624	0.5427	0.6963	0.0000	0.0005	0.0006	ACT	ACC	ACT	ACT	ACC	ACC	T	T	T	T	T	T	172.0000	172.0000	172.0000	172.0000	172.0000	172.0000	T	217	217
225	673	0.0001	0.0000	0.0000	0.0000	0.0001	0.0000	0.0000	0.0000	0.0000	0.0000	0.0000	0.0000	8.1435	1.0231	0.0006	0.5693	0.3979	0.0000	0.0014	0.0140	TTA	TTG	TTG	TTA	TTG	TTG	L	L	L	L	L	L	201.0000	201.0000	201.0000	201.0000	201.0000	201.0000	L	218	218
226	676	0.0000	0.0000	0.0000	0.0000	0.0000	0.0000	0.0000	0.0000	0.0000	0.0000	0.0000	0.0000	11.4457	4.8533	0.0433	0.1372	0.3833	0.0000	0.1655	0.1985	CTT	CTT	ATT	CTT	CTT	ATT	L	L	I	L	L	I	201.0000	201.0000	197.0000	201.0000	201.0000	197.0000	L	219	219
227	679	0.0000	0.0000	0.0000	0.0000	0.0000	0.0000	0.0000	0.0000	0.0000	0.0000	0.0000	0.0000	11.5426	10.8675	0.0027	0.0481	0.0229	0.0033	0.0055	0.7517	CAT	CAT	AAT	CAT	CAT	CAT	H	H	N	H	H	H	224.0000	224.0000	195.0000	224.0000	224.0000	224.0000	H	220	220
228	682	0.0001	0.0000	0.0000	0.0000	0.0001	0.0000	0.0000	0.0000	0.0000	0.0000	0.0000	0.0000	13.1642	2.0405	0.0022	0.0831	0.4503	0.0000	0.0004	0.0089	GCC	GCC	GCC	GCC	GCC	GCC	A	A	A	A	A	A	129.0000	129.0000	129.0000	129.0000	129.0000	129.0000	A	221	221
229	685	0.0000	0.0000	0.0000	0.0000	0.0000	0.0009	0.0002	0.0000	0.0000	0.0009	0.0000	0.0000	12.9003	9.1995	0.0123	0.4461	0.0219	0.0025	0.4144	0.9230	AGG	CGA	AGC	AGG	AGG	AAG	R	R	S	R	R	K	274.0000	274.0000	155.0000	274.0000	274.0000	236.0000	G	222	222
230	688	0.0000	0.0000	0.0000	0.0000	0.0000	0.0000	0.0000	0.0000	0.0000	0.0000	0.0000	0.0000	13.7221	5.2563	0.0059	0.8132	0.4610	0.0851	0.0003	0.0463	AGT	GGG	GGT	AGT	GGT	GGT	S	G	G	S	G	G	155.0000	104.0000	104.0000	155.0000	104.0000	104.0000	G	223	223
231	691	0.0055	0.0017	0.0017	0.0017	0.0039	0.0000	0.0000	0.0000	0.0000	0.0000	0.0000	0.0000	7.5787	2.0780	0.0447	0.2734	0.4543	0.0000	0.0024	0.0275	TTC	TTC	TTT	TTC	TTC	TTT	F	F	F	F	F	F	240.0000	240.0000	240.0000	240.0000	240.0000	240.0000	F	224	224
232	694	0.0047	0.0001	0.0001	0.0001	0.0046	0.0000	0.0000	0.0000	0.0000	0.0000	0.0000	0.0000	9.1921	5.3640	0.2988	0.2246	0.0705	0.0038	0.0022	0.0847	CAA	CAG	CAG	CAA	CAG	CAG	Q	Q	Q	Q	Q	Q	225.0000	225.0000	225.0000	225.0000	225.0000	225.0000	Q	225	225
233	697	0.0014	0.0002	0.0002	0.0002	0.0012	0.0000	0.0000	0.0000	0.0000	0.0000	0.0000	0.0000	7.2121	2.1084	0.1456	0.0393	0.2522	0.0000	0.0027	0.0024	AAG	AAG	AAG	AAG	AAG	AAG	K	K	K	K	K	K	236.0000	236.0000	236.0000	236.0000	236.0000	236.0000	K	226	226
234	700	0.0000	0.0000	0.0000	0.0000	0.0000	0.0000	0.0000	0.0000	0.0000	0.0000	0.0000	0.0000	6.5056	3.0343	0.0005	0.0140	0.1431	0.0000	0.0000	0.0049	CAC	CAC	CAC	CAC	CAC	CAC	H	H	H	H	H	H	224.0000	224.0000	224.0000	224.0000	224.0000	224.0000	H	227	227
235	703	0.0007	0.0000	0.0000	0.0000	0.0006	0.0000	0.0000	0.0000	0.0000	0.0000	0.0000	0.0000	8.0122	1.0630	0.0021	0.6223	0.4979	0.0000	0.0006	0.0005	AAA	AAG	AAA	AAA	AAA	AAA	K	K	K	K	K	K	236.0000	236.0000	236.0000	236.0000	236.0000	236.0000	R	228	228
236	706	0.0060	0.0001	0.0000	0.0000	0.0060	0.0000	0.0000	0.0000	0.0000	0.0000	0.0000	0.0000	5.4300	0.0008	0.0337	0.7769	0.2312	0.0000	0.0001	0.0001	TCC	TCT	TCA	TCC	TCC	TCA	S	S	S	S	S	S	155.0000	155.0000	155.0000	155.0000	155.0000	155.0000	S	229	229
237	709	0.0002	0.0000	0.0000	0.0000	0.0002	0.0000	0.0000	0.0000	0.0000	0.0000	0.0000	0.0000	13.3764	3.2005	0.0071	0.1817	0.1628	0.0000	0.0008	0.0659	TTA	TTA	TTA	TTA	TTA	TTA	L	L	L	L	L	L	201.0000	201.0000	201.0000	201.0000	201.0000	201.0000	L	230	230
238	712	0.0004	0.0000	0.0000	0.0000	0.0004	0.0000	0.0000	0.0000	0.0000	0.0000	0.0000	0.0000	7.9662	2.4133	0.0014	0.7019	0.3954	0.0000	0.0033	0.0021	AAA	AAG	AAA	AAA	AAA	AAA	K	K	K	K	K	K	236.0000	236.0000	236.0000	236.0000	236.0000	236.0000	K	231	231
239	715	0.0008	0.0004	0.0001	0.0001	0.0007	0.0000	0.0000	0.0000	0.0000	0.0000	0.0000	0.0000	7.6421	2.0194	0.0120	0.7894	0.0835	0.0004	0.0023	0.0009	ATA	ATT	ATA	ATA	ATA	ATA	I	I	I	I	I	I	197.0000	197.0000	197.0000	197.0000	197.0000	197.0000	I	232	232
240	718	0.0002	0.0000	0.0000	0.0000	0.0002	0.0000	0.0000	0.0000	0.0000	0.0000	0.0000	0.0000	4.8048	0.0103	0.0003	0.8701	0.5316	0.0000	0.0016	0.0011	ATA	ATC	ATT	ATA	ATA	ATA	I	I	I	I	I	I	197.0000	197.0000	197.0000	197.0000	197.0000	197.0000	I	233	233
241	721	0.0001	0.0000	0.0000	0.0000	0.0001	0.0000	0.0000	0.0000	0.0000	0.0000	0.0000	0.0000	7.2201	3.1404	0.0015	0.3201	0.2060	0.0000	0.0005	0.0428	TTT	TTT	TTT	TTT	TTT	TTT	F	F	F	F	F	F	240.0000	240.0000	240.0000	240.0000	240.0000	240.0000	F	234	234
242	724	0.0000	0.0000	0.0000	0.0000	0.0000	0.0008	0.0000	0.0000	0.0000	0.0008	0.0000	0.0000	15.1006	8.2421	0.0754	0.4112	0.2229	0.0025	0.4745	0.6893	TCT	TTA	ATC	TCT	TTG	ATG	S	L	L	S	L	L	155.0000	201.0000	201.0000	155.0000	201.0000	201.0000	L	235	235
243	727	0.0000	0.0000	0.0000	0.0000	0.0000	0.0014	0.0005	0.0004	0.0004	0.0011	0.0000	0.0000	13.0494	5.6805	0.0017	0.8447	0.5079	0.9634	0.0087	0.1713	ATA	GTG	GTT	GTA	GTA	GTA	I	V	V	V	V	V	197.0000	174.0000	174.0000	174.0000	174.0000	174.0000	V	236	236
244	730	0.2550	0.0236	0.0004	0.0001	0.2546	0.0000	0.0000	0.0000	0.0000	0.0000	0.0000	0.0000	14.9247	2.0366	0.4883	0.7462	0.6998	0.0001	0.0016	0.0019	GTA	GTG	GTG	GTA	GTA	GTA	V	V	V	V	V	V	174.0000	174.0000	174.0000	174.0000	174.0000	174.0000	M	237	237
245	733	0.0000	0.0000	0.0000	0.0000	0.0000	0.0247	0.0009	0.0005	0.0005	0.0242	0.0000	0.0000	19.0101	10.6557	0.0409	0.4855	0.0584	0.4030	0.0680	0.9032	GTG	GCA	GTA	GTG	GCA	GCA	V	A	V	V	A	A	174.0000	129.0000	174.0000	174.0000	129.0000	129.0000	A	238	238
246	736	0.0140	0.0011	0.0019	0.0008	0.0121	0.0001	0.0000	0.0000	0.0000	0.0001	0.0000	0.0000	16.2651	9.7423	0.1134	0.2280	0.5779	0.4229	0.0138	0.0140	GTG	GTG	GTG	GTG	GTG	GTG	V	V	V	V	V	V	174.0000	174.0000	174.0000	174.0000	174.0000	174.0000	V	239	239
247	739	0.0118	0.0008	0.0008	0.0008	0.0110	0.0000	0.0000	0.0000	0.0000	0.0000	0.0000	0.0000	7.3902	0.0031	0.0571	0.3814	0.5425	0.0000	0.0004	0.0003	TTC	TTC	TTT	TTC	TTC	TTC	F	F	F	F	F	F	240.0000	240.0000	240.0000	240.0000	240.0000	240.0000	F	240	240
248	742	0.0000	0.0000	0.0000	0.0000	0.0000	0.0000	0.0000	0.0000	0.0000	0.0000	0.0000	0.0000	6.1175	4.1357	0.0006	0.3853	0.1091	0.0000	0.5541	0.0300	ATT	ATC	ATT	ATT	ATT	ATT	I	I	I	I	I	I	197.0000	197.0000	197.0000	197.0000	197.0000	197.0000	L	241	241
249	745	0.0000	0.0000	0.0000	0.0000	0.0000	0.0000	0.0000	0.0000	0.0000	0.0000	0.0000	0.0000	10.1699	5.7341	0.0039	0.5906	0.1889	0.0000	0.2799	0.0493	CTT	CTG	GCT	CTT	CTT	GCT	L	L	A	L	L	A	201.0000	201.0000	129.0000	201.0000	201.0000	129.0000	L	242	242
250	748	0.1488	0.0075	0.0010	0.0001	0.1479	0.0000	0.0000	0.0000	0.0000	0.0000	0.0000	0.0000	13.3501	0.0047	0.2806	0.8662	0.6122	0.0000	0.0004	0.0004	ACT	ACC	ACA	ACT	ACT	ACT	T	T	T	T	T	T	172.0000	172.0000	172.0000	172.0000	172.0000	172.0000	T	243	243
251	751	0.0000	0.0000	0.0000	0.0000	0.0000	0.0000	0.0000	0.0000	0.0000	0.0000	0.0000	0.0000	3.3015	0.0003	0.0016	0.1320	0.0072	0.0000	0.0001	0.0000	CAG	CAG	CAG	CAG	CAG	CAG	Q	Q	Q	Q	Q	Q	225.0000	225.0000	225.0000	225.0000	225.0000	225.0000	Q	244	244
252	754	0.0222	0.0011	0.0001	0.0000	0.0220	0.0161	0.0001	0.0032	0.0000	0.0129	0.0000	0.0000	27.9098	11.6057	0.0537	0.5483	0.7568	0.7293	0.3388	0.0651	TTA	CTG	TTG	TCA	TTG	TTG	L	L	L	S	L	L	201.0000	201.0000	201.0000	155.0000	201.0000	201.0000	M	245	245
253	757	0.0085	0.0019	0.0015	0.0014	0.0069	0.0000	0.0000	0.0000	0.0000	0.0000	0.0000	0.0000	9.5598	0.0000	0.1139	0.4463	0.1666	0.0000	0.0000	0.0000	CCC	CCT	CCT	CCC	CCT	CCT	P	P	P	P	P	P	159.0000	159.0000	159.0000	159.0000	159.0000	159.0000	P	246	246
254	760	0.0001	0.0000	0.0000	0.0000	0.0001	0.0000	0.0000	0.0000	0.0000	0.0000	0.0000	0.0000	10.0713	3.1492	0.0452	0.0072	0.3466	0.0000	0.9395	0.0268	TAC	TTC	TAC	TAC	TAC	TAC	Y	F	Y	Y	Y	Y	263.0000	240.0000	263.0000	263.0000	263.0000	263.0000	F	247	247
255	763	0.0006	0.0001	0.0001	0.0001	0.0005	0.0000	0.0000	0.0000	0.0000	0.0000	0.0000	0.0000	8.2602	3.0024	0.0094	0.2425	0.2428	0.0006	0.0002	0.0001	AAT	AAT	AAT	AAT	AAT	AAT	N	N	N	N	N	N	195.0000	195.0000	195.0000	195.0000	195.0000	195.0000	N	248	248
256	766	0.0025	0.0002	0.0000	0.0000	0.0025	0.0007	0.0000	0.0000	0.0000	0.0007	0.0000	0.0000	24.2069	8.0793	0.5110	0.6949	0.1449	0.0044	0.2376	0.7002	TTA	CTC	GTT	TTA	TTA	GTT	L	L	V	L	L	I	201.0000	201.0000	174.0000	201.0000	201.0000	197.0000	L	249	249
257	769	0.0000	0.0000	0.0000	0.0000	0.0000	0.0001	0.0000	0.0000	0.0000	0.0001	0.0000	0.0000	15.4071	11.7210	0.0388	0.0878	0.1524	0.0001	0.7112	0.7631	TTG	ATG	ATA	TTG	ATG	GTG	L	V	I	L	L	V	201.0000	174.0000	197.0000	201.0000	201.0000	174.0000	M	250	250
258	772	0.0000	0.0000	0.0000	0.0000	0.0000	0.0516	0.0011	0.0000	0.0000	0.0516	0.0000	0.0000	12.3157	9.8221	0.0005	0.4341	0.0399	0.9454	0.0594	0.9188	ATA	AAG	ATG	AAA	AAG	AAG	I	K	I	K	K	K	197.0000	236.0000	197.0000	236.0000	236.0000	236.0000	K	251	251
259	775	0.0959	0.0023	0.0049	0.0003	0.0910	0.0000	0.0000	0.0000	0.0000	0.0000	0.0000	0.0000	16.9388	2.0359	0.2016	0.5989	0.7945	0.0000	0.0015	0.0026	CTC	CTC	CTG	CTC	CTC	CTT	L	L	L	L	L	L	201.0000	201.0000	201.0000	201.0000	201.0000	201.0000	F	252	252
260	778	0.0049	0.0005	0.0000	0.0000	0.0049	0.0000	0.0000	0.0000	0.0000	0.0000	0.0000	0.0000	16.6870	7.8005	0.0304	0.7716	0.2220	0.0004	0.0396	0.6613	ATA	ATC	ATT	ATA	ATA	ATT	I	I	I	I	I	I	197.0000	197.0000	197.0000	197.0000	197.0000	197.0000	I	253	253
261	781	0.0019	0.0002	0.0002	0.0001	0.0017	0.0000	0.0000	0.0000	0.0000	0.0000	0.0000	0.0000	17.5188	10.3584	0.2626	0.2387	0.0862	0.0008	0.0161	0.8493	CGC	CGC	CAT	CGC	CGC	CGC	R	R	H	R	R	R	274.0000	274.0000	224.0000	274.0000	274.0000	274.0000	R	254	254
262	784	0.0000	0.0000	0.0000	0.0000	0.0000	0.1131	0.0861	0.0000	0.0000	0.1131	0.0000	0.0000	13.0527	9.2561	0.0245	0.1165	0.0640	0.9655	0.1526	0.7675	AAT	ACC	GTC	ACC	ACC	ACC	N	T	V	T	T	T	195.0000	172.0000	174.0000	172.0000	172.0000	172.0000	S	255	255
263	787	0.0000	0.0000	0.0000	0.0000	0.0000	0.0000	0.0000	0.0000	0.0000	0.0000	0.0000	0.0000	14.3434	6.7912	0.0008	0.0166	0.0481	0.0001	0.9778	0.3405	ATA	ACG	ATA	ATA	ATA	ATA	I	T	I	I	I	I	197.0000	172.0000	197.0000	197.0000	197.0000	197.0000	T	256	256
264	790	0.0000	0.0000	0.0000	0.0000	0.0000	0.1080	0.0667	0.0001	0.0001	0.1080	0.0000	0.0000	14.8459	10.4939	0.0411	0.0672	0.2037	0.8944	0.7989	0.1512	CAT	AAC	GAC	GAC	GAC	GAC	H	N	D	D	D	D	224.0000	195.0000	193.0000	193.0000	193.0000	193.0000	H	257	257
265	793	0.0000	0.0000	0.0000	0.0000	0.0000	0.3733	0.1224	0.0000	0.0000	0.3733	0.0000	0.0000	15.7706	8.4770	0.0024	0.0015	0.2744	0.9283	0.8792	0.4574	GTG	TGG	AAA	CGG	CGG	AAA	V	W	K	R	R	K	174.0000	285.0000	236.0000	274.0000	274.0000	236.0000	W	258	258
266	796	0.0009	0.0000	0.0000	0.0000	0.0009	0.0900	0.0023	0.0109	0.0005	0.0791	0.0000	0.0000	18.6077	15.3791	0.0586	0.4010	0.0780	0.3041	0.3485	0.8490	GAA	GAG	GAC	GAA	GAA	GAA	E	E	D	E	E	E	223.0000	223.0000	193.0000	223.0000	223.0000	223.0000	E	259	259
267	799	0.0001	0.0000	0.0000	0.0000	0.0001	0.0008	0.0000	0.0000	0.0000	0.0008	0.0000	0.0000	15.5157	9.3199	0.0613	0.1461	0.2645	0.0025	0.6453	0.4965	TTC	TAC	TTT	TTC	TTC	TTC	F	Y	F	F	F	F	240.0000	263.0000	240.0000	240.0000	240.0000	240.0000	Y	260	260
268	802	0.0048	0.0012	0.0012	0.0012	0.0036	0.0012	0.0000	0.0000	0.0000	0.0011	0.0000	0.0000	20.9239	15.6950	0.1213	0.1168	0.3769	0.0070	0.6402	0.2593	AAC	GAC	AAT	AAC	AAC	AAC	N	N	N	N	N	N	195.0000	195.0000	195.0000	195.0000	195.0000	195.0000	Y	261	261
269	805	0.0000	0.0000	0.0000	0.0000	0.0000	0.0020	0.0001	0.0000	0.0000	0.0020	0.0000	0.0000	25.0722	14.6679	0.4066	0.3620	0.1068	0.0049	0.5028	0.8380	CTG	ACC	TCA	CTG	ACC	ATG	L	T	S	L	T	T	201.0000	172.0000	155.0000	201.0000	172.0000	172.0000	A	262	262
270	808	0.0005	0.0001	0.0001	0.0001	0.0004	0.0001	0.0000	0.0000	0.0000	0.0001	0.0333	0.0000	12.6156	9.4023	0.0119	0.1673	0.2430	0.0029	0.1589	0.2227	GAC	GAC	GAC	GAC	GAC	GAC	D	D	D	D	D	D	193.0000	193.0000	193.0000	193.0000	193.0000	193.0000	M	263	263
271	811	0.0000	0.0000	0.0000	0.0000	0.0000	0.2885	0.0021	0.0000	0.0000	0.2884	0.0333	0.0000	22.7217	17.3425	0.0223	0.1295	0.3194	0.7577	0.6803	0.5596	TAC	ACC	ACT	CGC	ACC	ACC	Y	T	T	R	T	T	263.0000	172.0000	172.0000	274.0000	172.0000	172.0000	T	264	264
272	814	0.0057	0.0005	0.0005	0.0005	0.0051	0.0000	0.0000	0.0000	0.0000	0.0000	0.0333	0.0000	15.6821	10.3480	0.3899	0.1816	0.1297	0.0001	0.5959	0.7367	AAT	AAC	CAT	AAT	AAC	AAC	N	N	H	N	N	N	195.0000	195.0000	224.0000	195.0000	195.0000	195.0000	S	265	265
273	817	0.1271	0.0244	0.0244	0.0244	0.1027	0.0000	0.0000	0.0000	0.0000	0.0000	0.0333	0.0000	12.4078	2.0400	0.6993	0.4393	0.4137	0.0000	0.0014	0.0039	TTC	TTT	TTT	TTT	TTT	TTT	F	F	F	F	F	F	240.0000	240.0000	240.0000	240.0000	240.0000	240.0000	F	266	266
274	820	0.0000	0.0000	0.0000	0.0000	0.0000	0.7448	0.0738	0.0001	0.0000	0.7447	0.0333	0.0000	20.2969	15.8714	0.0139	0.0361	0.0708	0.9332	0.9293	0.8589	GAC	CAC	CAG	GAA	GAA	CAG	D	H	Q	E	E	Q	193.0000	224.0000	225.0000	223.0000	223.0000	225.0000	H	267	267
275	823	0.0000	0.0000	0.0000	0.0000	0.0000	0.0022	0.0001	0.0000	0.0000	0.0022	0.0000	0.0000	17.5002	5.9336	0.0002	0.1843	0.3919	0.9971	0.0060	0.3643	TCT	TAT	AGA	TAT	TAT	CGT	S	Y	R	Y	Y	R	155.0000	263.0000	274.0000	263.0000	263.0000	274.0000	Y	268	268
276	826	0.1941	0.0790	0.0001	0.0001	0.1939	0.0000	0.0000	0.0000	0.0000	0.0000	0.0000	0.0000	15.2834	4.2851	0.7145	0.8493	0.3201	0.0000	0.0008	0.1482	GCG	GCC	GCA	GCA	GCA	GCA	A	A	A	A	A	A	129.0000	129.0000	129.0000	129.0000	129.0000	129.0000	T	269	269
277	829	0.0000	0.0000	0.0000	0.0000	0.0000	0.0269	0.0022	0.0001	0.0000	0.0268	0.0000	0.0000	14.6455	8.5342	0.1356	0.1712	0.5129	0.2397	0.7599	0.1475	GTG	ATC	TTA	GTG	GTG	TTA	V	I	L	V	L	L	174.0000	197.0000	201.0000	174.0000	201.0000	201.0000	I	270	270
278	832	0.0137	0.0018	0.0006	0.0001	0.0132	0.0107	0.0009	0.0011	0.0008	0.0095	0.0000	0.0000	26.7858	15.3705	0.2850	0.3688	0.2756	0.0377	0.4855	0.5825	GTT	GTG	ATT	GTT	GTT	GTT	V	V	I	V	V	V	174.0000	174.0000	197.0000	174.0000	174.0000	174.0000	M	271	271
279	835	0.0000	0.0000	0.0000	0.0000	0.0000	0.0000	0.0000	0.0000	0.0000	0.0000	0.0000	0.0000	9.0508	6.3026	0.0019	0.0696	0.0412	0.0014	0.0750	0.0015	ATA	ATA	ATA	ATA	ATA	ATA	I	I	I	I	I	I	197.0000	197.0000	197.0000	197.0000	197.0000	197.0000	V	272	272
280	838	0.0012	0.0002	0.0002	0.0001	0.0010	0.0000	0.0000	0.0000	0.0000	0.0000	0.0000	0.0000	15.8064	1.0149	0.0071	0.3506	0.4962	0.0000	0.0010	0.0021	ACA	ACA	ACA	ACA	ACA	ACA	T	T	T	T	T	T	172.0000	172.0000	172.0000	172.0000	172.0000	172.0000	T	273	273
281	841	0.0000	0.0000	0.0000	0.0000	0.0000	0.0000	0.0000	0.0000	0.0000	0.0000	0.0000	0.0000	2.0992	0.0002	0.0000	0.9418	0.0082	0.0000	0.0001	0.0000	GAA	GAG	GAA	GAA	GAA	GAA	E	E	E	E	E	E	223.0000	223.0000	223.0000	223.0000	223.0000	223.0000	E	274	274
282	844	0.0902	0.0188	0.0004	0.0003	0.0898	0.0000	0.0000	0.0000	0.0000	0.0000	0.0000	0.0000	13.0531	2.0203	0.2503	0.8969	0.4019	0.0000	0.0006	0.0120	GCA	GCC	GCT	GCA	GCT	GCT	A	A	A	A	A	A	129.0000	129.0000	129.0000	129.0000	129.0000	129.0000	A	275	275
283	847	0.0000	0.0000	0.0000	0.0000	0.0000	0.0000	0.0000	0.0000	0.0000	0.0000	0.0000	0.0000	11.8463	4.2519	0.0021	0.0449	0.3101	0.0014	0.0014	0.0807	ATT	ATT	ATT	ATT	ATT	ATT	I	I	I	I	I	I	197.0000	197.0000	197.0000	197.0000	197.0000	197.0000	I	276	276
284	850	0.0000	0.0000	0.0000	0.0000	0.0000	0.0000	0.0000	0.0000	0.0000	0.0000	0.0000	0.0000	5.7044	0.0003	0.0002	0.0716	0.0663	0.0000	0.0001	0.0000	GCT	GCT	GCT	GCT	GCT	GCT	A	A	A	A	A	A	129.0000	129.0000	129.0000	129.0000	129.0000	129.0000	A	277	277
285	853	0.0006	0.0000	0.0000	0.0000	0.0006	0.0000	0.0000	0.0000	0.0000	0.0000	0.0000	0.0000	5.8103	1.0015	0.0019	0.6690	0.4713	0.0000	0.0002	0.0001	TAT	TAC	TAT	TAT	TAT	TAT	Y	Y	Y	Y	Y	Y	263.0000	263.0000	263.0000	263.0000	263.0000	263.0000	Y	278	278
286	856	0.0046	0.0004	0.0000	0.0000	0.0046	0.0033	0.0014	0.0020	0.0014	0.0013	0.0000	0.0000	10.6049	4.8186	0.0132	0.6586	0.5336	0.8585	0.1305	0.0296	CTC	CTG	TTG	TTC	TTG	TTG	L	L	L	F	L	L	201.0000	201.0000	201.0000	240.0000	201.0000	201.0000	L	279	279
287	859	0.0000	0.0000	0.0000	0.0000	0.0000	0.0000	0.0000	0.0000	0.0000	0.0000	0.0000	0.0000	13.4135	2.0599	0.0291	0.0084	0.2180	0.0000	0.9854	0.0001	CAT	CGG	CAT	CAT	CAT	CAT	H	R	H	H	H	H	224.0000	274.0000	224.0000	224.0000	224.0000	224.0000	R	280	280
288	862	0.0000	0.0000	0.0000	0.0000	0.0000	0.0002	0.0000	0.0000	0.0000	0.0002	0.0000	0.0000	10.9858	6.2053	0.0051	0.0237	0.3765	0.0008	0.5595	0.5555	GGC	GCC	GCA	GGC	GGC	GGC	G	A	A	G	G	G	104.0000	129.0000	129.0000	104.0000	104.0000	104.0000	A	281	281
289	865	0.0090	0.0003	0.0003	0.0003	0.0086	0.0000	0.0000	0.0000	0.0000	0.0000	0.0000	0.0000	8.9446	0.0000	0.0405	0.5333	0.4156	0.0000	0.0000	0.0000	TGT	TGC	TGC	TGT	TGT	TGC	C	C	C	C	C	C	167.0000	167.0000	167.0000	167.0000	167.0000	167.0000	C	282	282
290	868	0.0005	0.0000	0.0000	0.0000	0.0004	0.0000	0.0000	0.0000	0.0000	0.0000	0.0000	0.0000	11.3590	1.0257	0.0046	0.2218	0.4448	0.0000	0.0005	0.0055	CTC	CTC	CTC	CTC	CTC	CTC	L	L	L	L	L	L	201.0000	201.0000	201.0000	201.0000	201.0000	201.0000	L	283	283
291	871	0.0000	0.0000	0.0000	0.0000	0.0000	0.0000	0.0000	0.0000	0.0000	0.0000	0.0000	0.0000	4.6329	0.0006	0.0002	0.0107	0.0095	0.0000	0.0001	0.0001	AAC	AAC	AAC	AAC	AAC	AAC	N	N	N	N	N	N	195.0000	195.0000	195.0000	195.0000	195.0000	195.0000	N	284	284
292	874	0.0001	0.0000	0.0000	0.0000	0.0001	0.0000	0.0000	0.0000	0.0000	0.0000	0.0000	0.0000	5.8649	0.0000	0.0105	0.0145	0.7580	0.0000	0.0000	0.0000	CCT	CCT	CCA	CCT	CCT	CCT	P	P	P	P	P	P	159.0000	159.0000	159.0000	159.0000	159.0000	159.0000	P	285	285
293	877	0.0000	0.0000	0.0000	0.0000	0.0000	0.0000	0.0000	0.0000	0.0000	0.0000	0.0000	0.0000	6.8850	2.0626	0.0002	0.9259	0.1804	0.0000	0.0012	0.0123	GTT	GTG	GTT	GTT	GTT	GTT	V	V	V	V	V	V	174.0000	174.0000	174.0000	174.0000	174.0000	174.0000	V	286	286
294	880	0.2473	0.0319	0.0038	0.0008	0.2435	0.0000	0.0000	0.0000	0.0000	0.0000	0.0000	0.0000	14.0145	1.0166	0.4873	0.5961	0.8516	0.0000	0.0013	0.0014	CTG	CTG	TTA	CTG	CTG	CTG	L	L	L	L	L	L	201.0000	201.0000	201.0000	201.0000	201.0000	201.0000	L	287	287
295	883	0.0000	0.0000	0.0000	0.0000	0.0000	0.0000	0.0000	0.0000	0.0000	0.0000	0.0000	0.0000	1.1607	0.0008	0.0004	0.0145	0.0191	0.0000	0.0001	0.0001	TAT	TAT	TAT	TAT	TAT	TAT	Y	Y	Y	Y	Y	Y	263.0000	263.0000	263.0000	263.0000	263.0000	263.0000	Y	288	288
296	886	0.0000	0.0000	0.0000	0.0000	0.0000	0.0000	0.0000	0.0000	0.0000	0.0000	0.0000	0.0000	8.4479	3.2121	0.0041	0.0032	0.5197	0.0000	0.9390	0.0041	TTC	GCC	TTT	TTC	TTC	TTC	F	A	F	F	F	F	240.0000	129.0000	240.0000	240.0000	240.0000	240.0000	A	289	289
297	889	0.0005	0.0001	0.0001	0.0001	0.0004	0.0000	0.0000	0.0000	0.0000	0.0000	0.0000	0.0000	6.3211	0.0018	0.1226	0.0504	0.0876	0.0000	0.0002	0.0002	TTT	TTT	TTT	TTT	TTT	TTT	F	F	F	F	F	F	240.0000	240.0000	240.0000	240.0000	240.0000	240.0000	F	290	290
298	892	0.0000	0.0000	0.0000	0.0000	0.0000	0.0000	0.0000	0.0000	0.0000	0.0000	0.0000	0.0000	6.1177	4.9361	0.0006	0.0029	0.0193	0.0001	0.9014	0.4101	ATT	GTT	ATT	ATT	ATT	ATT	I	V	I	I	I	I	197.0000	174.0000	197.0000	197.0000	197.0000	197.0000	V	291	291
299	895	0.0001	0.0000	0.0000	0.0000	0.0001	0.0000	0.0000	0.0000	0.0000	0.0000	0.0000	0.0000	6.8837	1.0026	0.0035	0.2260	0.1601	0.0000	0.0000	0.0000	GGG	GGG	GGT	GGG	GGG	GGT	G	G	G	G	G	G	104.0000	104.0000	104.0000	104.0000	104.0000	104.0000	S	292	292
300	898	0.0000	0.0000	0.0000	0.0000	0.0000	0.0000	0.0000	0.0000	0.0000	0.0000	0.0000	0.0000	9.1649	4.3326	0.0010	0.0568	0.7817	0.0000	0.0614	0.0894	GTG	GTG	GTA	GTG	GTG	GTG	V	V	V	V	V	V	174.0000	174.0000	174.0000	174.0000	174.0000	174.0000	L	293	293
301	901	0.0001	0.0000	0.0000	0.0000	0.0001	0.0000	0.0000	0.0000	0.0000	0.0000	0.0000	0.0000	3.4714	0.0023	0.0085	0.1653	0.0443	0.0000	0.0004	0.0002	AAG	AAG	AAG	AAG	AAG	AAG	K	K	K	K	K	K	236.0000	236.0000	236.0000	236.0000	236.0000	236.0000	K	294	294
302	904	0.0109	0.0004	0.0004	0.0004	0.0105	0.0000	0.0000	0.0000	0.0000	0.0000	0.0000	0.0000	6.8014	0.0029	0.0395	0.4651	0.5917	0.0000	0.0004	0.0003	TTC	TTC	TTT	TTC	TTC	TTC	F	F	F	F	F	F	240.0000	240.0000	240.0000	240.0000	240.0000	240.0000	F	295	295
303	907	0.0004	0.0000	0.0000	0.0000	0.0004	0.0000	0.0000	0.0000	0.0000	0.0000	0.0000	0.0000	10.6943	0.0023	0.0015	0.5797	0.4494	0.0000	0.0005	0.0001	AGG	AGA	AGA	AGG	AGA	AGA	R	R	R	R	R	R	274.0000	274.0000	274.0000	274.0000	274.0000	274.0000	R	296	296
304	910	0.0001	0.0000	0.0000	0.0000	0.0000	0.0000	0.0000	0.0000	0.0000	0.0000	0.0000	0.0000	6.6526	3.0607	0.0007	0.2347	0.3515	0.0000	0.0004	0.0004	AAG	AAG	AAA	AAG	AAG	AAA	K	K	K	K	K	K	236.0000	236.0000	236.0000	236.0000	236.0000	236.0000	K	297	297
305	913	0.0017	0.0003	0.0003	0.0003	0.0014	0.0000	0.0000	0.0000	0.0000	0.0000	0.0000	0.0000	11.3129	4.1553	0.0584	0.0977	0.2986	0.0001	0.0015	0.0414	AAC	AAC	AAC	AAC	AAC	AAC	N	N	N	N	N	N	195.0000	195.0000	195.0000	195.0000	195.0000	195.0000	N	298	298
306	916	0.0001	0.0000	0.0000	0.0000	0.0000	0.0000	0.0000	0.0000	0.0000	0.0000	0.0000	0.0000	7.1452	5.0569	0.0065	0.0769	0.1355	0.0000	0.0007	0.0184	TTC	TTC	TTC	TTC	TTC	TTC	F	F	F	F	F	F	240.0000	240.0000	240.0000	240.0000	240.0000	240.0000	F	299	299
307	919	0.0000	0.0000	0.0000	0.0000	0.0000	0.0002	0.0000	0.0000	0.0000	0.0002	0.0000	0.0000	11.9648	9.8178	0.0125	0.0002	0.0802	0.0006	0.4236	0.7251	CAG	TGG	TGT	CAG	TGG	TGG	Q	W	C	Q	W	W	225.0000	285.0000	167.0000	225.0000	285.0000	285.0000	W	300	300
308	922	0.0000	0.0000	0.0000	0.0000	0.0000	0.0000	0.0000	0.0000	0.0000	0.0000	0.0000	0.0000	1.0437	0.0006	0.0001	0.0035	0.0037	0.0000	0.0001	0.0001	AAA	AAA	AAA	AAA	AAA	AAA	K	K	K	K	K	K	236.0000	236.0000	236.0000	236.0000	236.0000	236.0000	K	301	301
309	925	0.0008	0.0000	0.0000	0.0000	0.0008	0.0000	0.0000	0.0000	0.0000	0.0000	0.0000	0.0000	15.9000	3.7735	0.1221	0.0679	0.3925	0.0002	0.8694	0.0994	ATC	CTC	ATC	ATC	ATC	ATC	I	L	I	I	I	I	197.0000	201.0000	197.0000	197.0000	197.0000	197.0000	L	302	302
310	928	0.0000	0.0000	0.0000	0.0000	0.0000	0.0087	0.0002	0.0000	0.0000	0.0086	0.0000	0.0000	15.1537	8.8731	0.3392	0.1034	0.3658	0.0894	0.7952	0.1219	ATT	GTG	CTG	ATT	CTG	CTG	I	V	L	I	L	L	197.0000	174.0000	201.0000	197.0000	201.0000	201.0000	V	303	303
311	931	0.0393	0.0104	0.0104	0.0104	0.0289	0.0000	0.0000	0.0000	0.0000	0.0000	0.0000	0.0000	12.0223	4.6596	0.6320	0.2710	0.2335	0.0001	0.0038	0.4091	AAG	AAG	AAG	AAA	AAG	AAG	K	K	K	K	K	K	236.0000	236.0000	236.0000	236.0000	236.0000	236.0000	K	304	304
312	934	0.0000	0.0000	0.0000	0.0000	0.0000	0.0028	0.0011	0.0003	0.0003	0.0025	0.0000	0.0000	19.7248	11.2126	0.2688	0.5611	0.2478	0.2132	0.1233	0.1065	AAC	GAC	GAT	AAC	GAT	GAT	N	D	D	N	D	D	195.0000	193.0000	193.0000	195.0000	193.0000	193.0000	D	305	305
313	937	0.0000	0.0000	0.0000	0.0000	0.0000	0.0852	0.0003	0.0027	0.0001	0.0825	0.0000	0.0000	20.9640	14.1224	0.3138	0.3453	0.4499	0.5881	0.5439	0.2663	ATC	ATT	TTA	ACT	TTA	TTA	I	L	L	T	L	L	197.0000	201.0000	201.0000	172.0000	201.0000	201.0000	I	306	306
314	940	0.0000	0.0000	0.0000	0.0000	0.0000	0.0000	0.0000	0.0000	0.0000	0.0000	0.0000	0.0000	13.7264	7.6087	0.0153	0.7902	0.2901	0.0686	0.0342	0.0005	AGA	GGC	GGA	AGA	GGA	GGA	R	G	G	R	G	G	274.0000	104.0000	104.0000	274.0000	104.0000	104.0000	G	307	307
315	943	0.0004	0.0000	0.0000	0.0000	0.0003	0.0000	0.0000	0.0000	0.0000	0.0000	0.0000	0.0000	10.5160	3.5080	0.0859	0.5900	0.0082	0.0000	0.0000	0.9842	TGT	TGC	TTG	TGT	TGT	TGC	C	C	L	C	C	C	167.0000	167.0000	201.0000	167.0000	167.0000	167.0000	C	308	308
316	946	0.0005	0.0000	0.0000	0.0000	0.0005	0.0027	0.0000	0.0000	0.0000	0.0027	0.0000	0.0000	16.9857	13.9694	0.0374	0.1614	0.2515	0.0059	0.7779	0.5989	GTT	CTC	GCC	GTT	GTT	GCT	V	L	A	V	V	A	174.0000	201.0000	129.0000	174.0000	174.0000	129.0000	L	309	309
317	949	0.0329	0.0044	0.0044	0.0044	0.0285	0.0000	0.0000	0.0000	0.0000	0.0000	0.0000	0.0000	11.0039	5.7884	0.7680	0.1008	0.4319	0.0001	0.7772	0.1286	AAG	CCT	AAG	AAA	AAA	AAG	K	P	K	K	K	K	236.0000	159.0000	236.0000	236.0000	236.0000	236.0000	P	310	310
318	952	0.0000	0.0000	0.0000	0.0000	0.0000	0.1012	0.0249	0.0000	0.0000	0.1012	0.0000	0.0000	20.0258	12.3216	0.2217	0.0925	0.2544	0.2165	0.8172	0.5721	CGC	TAC	CAT	CGC	CAC	CCT	R	Y	P	R	H	P	274.0000	263.0000	159.0000	274.0000	224.0000	159.0000	Y	311	311
319	955	0.0000	0.0000	0.0000	0.0000	0.0000	0.0005	0.0000	0.0000	0.0000	0.0005	0.0000	0.0000	15.2297	12.8411	0.0047	0.1021	0.0628	0.0010	0.6636	0.7563	CAA	CAA	CAA	CAA	CAA	CAA	Q	Q	Q	Q	Q	Q	225.0000	225.0000	225.0000	225.0000	225.0000	225.0000	L	312	312
320	958	0.0956	0.0292	0.0005	0.0002	0.0952	0.0000	0.0000	0.0000	0.0000	0.0000	0.0333	0.0000	21.1167	11.5283	0.4853	0.7768	0.2546	0.0022	0.0014	0.6491	GGT	GGG	AAC	GGT	GGA	GGA	G	G	G	G	G	G	104.0000	104.0000	104.0000	104.0000	104.0000	104.0000	G	313	313
321	961	0.0000	0.0000	0.0000	0.0000	0.0000	0.1040	0.0037	0.0000	0.0000	0.1040	0.0000	0.0000	27.8857	17.7219	0.5605	0.2054	0.0112	0.1521	0.7011	0.9753	ATC	GTG	GAA	ATT	ATT	ATA	I	V	E	I	I	I	197.0000	174.0000	223.0000	197.0000	197.0000	197.0000	V	314	314
322	964	0.0000	0.0000	0.0000	0.0000	0.0000	0.3363	0.0201	0.0001	0.0000	0.3362	0.0000	0.0000	20.7547	16.6346	0.0468	0.1449	0.2932	0.9228	0.6808	0.5354	GTG	TCA	ACA	GCA	TCA	ACA	V	S	T	A	T	T	174.0000	155.0000	172.0000	129.0000	172.0000	172.0000	S	315	315
323	967	0.0000	0.0000	0.0000	0.0000	0.0000	0.0006	0.0000	0.0000	0.0000	0.0006	0.0000	0.0000	18.2574	11.2043	0.0650	0.3734	0.2646	0.0050	0.2214	0.5490	AAG	AGT	ACT	AAG	AGT	AGT	K	S	T	K	S	S	236.0000	155.0000	172.0000	236.0000	155.0000	155.0000	H	316	316
324	970	0.0000	0.0000	0.0000	0.0000	0.0000	0.0000	0.0000	0.0000	0.0000	0.0000	0.0000	0.0000	9.8102	4.7817	0.0019	0.1588	0.0036	0.0000	0.0044	0.9167	CAA	CAA	GAT	CAA	CAA	CAA	Q	Q	D	Q	Q	Q	225.0000	225.0000	193.0000	225.0000	225.0000	225.0000	Q	317	317
325	973	0.0000	0.0000	0.0000	0.0000	0.0000	0.0000	0.0000	0.0000	0.0000	0.0000	0.0333	0.0000	12.8977	10.2047	0.0000	0.0003	0.3673	0.0000	0.0989	0.3380	TGG	TGG	CTG	TGG	TGG	CTG	W	W	L	W	W	L	285.0000	285.0000	201.0000	285.0000	285.0000	201.0000	W	318	318
326	976	0.0000	0.0000	0.0000	0.0000	0.0000	0.0000	0.0000	0.0000	0.0000	0.0000	0.0000	0.0000	11.0637	7.6145	0.0011	0.3535	0.3801	0.0000	0.4196	0.2915	CAA	CAG	AAG	CAA	CAA	AAA	Q	Q	K	Q	Q	K	225.0000	225.0000	236.0000	225.0000	225.0000	236.0000	K	319	319
327	979	0.0010	0.0001	0.0001	0.0000	0.0010	0.0005	0.0000	0.0000	0.0000	0.0005	0.0333	0.0000	15.0923	8.0865	0.0819	0.0736	0.4997	0.0023	0.9026	0.2449	ACC	TCT	ACA	ACC	ACC	ACA	T	S	T	T	T	T	172.0000	155.0000	172.0000	172.0000	172.0000	172.0000	S	320	320
328	982	0.0000	0.0000	0.0000	0.0000	0.0000	0.0000	0.0000	0.0000	0.0000	0.0000	0.0000	0.0000	11.9885	3.3115	0.0032	0.2054	0.1600	0.0001	0.5734	0.4182	ACT	AGT	ACT	ACT	ACT	ACT	T	S	T	T	T	T	172.0000	155.0000	172.0000	172.0000	172.0000	172.0000	S	321	321
329	985	0.0000	0.0000	0.0000	0.0000	0.0000	0.0000	0.0000	0.0000	0.0000	0.0000	0.0000	0.0000	6.6363	4.7794	0.0001	0.2543	0.0358	0.0000	0.3762	0.0421	GAA	GAA	GAT	GAA	GAA	GAT	E	E	D	E	E	D	223.0000	223.0000	193.0000	223.0000	223.0000	193.0000	E	322	322
330	988	0.0001	0.0000	0.0000	0.0000	0.0001	0.0015	0.0001	0.0000	0.0000	0.0015	0.0000	0.0000	18.5870	10.5710	0.0563	0.5048	0.2364	0.0375	0.0590	0.6768	GAT	GAC	GGA	GAT	GAT	GAC	D	D	G	D	D	D	193.0000	193.0000	104.0000	193.0000	193.0000	193.0000	D	323	323
331	991	0.0000	0.0000	0.0000	0.0000	0.0000	0.0000	0.0000	0.0000	0.0000	0.0000	0.5000	0.6667	8.9041	5.3726	0.0739	0.0000	0.0000	0.0158	0.0000	0.0000	GAG			GAG	GAG	GAG	E			E	E	E	223.0000			223.0000	223.0000	223.0000		0	0
332	994	0.0000	0.0000	0.0000	0.0000	0.0000	0.0023	0.0012	0.0000	0.0000	0.0023	0.0000	0.0000	18.8172	13.0627	0.0037	0.0696	0.0740	0.0031	0.8689	0.8407	GGC	ACC	GAC	GGC	AGC	AGC	G	T	D	G	S	S	104.0000	172.0000	193.0000	104.0000	155.0000	155.0000	N	324	324
333	997	0.3286	0.0871	0.0001	0.0001	0.3285	0.0000	0.0000	0.0000	0.0000	0.0000	0.0000	0.0000	13.9009	0.0023	0.9131	0.6715	0.5359	0.0000	0.0003	0.0002	TCG	TCT	TCT	TCA	TCA	TCT	S	S	S	S	S	S	155.0000	155.0000	155.0000	155.0000	155.0000	155.0000	S	325	325
334	1000	0.0000	0.0000	0.0000	0.0000	0.0000	0.0000	0.0000	0.0000	0.0000	0.0000	0.0000	0.0000	5.4655	3.1125	0.0002	0.1838	0.0496	0.0000	0.0005	0.0134	AAA	AAA	AAA	AAA	AAA	AAA	K	K	K	K	K	K	236.0000	236.0000	236.0000	236.0000	236.0000	236.0000	K	326	326
335	1003	0.0001	0.0000	0.0000	0.0000	0.0001	0.0018	0.0002	0.0000	0.0000	0.0018	0.0000	0.0000	16.4783	10.7746	0.0336	0.1549	0.0241	0.0049	0.4244	0.8694	ACT	ACT	AAT	ACT	ACT	ACT	T	T	N	T	T	T	172.0000	172.0000	195.0000	172.0000	172.0000	172.0000	T	327	327
336	1006	0.0000	0.0000	0.0000	0.0000	0.0000	0.1906	0.0166	0.0011	0.0002	0.1895	0.0000	0.0000	27.3372	20.5683	0.1685	0.1976	0.0742	0.3568	0.6058	0.8819	TGT	TGC	ATT	TGT	TGT	TTT	C	C	I	C	C	F	167.0000	167.0000	197.0000	167.0000	167.0000	240.0000	F	328	328
337	1009	0.0000	0.0000	0.0000	0.0000	0.0000	0.0000	0.0000	0.0000	0.0000	0.0000	0.0000	0.0000	7.4739	3.1449	0.0235	0.0347	0.0169	0.0001	0.0789	0.0007	ACT	TCT	TCT	ACT	TCT	TCT	T	S	S	T	S	S	172.0000	155.0000	155.0000	172.0000	155.0000	155.0000	S	329	329
338	1012	0.0006	0.0000	0.0001	0.0000	0.0006	0.0000	0.0000	0.0000	0.0000	0.0000	0.0000	0.0000	11.3389	2.0655	0.0017	0.5482	0.6716	0.0000	0.0008	0.0005	GCC	GCC	GCT	GCC	GCC	GCA	A	A	A	A	A	A	129.0000	129.0000	129.0000	129.0000	129.0000	129.0000	A	330	330
339	1015	0.0000	0.0000	0.0000	0.0000	0.0000	0.0000	0.0000	0.0000	0.0000	0.0000	0.0000	0.0000	6.8274	2.1448	0.0003	0.9455	0.0428	0.0000	0.0001	0.0003	TCA	TCC	TCA	TCA	TCA	TCA	S	S	S	S	S	S	155.0000	155.0000	155.0000	155.0000	155.0000	155.0000	S	331	331
340	1018	0.0000	0.0000	0.0000	0.0000	0.0000	0.0872	0.0182	0.0000	0.0000	0.0872	0.0333	0.0000	16.5629	8.9753	0.0021	0.3072	0.4256	0.9951	0.2805	0.3125	CCC	AAT	ACA	AAT	AAT	ACT	P	N	T	N	N	T	159.0000	195.0000	172.0000	195.0000	195.0000	172.0000	H	332	332
341	1021	0.0214	0.0038	0.0038	0.0038	0.0176	0.0000	0.0000	0.0000	0.0000	0.0000	0.0000	0.0000	14.4104	3.0174	0.0992	0.4753	0.4537	0.0000	0.0004	0.0003	AAT	AAT	AAC	AAT	AAT	AAC	N	N	N	N	N	N	195.0000	195.0000	195.0000	195.0000	195.0000	195.0000	N	333	333
342	1024	0.0001	0.0000	0.0000	0.0000	0.0001	0.0001	0.0000	0.0000	0.0000	0.0001	0.0000	0.0000	14.2956	11.2311	0.0020	0.5748	0.1297	0.0022	0.0856	0.6421	GTA	GTA	ATG	GTA	GTA	GTA	V	V	V	V	V	V	174.0000	174.0000	174.0000	174.0000	174.0000	174.0000	V	334	334
343	1027	0.0000	0.0000	0.0000	0.0000	0.0000	0.0000	0.0000	0.0000	0.0000	0.0000	0.0000	0.0000	6.6056	4.1349	0.0021	0.7809	0.0134	0.0008	0.0542	0.0253	GAA	GAG	GAA	GAA	GAA	GAA	E	E	E	E	E	E	223.0000	223.0000	223.0000	223.0000	223.0000	223.0000	E	335	335
344	1030	0.0003	0.0000	0.0000	0.0000	0.0003	0.0000	0.0000	0.0000	0.0000	0.0000	0.0000	0.0000	9.5389	6.1270	0.0091	0.2829	0.1289	0.0000	0.0011	0.0366	GCA	GCC	GCC	GCA	GCC	GCC	A	A	A	A	A	A	129.0000	129.0000	129.0000	129.0000	129.0000	129.0000	A	336	336
345	1033	0.0007	0.0000	0.0000	0.0000	0.0007	0.0000	0.0000	0.0000	0.0000	0.0000	0.0000	0.0000	6.4894	2.3341	0.0017	0.8397	0.4638	0.0000	0.0007	0.1113	ACA	ACC	ACA	ACA	ACA	ACA	T	T	T	T	T	T	172.0000	172.0000	172.0000	172.0000	172.0000	172.0000	T	337	337
346	1036	0.0000	0.0000	0.0000	0.0000	0.0000	0.0000	0.0000	0.0000	0.0000	0.0000	0.0000	0.0000	6.0669	2.0798	0.0002	0.0804	0.7468	0.0000	0.0001	0.0194	AGC	AGC	AGT	AGC	AGC	AGC	S	S	S	S	S	S	155.0000	155.0000	155.0000	155.0000	155.0000	155.0000	S	338	338
347	1039	0.0000	0.0000	0.0000	0.0000	0.0000	0.0000	0.0000	0.0000	0.0000	0.0000	0.0000	0.0000	0.0015	2.0060	0.0000	0.0000	0.0000	0.0000	0.0001	0.0005	ATG	ATG	ATG	ATG	ATG	ATG	M	M	M	M	M	M	224.0000	224.0000	224.0000	224.0000	224.0000	224.0000	M	339	339
348	1042	0.0000	0.0000	0.0000	0.0000	0.0000	0.0000	0.0000	0.0000	0.0000	0.0000	0.0333	0.0000	11.0884	6.4889	0.0211	0.6354	0.2722	0.0001	0.1143	0.0684	TAT	TAC	CAT	TAT	TAT	CAT	Y	Y	H	Y	Y	H	263.0000	263.0000	224.0000	263.0000	263.0000	224.0000	F	340	340
349	1045	0.0000	0.0000	0.0000	0.0000	0.0000	0.0000	0.0000	0.0000	0.0000	0.0000	0.1000	0.0000	11.2997	4.5392	0.0141	0.0409	0.2018	0.0000	0.9270	0.4796	CCA	CAG	CCA	CCA	CCA	CCA	P	Q	P	P	P	P	159.0000	225.0000	159.0000	159.0000	159.0000	159.0000	Q	341	341
350	1048	0.0397	0.0008	0.0002	0.0000	0.0394	0.0000	0.0000	0.0000	0.0000	0.0000	0.1000	0.0000	15.9587	2.4763	0.0795	0.8609	0.5822	0.0001	0.0253	0.1831	TTA	CTG	TTG	TTA	TTA	TTA	L	L	L	L	L	L	201.0000	201.0000	201.0000	201.0000	201.0000	201.0000	L	342	342
