{
  "tracks": [
    {
      "trackProperties": [
        {
          "color": " #CC33EE", 
          "nodeName": "R:K322", 
          "size": 1.0
        }, 
        {
          "color": " #CC33EE", 
          "nodeName": "R:K76", 
          "size": 1.0
        }, 
        {
          "color": " #CC33EE", 
          "nodeName": "R:K75", 
          "size": 1.0
        }, 
        {
          "color": " #FFEC2B", 
          "nodeName": "B:D333", 
          "size": 1.0
        }, 
        {
          "color": " #CC33EE", 
          "nodeName": "R:R78", 
          "size": 1.0
        }, 
        {
          "color": " #FFEC2B", 
          "nodeName": "B:D312", 
          "size": 1.0
        }, 
        {
          "color": " #00FF00", 
          "nodeName": "A:E25", 
          "size": 1.0
        }, 
        {
          "color": " #FFEC2B", 
          "nodeName": "B:D291", 
          "size": 1.0
        }, 
        {
          "color": " #CC33EE", 
          "nodeName": "R:R155", 
          "size": 1.0
        }, 
        {
          "color": " #CC33EE", 
          "nodeName": "R:R157", 
          "size": 1.0
        }, 
        {
          "color": " #00FF00", 
          "nodeName": "A:D262", 
          "size": 1.0
        }
      ], 
      "trackLabel": "DefaultTrack"
    }
  ], 
  "edges": [
    {
      "frames": [0, 
        1, 
        5, 
        6, 
        36, 
        44, 
        67, 
        71, 
        94, 
        95, 
        99, 
        101, 
        129, 
        132, 
        136, 
        137, 
        139, 
        140, 
        142, 
        157, 
        161, 
        163], 
      "name2": "R:K75", 
      "name1": "B:D312"
    }, 
    {
      "frames": [22, 
        25, 
        27, 
        28, 
        34, 
        41, 
        46, 
        53, 
        58, 
        59, 
        81, 
        102, 
        103, 
        107, 
        108, 
        109, 
        110, 
        111, 
        112, 
        113, 
        114], 
      "name2": "R:K75", 
      "name1": "B:D291"
    }, 
    {
      "frames": [50, 
        56, 
        70, 
        72, 
        73, 
        74, 
        75, 
        84, 
        85, 
        86, 
        89, 
        91, 
        92, 
        102, 
        105, 
        106, 
        109, 
        113], 
      "name2": "R:K76", 
      "name1": "A:D262"
    }, 
    {
      "frames": [52, 
        53, 
        54, 
        55, 
        56, 
        57, 
        58, 
        59, 
        105, 
        117, 
        119, 
        120, 
        122, 
        123, 
        126, 
        127, 
        129, 
        130, 
        131, 
        132, 
        134, 
        135, 
        136, 
        137, 
        138, 
        139, 
        140, 
        141, 
        142, 
        143, 
        144, 
        145, 
        146, 
        147, 
        148, 
        149, 
        150, 
        151, 
        152, 
        153, 
        154, 
        155, 
        158, 
        159, 
        160, 
        161, 
        162, 
        163, 
        164, 
        171, 
        172, 
        175, 
        177, 
        178, 
        179, 
        180, 
        181, 
        182, 
        183, 
        184, 
        185, 
        186, 
        187, 
        188, 
        189, 
        190, 
        191, 
        192, 
        193, 
        194, 
        196, 
        197, 
        198, 
        199], 
      "name2": "R:R78", 
      "name1": "B:D333"
    }, 
    {
      "frames": [68, 
        73, 
        74, 
        78, 
        81, 
        83, 
        85, 
        86, 
        91, 
        93, 
        94, 
        95, 
        96, 
        100, 
        101, 
        102, 
        104, 
        105, 
        106, 
        107, 
        108, 
        111, 
        112, 
        113, 
        115, 
        116, 
        146, 
        158], 
      "name2": "R:K322", 
      "name1": "A:D262"
    }, 
    {
      "frames": [69, 
        81, 
        121], 
      "name2": "R:K76", 
      "name1": "B:D291"
    }, 
    {
      "frames": [77, 
        84, 
        109, 
        117, 
        143, 
        144, 
        163, 
        164, 
        165, 
        166, 
        167, 
        168], 
      "name2": "R:R157", 
      "name1": "A:E25"
    }, 
    {
      "frames": [106, 
        109, 
        110, 
        111, 
        112, 
        113, 
        114, 
        115, 
        116, 
        117, 
        120, 
        121, 
        122, 
        123, 
        125, 
        127, 
        128, 
        133, 
        136, 
        144, 
        145, 
        149, 
        150, 
        151, 
        157, 
        166, 
        167, 
        168, 
        169, 
        170, 
        171, 
        172, 
        173, 
        174, 
        175, 
        176, 
        179, 
        181, 
        184, 
        186, 
        191, 
        192, 
        194, 
        197, 
        199], 
      "name2": "R:R78", 
      "name1": "B:D312"
    }, 
    {
      "frames": [178, 
        179, 
        180, 
        181, 
        182, 
        183, 
        184, 
        185], 
      "name2": "R:R155", 
      "name1": "A:E25"
    }
  ], 
  "trees": [
    {
      "treeLabel": "DefaultTree", 
      "treePaths": [
        " R.R0322.R:K322", 
        " R.R0076.R:K76", 
        " R.R0075.R:K75", 
        " B.B0333.B:D333", 
        " R.R0078.R:R78", 
        " B.B0312.B:D312", 
        " A.A0025.A:E25", 
        " B.B0291.B:D291", 
        " R.R0155.R:R155", 
        " R.R0157.R:R157", 
        " A.A0262.A:D262"
      ]
    }
  ]
}