{
  "tracks": [
    {
      "trackProperties": [
        {
          "color": " #CC33EE", 
          "nodeName": "R:Y74", 
          "size": 1.0
        }, 
        {
          "color": " #CC33EE", 
          "nodeName": "R:K248", 
          "size": 1.0
        }, 
        {
          "color": " #CC33EE", 
          "nodeName": "R:R324", 
          "size": 1.0
        }, 
        {
          "color": " #CC33EE", 
          "nodeName": "R:N246", 
          "size": 1.0
        }, 
        {
          "color": " #00FF00", 
          "nodeName": "A:S29", 
          "size": 1.0
        }, 
        {
          "color": " #CC33EE", 
          "nodeName": "R:K75", 
          "size": 1.0
        }, 
        {
          "color": " #00FF00", 
          "nodeName": "A:G352", 
          "size": 1.0
        }, 
        {
          "color": " #00FF00", 
          "nodeName": "A:G350", 
          "size": 1.0
        }, 
        {
          "color": " #FFEC2B", 
          "nodeName": "B:D312", 
          "size": 1.0
        }, 
        {
          "color": " #00FF00", 
          "nodeName": "A:N194", 
          "size": 1.0
        }, 
        {
          "color": " #00FF00", 
          "nodeName": "A:K24", 
          "size": 1.0
        }, 
        {
          "color": " #00FF00", 
          "nodeName": "A:A31", 
          "size": 1.0
        }, 
        {
          "color": " #CC33EE", 
          "nodeName": "R:R249", 
          "size": 1.0
        }, 
        {
          "color": " #CC33EE", 
          "nodeName": "R:K322", 
          "size": 1.0
        }, 
        {
          "color": " #CC33EE", 
          "nodeName": "R:K152", 
          "size": 1.0
        }, 
        {
          "color": " #00FF00", 
          "nodeName": "A:D341", 
          "size": 1.0
        }, 
        {
          "color": " #00FF00", 
          "nodeName": "A:E318", 
          "size": 1.0
        }, 
        {
          "color": " #CC33EE", 
          "nodeName": "R:R143", 
          "size": 1.0
        }, 
        {
          "color": " #00FF00", 
          "nodeName": "A:D262", 
          "size": 1.0
        }, 
        {
          "color": " #00FF00", 
          "nodeName": "A:H196", 
          "size": 1.0
        }, 
        {
          "color": " #CC33EE", 
          "nodeName": "R:Y316", 
          "size": 1.0
        }, 
        {
          "color": " #00FF00", 
          "nodeName": "A:R349", 
          "size": 1.0
        }, 
        {
          "color": " #00FF00", 
          "nodeName": "A:S314", 
          "size": 1.0
        }, 
        {
          "color": " #00FF00", 
          "nodeName": "A:V334", 
          "size": 1.0
        }, 
        {
          "color": " #CC33EE", 
          "nodeName": "R:R155", 
          "size": 1.0
        }, 
        {
          "color": " #CC33EE", 
          "nodeName": "R:R157", 
          "size": 1.0
        }, 
        {
          "color": " #CC33EE", 
          "nodeName": "R:A150", 
          "size": 1.0
        }, 
        {
          "color": " #00FF00", 
          "nodeName": "A:Y320", 
          "size": 1.0
        }, 
        {
          "color": " #00FF00", 
          "nodeName": "A:A338", 
          "size": 1.0
        }, 
        {
          "color": " #00FF00", 
          "nodeName": "A:N316", 
          "size": 1.0
        }, 
        {
          "color": " #00FF00", 
          "nodeName": "A:D337", 
          "size": 1.0
        }, 
        {
          "color": " #CC33EE", 
          "nodeName": "R:M80", 
          "size": 1.0
        }, 
        {
          "color": " #CC33EE", 
          "nodeName": "R:N325", 
          "size": 1.0
        }, 
        {
          "color": " #00FF00", 
          "nodeName": "A:I28", 
          "size": 1.0
        }, 
        {
          "color": " #CC33EE", 
          "nodeName": "R:K251", 
          "size": 1.0
        }, 
        {
          "color": " #CC33EE", 
          "nodeName": "R:A146", 
          "size": 1.0
        }, 
        {
          "color": " #00FF00", 
          "nodeName": "A:C351", 
          "size": 1.0
        }, 
        {
          "color": " #00FF00", 
          "nodeName": "A:H322", 
          "size": 1.0
        }, 
        {
          "color": " #00FF00", 
          "nodeName": "A:K32", 
          "size": 1.0
        }, 
        {
          "color": " #00FF00", 
          "nodeName": "A:N312", 
          "size": 1.0
        }, 
        {
          "color": " #00FF00", 
          "nodeName": "A:E25", 
          "size": 1.0
        }, 
        {
          "color": " #FFEC2B", 
          "nodeName": "B:D291", 
          "size": 1.0
        }, 
        {
          "color": " #CC33EE", 
          "nodeName": "R:T81", 
          "size": 1.0
        }, 
        {
          "color": " #00FF00", 
          "nodeName": "A:R313", 
          "size": 1.0
        }, 
        {
          "color": " #00FF00", 
          "nodeName": "A:T191", 
          "size": 1.0
        }, 
        {
          "color": " #CC33EE", 
          "nodeName": "R:R159", 
          "size": 1.0
        }, 
        {
          "color": " #FFEC2B", 
          "nodeName": "B:N313", 
          "size": 1.0
        }, 
        {
          "color": " #CC33EE", 
          "nodeName": "R:K76", 
          "size": 1.0
        }, 
        {
          "color": " #CC33EE", 
          "nodeName": "R:Q245", 
          "size": 1.0
        }, 
        {
          "color": " #CC33EE", 
          "nodeName": "R:F154", 
          "size": 1.0
        }, 
        {
          "color": " #00FF00", 
          "nodeName": "A:I319", 
          "size": 1.0
        }, 
        {
          "color": " #00FF00", 
          "nodeName": "A:A345", 
          "size": 1.0
        }, 
        {
          "color": " #CC33EE", 
          "nodeName": "R:Q243", 
          "size": 1.0
        }, 
        {
          "color": " #CC33EE", 
          "nodeName": "R:S79", 
          "size": 1.0
        }, 
        {
          "color": " #00FF00", 
          "nodeName": "A:L353", 
          "size": 1.0
        }, 
        {
          "color": " #FFEC2B", 
          "nodeName": "B:D333", 
          "size": 1.0
        }, 
        {
          "color": " #CC33EE", 
          "nodeName": "R:R78", 
          "size": 1.0
        }, 
        {
          "color": " #00FF00", 
          "nodeName": "A:P315", 
          "size": 1.0
        }, 
        {
          "color": " #00FF00", 
          "nodeName": "A:K193", 
          "size": 1.0
        }, 
        {
          "color": " #CC33EE", 
          "nodeName": "R:T151", 
          "size": 1.0
        }, 
        {
          "color": " #00FF00", 
          "nodeName": "A:K317", 
          "size": 1.0
        }, 
        {
          "color": " #00FF00", 
          "nodeName": "A:T340", 
          "size": 1.0
        }, 
        {
          "color": " #00FF00", 
          "nodeName": "A:N347", 
          "size": 1.0
        }, 
        {
          "color": " #00FF00", 
          "nodeName": "A:N346", 
          "size": 1.0
        }, 
        {
          "color": " #00FF00", 
          "nodeName": "A:F192", 
          "size": 1.0
        }, 
        {
          "color": " #CC33EE", 
          "nodeName": "R:Q321", 
          "size": 1.0
        }, 
        {
          "color": " #00FF00", 
          "nodeName": "A:Y354", 
          "size": 1.0
        }, 
        {
          "color": " #CC33EE", 
          "nodeName": "R:S247", 
          "size": 1.0
        }
      ], 
      "trackLabel": "DefaultTrack"
    }
  ], 
  "edges": [
    {
      "frames": [0, 
        13, 
        26, 
        30, 
        31, 
        39, 
        41, 
        44, 
        45, 
        47, 
        51, 
        53, 
        60, 
        61, 
        66, 
        68, 
        73, 
        78, 
        82, 
        83, 
        84, 
        85, 
        86, 
        87, 
        88, 
        89, 
        90, 
        91, 
        92, 
        93, 
        94, 
        95, 
        96, 
        97, 
        98, 
        99, 
        100, 
        101, 
        102, 
        103, 
        104, 
        105, 
        114, 
        118], 
      "name2": "R:K251", 
      "name1": "A:Y354"
    }, 
    {
      "frames": [0, 
        1, 
        2, 
        3, 
        4, 
        5, 
        6, 
        7, 
        8, 
        9, 
        10, 
        11, 
        12, 
        13, 
        14, 
        15, 
        16, 
        18, 
        19, 
        20, 
        21, 
        22, 
        23, 
        24, 
        25, 
        26, 
        27, 
        28, 
        29, 
        30, 
        31, 
        32, 
        33, 
        34, 
        35, 
        36, 
        37, 
        38, 
        39, 
        40, 
        41, 
        42, 
        43, 
        44, 
        45, 
        46, 
        47, 
        48, 
        49, 
        50, 
        51, 
        52, 
        53, 
        54, 
        55, 
        56, 
        57, 
        58, 
        59, 
        60, 
        61, 
        62, 
        63, 
        64, 
        65, 
        66, 
        67, 
        68, 
        69, 
        70, 
        71, 
        72, 
        73, 
        74, 
        75, 
        76, 
        77, 
        78, 
        79, 
        80, 
        81, 
        82, 
        83, 
        84, 
        85, 
        86, 
        87, 
        88, 
        89, 
        90, 
        92, 
        93, 
        94, 
        95, 
        96, 
        97, 
        98, 
        99, 
        100, 
        101, 
        102, 
        103, 
        104, 
        105, 
        106, 
        107, 
        108, 
        109, 
        110, 
        111, 
        112, 
        113, 
        114, 
        115, 
        116, 
        117, 
        118, 
        119, 
        120, 
        121, 
        122, 
        123, 
        124, 
        125, 
        126, 
        127, 
        128, 
        129, 
        130, 
        133, 
        134, 
        135, 
        136, 
        137, 
        138, 
        139, 
        140, 
        141, 
        142, 
        144, 
        145, 
        146, 
        147, 
        148, 
        149, 
        150, 
        151, 
        152, 
        153, 
        154, 
        155, 
        156, 
        157, 
        158, 
        159, 
        160, 
        161, 
        162, 
        163, 
        164, 
        165, 
        166, 
        167, 
        168, 
        169, 
        170, 
        171, 
        172, 
        173, 
        174, 
        175, 
        176, 
        177, 
        178, 
        179, 
        180, 
        181, 
        182], 
      "name2": "R:R159", 
      "name1": "A:N347"
    }, 
    {
      "frames": [0, 
        1, 
        2, 
        4], 
      "name2": "R:K248", 
      "name1": "A:A345"
    }, 
    {
      "frames": [0, 
        1, 
        2, 
        3, 
        4, 
        5, 
        8, 
        9, 
        10, 
        11, 
        12, 
        13, 
        14, 
        15, 
        16, 
        17, 
        18, 
        19, 
        20, 
        21, 
        22, 
        23, 
        24, 
        25, 
        26, 
        27, 
        28, 
        29, 
        30, 
        31, 
        32, 
        33, 
        34, 
        35, 
        37, 
        38, 
        39, 
        40, 
        41, 
        42, 
        43, 
        44, 
        45, 
        46, 
        47, 
        48, 
        49, 
        50, 
        51, 
        52, 
        53, 
        54, 
        55, 
        56, 
        57, 
        58, 
        59, 
        60, 
        61, 
        63, 
        64, 
        65, 
        67, 
        68, 
        69, 
        70, 
        71, 
        73, 
        74, 
        75, 
        76, 
        77, 
        78, 
        79, 
        80, 
        81, 
        82, 
        83, 
        84, 
        85, 
        86, 
        87, 
        88, 
        89, 
        90, 
        91, 
        92, 
        93, 
        94, 
        95, 
        96, 
        97, 
        98, 
        99, 
        100, 
        101, 
        102, 
        103, 
        104, 
        105, 
        108, 
        109, 
        110, 
        111, 
        112, 
        113, 
        114, 
        115, 
        116, 
        117, 
        118, 
        119, 
        120, 
        122, 
        123, 
        124, 
        125, 
        126, 
        127, 
        128, 
        129, 
        130, 
        131, 
        132, 
        133, 
        134, 
        135, 
        136, 
        137, 
        138, 
        139, 
        140, 
        141, 
        142, 
        143, 
        144, 
        145, 
        146, 
        147, 
        148, 
        149, 
        150, 
        151, 
        152, 
        153, 
        154, 
        155, 
        156, 
        157, 
        158, 
        159, 
        160, 
        161, 
        162, 
        163, 
        164, 
        165, 
        166, 
        167, 
        168, 
        169, 
        170, 
        171, 
        172, 
        173, 
        174, 
        176, 
        178, 
        179, 
        180, 
        181, 
        182, 
        183, 
        184, 
        185, 
        186, 
        187, 
        188, 
        190, 
        191, 
        192, 
        193, 
        194, 
        195, 
        196, 
        198, 
        199], 
      "name2": "R:Q321", 
      "name1": "A:L353"
    }, 
    {
      "frames": [0], 
      "name2": "R:K76", 
      "name1": "B:D312"
    }, 
    {
      "frames": [0, 
        1, 
        2, 
        3, 
        4, 
        7, 
        19, 
        20, 
        21, 
        24, 
        26, 
        27, 
        28, 
        29, 
        30, 
        33, 
        34, 
        35, 
        36, 
        37, 
        38, 
        39, 
        40, 
        41, 
        42, 
        43, 
        44, 
        45, 
        46, 
        47, 
        48, 
        49, 
        50, 
        51, 
        52, 
        53, 
        54, 
        55, 
        56, 
        57, 
        58, 
        60, 
        61, 
        63, 
        64, 
        66, 
        67, 
        68, 
        69, 
        73, 
        74, 
        75, 
        76, 
        80, 
        85, 
        86, 
        87, 
        88, 
        91, 
        92, 
        94, 
        96, 
        97, 
        98, 
        100, 
        101, 
        102, 
        103, 
        104, 
        106, 
        111, 
        113], 
      "name2": "R:Q245", 
      "name1": "A:D341"
    }, 
    {
      "frames": [0], 
      "name2": "R:R159", 
      "name1": "A:G350"
    }, 
    {
      "frames": [0, 
        1, 
        2, 
        3, 
        4, 
        5, 
        6, 
        7, 
        8, 
        9, 
        10, 
        11, 
        12, 
        13, 
        14, 
        15, 
        16, 
        17, 
        18, 
        19, 
        20, 
        21, 
        22, 
        23, 
        25, 
        27, 
        28, 
        30, 
        31, 
        33, 
        34, 
        35, 
        36, 
        38, 
        39, 
        40, 
        41, 
        42, 
        43, 
        46, 
        47, 
        51, 
        52, 
        53, 
        54, 
        56, 
        57, 
        58, 
        60, 
        61, 
        62, 
        63, 
        64, 
        65, 
        66, 
        67, 
        68, 
        69, 
        70, 
        71, 
        74, 
        76, 
        79, 
        80, 
        81, 
        82, 
        87, 
        88, 
        89, 
        91, 
        93, 
        94, 
        95, 
        96, 
        97, 
        99, 
        101, 
        102, 
        103, 
        104, 
        106, 
        107, 
        110, 
        111, 
        112, 
        113, 
        114, 
        115, 
        118, 
        120, 
        121, 
        123, 
        124, 
        125, 
        126, 
        127, 
        128, 
        129, 
        130, 
        131, 
        132, 
        133, 
        134, 
        135, 
        136, 
        137, 
        138, 
        139, 
        140, 
        141, 
        142, 
        143, 
        144, 
        145, 
        146, 
        147, 
        148, 
        149, 
        150, 
        151, 
        152, 
        153, 
        154, 
        155, 
        156, 
        157, 
        158, 
        159, 
        160, 
        161, 
        162, 
        163, 
        164, 
        165, 
        166, 
        167, 
        168, 
        169, 
        170, 
        171, 
        172, 
        173, 
        174, 
        175, 
        176, 
        177, 
        178, 
        179, 
        180, 
        181, 
        182, 
        183, 
        184, 
        186, 
        187, 
        188, 
        190, 
        191, 
        192, 
        193, 
        194, 
        195, 
        196, 
        197, 
        198, 
        199], 
      "name2": "R:R143", 
      "name1": "A:G352"
    }, 
    {
      "frames": [0, 
        3, 
        4, 
        5, 
        6, 
        7, 
        8, 
        9, 
        10, 
        11, 
        12, 
        13, 
        14, 
        15, 
        16, 
        17, 
        18, 
        20, 
        21, 
        22, 
        23, 
        24, 
        25, 
        26, 
        27, 
        28, 
        29, 
        30, 
        31, 
        32, 
        33, 
        34, 
        35, 
        36, 
        37, 
        38, 
        39, 
        40, 
        41, 
        42, 
        43, 
        44, 
        49, 
        50, 
        52, 
        53, 
        54, 
        55, 
        56, 
        57, 
        58, 
        59, 
        60, 
        62, 
        65, 
        66, 
        70, 
        71, 
        72, 
        73, 
        76, 
        77, 
        78, 
        80, 
        81, 
        82, 
        83, 
        84, 
        85, 
        86, 
        87, 
        88, 
        89, 
        90, 
        91, 
        93, 
        94, 
        95, 
        96, 
        97, 
        98, 
        99, 
        101, 
        102, 
        103, 
        104, 
        105, 
        106, 
        107, 
        108, 
        109, 
        110, 
        113, 
        114, 
        115, 
        116, 
        117, 
        119, 
        120, 
        121, 
        122, 
        123, 
        124, 
        125, 
        127, 
        128, 
        129, 
        130, 
        131, 
        132, 
        133, 
        134, 
        135, 
        139, 
        140, 
        141, 
        142, 
        143, 
        144, 
        145, 
        146, 
        148, 
        149, 
        150, 
        151, 
        152, 
        153, 
        154, 
        155, 
        157, 
        158, 
        159, 
        160, 
        161, 
        162, 
        163, 
        164, 
        167, 
        168, 
        169, 
        170, 
        171, 
        172, 
        173, 
        174, 
        175, 
        176, 
        187, 
        188, 
        189, 
        190, 
        191, 
        192, 
        193, 
        194, 
        195, 
        196, 
        197, 
        198, 
        199], 
      "name2": "R:R155", 
      "name1": "A:N194"
    }, 
    {
      "frames": [0, 
        1, 
        2, 
        3, 
        4, 
        5, 
        7, 
        8, 
        9, 
        12, 
        13, 
        14, 
        15, 
        19, 
        20, 
        21, 
        22, 
        26, 
        27, 
        28, 
        31, 
        33, 
        35, 
        37, 
        79, 
        80, 
        81, 
        82, 
        83, 
        108], 
      "name2": "R:Q245", 
      "name1": "A:Y320"
    }, 
    {
      "frames": [0, 
        1], 
      "name2": "R:R155", 
      "name1": "A:K193"
    }, 
    {
      "frames": [0, 
        1, 
        2, 
        3, 
        4, 
        70, 
        96, 
        165, 
        172, 
        177, 
        185], 
      "name2": "R:Q321", 
      "name1": "A:Y354"
    }, 
    {
      "frames": [1, 
        2, 
        9, 
        10, 
        13, 
        44, 
        45, 
        47, 
        48, 
        50, 
        51, 
        52, 
        56, 
        57, 
        61, 
        62, 
        63, 
        66, 
        67, 
        68, 
        69, 
        70, 
        71, 
        73, 
        78, 
        79, 
        81, 
        86, 
        88, 
        89, 
        90, 
        92, 
        94, 
        95, 
        96, 
        97, 
        99, 
        100, 
        105, 
        109, 
        112, 
        117, 
        120, 
        121, 
        123, 
        129, 
        130, 
        140, 
        141, 
        142, 
        145], 
      "name2": "R:F154", 
      "name1": "A:K32"
    }, 
    {
      "frames": [1, 
        6, 
        22, 
        23, 
        24, 
        25, 
        26, 
        27, 
        28, 
        29, 
        31, 
        33, 
        36, 
        47, 
        48, 
        50, 
        71, 
        81, 
        83, 
        84, 
        85, 
        86, 
        87, 
        88, 
        89, 
        91, 
        92, 
        94, 
        96, 
        99, 
        102, 
        103, 
        107, 
        108, 
        111, 
        112, 
        113, 
        114, 
        115, 
        116, 
        134, 
        136, 
        137, 
        140, 
        142, 
        157, 
        161, 
        163, 
        169, 
        192], 
      "name2": "R:K75", 
      "name1": "B:D312"
    }, 
    {
      "frames": [1, 
        2, 
        3, 
        5, 
        7, 
        8, 
        9, 
        10, 
        11, 
        12, 
        13, 
        14, 
        15, 
        16, 
        17, 
        18, 
        19, 
        21, 
        23, 
        24, 
        25, 
        26, 
        28, 
        29, 
        30, 
        31, 
        32, 
        33, 
        34, 
        35, 
        36, 
        37, 
        38, 
        39, 
        40, 
        41, 
        42, 
        43, 
        46, 
        47, 
        49, 
        50, 
        52, 
        53, 
        54, 
        55, 
        56, 
        58, 
        60, 
        61, 
        62, 
        63, 
        65, 
        66, 
        67, 
        68, 
        72, 
        73, 
        76, 
        78, 
        79, 
        82, 
        83, 
        84, 
        87, 
        88, 
        91, 
        93, 
        96, 
        97, 
        99, 
        101, 
        102, 
        103, 
        104, 
        106, 
        107, 
        108, 
        114, 
        116, 
        117, 
        119, 
        121, 
        125, 
        127, 
        138, 
        149, 
        152, 
        160, 
        162, 
        163, 
        165, 
        166], 
      "name2": "R:S247", 
      "name1": "A:E318"
    }, 
    {
      "frames": [1, 
        2, 
        10, 
        11, 
        12, 
        13, 
        15, 
        16, 
        17, 
        18, 
        19, 
        20, 
        21, 
        22, 
        23, 
        24, 
        25, 
        26, 
        28, 
        30, 
        31, 
        37, 
        40, 
        41, 
        42, 
        46, 
        60, 
        67, 
        79, 
        81, 
        82, 
        84, 
        86, 
        87, 
        89, 
        104, 
        106, 
        110, 
        121, 
        123, 
        128, 
        129, 
        130], 
      "name2": "R:R155", 
      "name1": "A:K32"
    }, 
    {
      "frames": [1, 
        2, 
        3, 
        4, 
        5, 
        8, 
        9, 
        11, 
        12, 
        13, 
        14, 
        15, 
        16, 
        18, 
        20, 
        21, 
        22, 
        23, 
        24, 
        27, 
        30, 
        31, 
        34, 
        44, 
        46, 
        48, 
        67, 
        79, 
        95, 
        98, 
        100, 
        101, 
        102, 
        103, 
        104, 
        105, 
        106, 
        107, 
        108, 
        109, 
        110, 
        111, 
        115, 
        116, 
        117, 
        119, 
        120, 
        121, 
        123, 
        124, 
        125, 
        126, 
        127, 
        129, 
        130, 
        131, 
        132, 
        133, 
        134, 
        135, 
        136, 
        137, 
        138, 
        139, 
        140, 
        141, 
        142, 
        143, 
        144, 
        146, 
        147, 
        149, 
        150, 
        151, 
        152, 
        153, 
        155, 
        156, 
        157, 
        159, 
        160, 
        161, 
        162, 
        163, 
        164, 
        165, 
        166, 
        167, 
        169, 
        170, 
        171, 
        172, 
        174, 
        175, 
        176, 
        177, 
        178, 
        179, 
        181, 
        183, 
        184, 
        185, 
        187, 
        189, 
        190, 
        191, 
        192, 
        193, 
        194, 
        195, 
        196, 
        197], 
      "name2": "R:S79", 
      "name1": "A:G350"
    }, 
    {
      "frames": [3, 
        40, 
        42, 
        52, 
        56, 
        59, 
        60, 
        61, 
        62, 
        66, 
        67, 
        68, 
        69, 
        70, 
        74, 
        78, 
        81, 
        84, 
        90, 
        91, 
        105, 
        106, 
        108, 
        111, 
        112, 
        113, 
        114, 
        115, 
        116, 
        117, 
        118, 
        119, 
        120, 
        121, 
        122, 
        123, 
        124, 
        126, 
        127, 
        128, 
        130, 
        131, 
        132, 
        133, 
        135, 
        136, 
        137, 
        138, 
        139, 
        140, 
        141, 
        142, 
        143, 
        144, 
        145, 
        146, 
        148, 
        149, 
        150, 
        151, 
        152, 
        153, 
        155, 
        156, 
        157, 
        158, 
        159, 
        160, 
        161, 
        162, 
        163, 
        164, 
        165, 
        166, 
        167, 
        168, 
        169, 
        170, 
        171, 
        172, 
        173, 
        174, 
        175, 
        176, 
        177, 
        178, 
        179, 
        180, 
        181, 
        182, 
        183, 
        184, 
        186, 
        187, 
        189, 
        190, 
        191, 
        192, 
        193, 
        194, 
        195, 
        196, 
        197, 
        198, 
        199], 
      "name2": "R:Q245", 
      "name1": "A:D337"
    }, 
    {
      "frames": [3, 
        12, 
        18, 
        22], 
      "name2": "R:R157", 
      "name1": "A:A31"
    }, 
    {
      "frames": [3, 
        4, 
        12, 
        13], 
      "name2": "R:S247", 
      "name1": "A:P315"
    }, 
    {
      "frames": [4, 
        5, 
        6, 
        7, 
        10, 
        16, 
        17, 
        18, 
        19, 
        22, 
        23, 
        24, 
        25, 
        26, 
        28, 
        29, 
        30, 
        31, 
        32, 
        34, 
        35, 
        36, 
        39, 
        40, 
        41, 
        42, 
        43, 
        44, 
        45, 
        46, 
        47, 
        48, 
        49, 
        50, 
        52, 
        53], 
      "name2": "R:R157", 
      "name1": "A:I28"
    }, 
    {
      "frames": [5, 
        6, 
        7, 
        8, 
        9, 
        11, 
        16, 
        22, 
        23, 
        24, 
        30, 
        43, 
        47, 
        48, 
        50, 
        53, 
        58, 
        60, 
        61, 
        62, 
        63, 
        64, 
        65, 
        66, 
        67, 
        68, 
        71, 
        72, 
        73, 
        74, 
        75, 
        76, 
        77, 
        78, 
        79, 
        80, 
        81, 
        82, 
        83, 
        84, 
        85, 
        86, 
        87, 
        88, 
        89, 
        90, 
        91, 
        93, 
        94, 
        95, 
        96, 
        97, 
        99, 
        100, 
        101, 
        102, 
        103, 
        105, 
        106, 
        107, 
        108, 
        109, 
        110, 
        111, 
        112, 
        113, 
        114, 
        115, 
        116, 
        117, 
        119, 
        122, 
        123, 
        124, 
        125, 
        126, 
        127, 
        128, 
        129, 
        130, 
        131, 
        132, 
        133, 
        134, 
        135, 
        136, 
        137, 
        138, 
        139, 
        140, 
        141, 
        142, 
        144, 
        145, 
        146, 
        147, 
        149, 
        150, 
        152, 
        153, 
        156, 
        158, 
        159, 
        160, 
        161, 
        162, 
        163, 
        164, 
        165, 
        166, 
        167, 
        168, 
        169, 
        170, 
        171, 
        172, 
        173, 
        174, 
        175, 
        176, 
        177, 
        178, 
        179, 
        180, 
        181, 
        182, 
        183, 
        184, 
        185, 
        186, 
        187, 
        188, 
        189, 
        190, 
        191, 
        192, 
        193, 
        194, 
        195, 
        196, 
        197, 
        198, 
        199], 
      "name2": "R:K322", 
      "name1": "A:R349"
    }, 
    {
      "frames": [5, 
        6, 
        7, 
        8, 
        9, 
        10, 
        11, 
        12, 
        13, 
        14, 
        15, 
        16, 
        17, 
        18, 
        19, 
        20, 
        21, 
        22, 
        23, 
        24, 
        25, 
        27, 
        28, 
        29, 
        30, 
        31, 
        32, 
        33, 
        35, 
        36, 
        37, 
        38, 
        39, 
        40, 
        41, 
        42, 
        44, 
        45, 
        46, 
        47, 
        48, 
        49, 
        50, 
        51, 
        52, 
        53, 
        54, 
        55, 
        56, 
        57, 
        58, 
        59, 
        60, 
        61, 
        62, 
        63, 
        64, 
        65, 
        66, 
        67, 
        68, 
        69, 
        70, 
        71, 
        72, 
        73, 
        74, 
        75, 
        76, 
        77, 
        78, 
        79, 
        80, 
        81, 
        82, 
        83, 
        84, 
        85, 
        86, 
        87, 
        88, 
        89, 
        90, 
        91, 
        92, 
        93, 
        94, 
        95, 
        96, 
        97, 
        98, 
        99, 
        100, 
        101, 
        102, 
        103, 
        104, 
        105, 
        106, 
        107, 
        108, 
        109, 
        110, 
        111, 
        112, 
        113, 
        114, 
        115, 
        116, 
        120, 
        121, 
        122, 
        123, 
        124, 
        125, 
        126, 
        127, 
        128, 
        129, 
        130, 
        131, 
        132, 
        133, 
        134, 
        135, 
        136, 
        137, 
        138, 
        139, 
        140, 
        141, 
        142, 
        143, 
        144, 
        145, 
        146, 
        147, 
        148, 
        149, 
        150, 
        152, 
        153, 
        154, 
        155, 
        156, 
        157, 
        158, 
        159, 
        160, 
        161, 
        162, 
        163, 
        164, 
        166, 
        169, 
        170, 
        171, 
        172, 
        173, 
        174, 
        175, 
        176, 
        177, 
        178, 
        179, 
        180, 
        181, 
        182, 
        183, 
        184, 
        186, 
        187, 
        188, 
        189, 
        190, 
        191, 
        192, 
        193, 
        194, 
        195, 
        196, 
        197, 
        198, 
        199], 
      "name2": "R:R324", 
      "name1": "A:Y354"
    }, 
    {
      "frames": [5, 
        6, 
        7, 
        8, 
        10, 
        12, 
        14, 
        16, 
        17, 
        18, 
        19, 
        22, 
        23, 
        25, 
        26, 
        27, 
        28, 
        30, 
        31, 
        35, 
        42, 
        44, 
        47, 
        48, 
        49, 
        50, 
        55, 
        56, 
        58, 
        65, 
        68, 
        71, 
        72, 
        82, 
        83, 
        84, 
        85, 
        86, 
        100, 
        101, 
        107, 
        108, 
        109, 
        110, 
        112, 
        114, 
        115, 
        116, 
        117, 
        118, 
        119, 
        120, 
        121, 
        122, 
        123, 
        124, 
        125, 
        126, 
        127, 
        128, 
        129, 
        130, 
        131, 
        132, 
        133, 
        134, 
        135, 
        136, 
        137, 
        138, 
        139, 
        140, 
        141, 
        142, 
        143, 
        144, 
        145, 
        147, 
        148, 
        149, 
        150, 
        151, 
        152, 
        153, 
        155, 
        156, 
        158, 
        159, 
        160, 
        161, 
        162, 
        163, 
        164, 
        165, 
        166, 
        167, 
        168, 
        169, 
        170, 
        171, 
        172, 
        173, 
        174, 
        175, 
        176, 
        177, 
        179, 
        180, 
        181, 
        182, 
        183, 
        184, 
        185, 
        186, 
        187, 
        188, 
        192, 
        193, 
        194, 
        195, 
        196, 
        197, 
        198, 
        199], 
      "name2": "R:N246", 
      "name1": "A:D341"
    }, 
    {
      "frames": [5, 
        25, 
        100, 
        136, 
        150, 
        174, 
        177, 
        178, 
        194, 
        197], 
      "name2": "R:Q321", 
      "name1": "A:R349"
    }, 
    {
      "frames": [6, 
        8, 
        9, 
        11, 
        17, 
        18, 
        23, 
        28, 
        43, 
        87, 
        88, 
        104, 
        120, 
        130, 
        132, 
        133, 
        134, 
        140], 
      "name2": "R:R155", 
      "name1": "A:H196"
    }, 
    {
      "frames": [6, 
        8, 
        9, 
        10, 
        11, 
        13, 
        185, 
        186], 
      "name2": "R:K248", 
      "name1": "A:P315"
    }, 
    {
      "frames": [6, 
        25, 
        26, 
        27, 
        28, 
        29, 
        32, 
        33, 
        35, 
        36, 
        37, 
        38, 
        39, 
        40, 
        41, 
        42, 
        43, 
        45, 
        47, 
        49, 
        50, 
        51, 
        52, 
        54, 
        56, 
        57, 
        59], 
      "name2": "R:K322", 
      "name1": "A:G350"
    }, 
    {
      "frames": [7, 
        8, 
        10, 
        12, 
        13, 
        20, 
        21, 
        22, 
        23, 
        25, 
        26, 
        27, 
        28, 
        29, 
        30, 
        31, 
        32, 
        33, 
        35, 
        36, 
        39, 
        40, 
        41, 
        42, 
        44, 
        45, 
        46, 
        48, 
        49, 
        50, 
        52, 
        54, 
        56, 
        57, 
        58, 
        59, 
        67, 
        68, 
        69, 
        71, 
        72, 
        74, 
        77, 
        79, 
        87, 
        90, 
        91, 
        96, 
        99, 
        101, 
        107, 
        108, 
        109, 
        111, 
        112, 
        113, 
        114, 
        115, 
        116, 
        121, 
        122, 
        123, 
        124, 
        126, 
        128, 
        129, 
        131, 
        132, 
        135, 
        136, 
        139, 
        142, 
        143, 
        144, 
        146, 
        147, 
        152, 
        153, 
        154, 
        159, 
        160, 
        161, 
        163, 
        164, 
        167, 
        168, 
        169, 
        170, 
        172, 
        195, 
        198], 
      "name2": "R:N246", 
      "name1": "A:E318"
    }, 
    {
      "frames": [7, 
        8, 
        9, 
        10, 
        11, 
        13, 
        15, 
        18, 
        20, 
        24, 
        25, 
        26, 
        27, 
        28, 
        29, 
        30, 
        31, 
        33, 
        35, 
        39, 
        40, 
        41, 
        43, 
        44, 
        46, 
        48, 
        62, 
        69, 
        113], 
      "name2": "R:K248", 
      "name1": "A:Y354"
    }, 
    {
      "frames": [8, 
        58, 
        62, 
        65, 
        86, 
        128, 
        130, 
        135, 
        179, 
        182, 
        188, 
        189, 
        190, 
        191, 
        195, 
        196, 
        197, 
        199], 
      "name2": "R:K152", 
      "name1": "A:N194"
    }, 
    {
      "frames": [9, 
        17, 
        18, 
        19, 
        20, 
        22, 
        23, 
        24, 
        25, 
        26, 
        27, 
        30, 
        31, 
        32, 
        34, 
        35, 
        36, 
        37, 
        38, 
        39, 
        40, 
        41, 
        42, 
        44, 
        45, 
        46, 
        47, 
        48, 
        49, 
        50, 
        52, 
        55, 
        56, 
        57, 
        58, 
        59, 
        63, 
        64, 
        65, 
        71, 
        75, 
        80, 
        83, 
        85, 
        86, 
        87, 
        88, 
        91, 
        92, 
        94, 
        96, 
        103, 
        104, 
        108, 
        114, 
        115, 
        116, 
        119, 
        125, 
        127, 
        130, 
        137, 
        152, 
        160, 
        162, 
        163, 
        165], 
      "name2": "R:K248", 
      "name1": "A:E318"
    }, 
    {
      "frames": [13, 
        18, 
        51], 
      "name2": "R:R157", 
      "name1": "A:K32"
    }, 
    {
      "frames": [13, 
        14], 
      "name2": "R:K248", 
      "name1": "A:N316"
    }, 
    {
      "frames": [16, 
        17, 
        31, 
        33, 
        38, 
        40, 
        41, 
        45, 
        47, 
        53, 
        65, 
        74, 
        82, 
        87, 
        90, 
        91, 
        92, 
        94, 
        96, 
        111, 
        112, 
        113, 
        114, 
        118, 
        161, 
        164, 
        169, 
        170, 
        173, 
        185, 
        190], 
      "name2": "R:N246", 
      "name1": "A:Y320"
    }, 
    {
      "frames": [17], 
      "name2": "R:A150", 
      "name1": "A:N347"
    }, 
    {
      "frames": [18, 
        19, 
        20, 
        21, 
        22, 
        23, 
        24, 
        25, 
        26, 
        27, 
        28, 
        29, 
        30, 
        31, 
        33, 
        35, 
        36, 
        37, 
        38, 
        40, 
        41, 
        42, 
        43, 
        44, 
        45, 
        47, 
        48, 
        49, 
        50, 
        51, 
        52, 
        53, 
        54, 
        55, 
        56, 
        57, 
        58, 
        59, 
        61, 
        62, 
        65, 
        70, 
        71, 
        72, 
        73, 
        76, 
        77, 
        78, 
        79, 
        82, 
        84, 
        85, 
        86, 
        87, 
        88, 
        90, 
        91, 
        92, 
        93, 
        94, 
        95, 
        96, 
        97, 
        98, 
        99, 
        100, 
        101, 
        102, 
        103, 
        104, 
        105, 
        106, 
        107, 
        108, 
        109, 
        110, 
        111, 
        112, 
        113, 
        114, 
        116, 
        117, 
        118, 
        119, 
        120, 
        121, 
        122, 
        124, 
        127, 
        128, 
        129, 
        130, 
        131, 
        132, 
        133, 
        134, 
        135, 
        136, 
        137, 
        140, 
        141, 
        142, 
        143, 
        144, 
        145, 
        146, 
        147, 
        148, 
        149, 
        150, 
        151, 
        152, 
        153, 
        154, 
        155, 
        156, 
        157, 
        158, 
        159, 
        160, 
        161, 
        162, 
        163, 
        165, 
        166, 
        167, 
        168, 
        169, 
        170, 
        171, 
        172, 
        173, 
        195, 
        198], 
      "name2": "R:K248", 
      "name1": "A:N312"
    }, 
    {
      "frames": [20, 
        21, 
        25, 
        26, 
        29, 
        30, 
        31, 
        32, 
        33, 
        34, 
        35, 
        36, 
        37, 
        38, 
        40, 
        41, 
        42], 
      "name2": "R:R155", 
      "name1": "A:A31"
    }, 
    {
      "frames": [22, 
        24, 
        25, 
        27, 
        28, 
        185, 
        186, 
        187, 
        196, 
        197, 
        198], 
      "name2": "R:K248", 
      "name1": "A:K317"
    }, 
    {
      "frames": [22, 
        155], 
      "name2": "R:Y316", 
      "name1": "A:G352"
    }, 
    {
      "frames": [23, 
        24, 
        51, 
        60, 
        61, 
        63, 
        70, 
        71, 
        72, 
        73, 
        75, 
        76, 
        78, 
        79, 
        80, 
        81, 
        82, 
        83, 
        84, 
        85, 
        86, 
        87, 
        88, 
        89, 
        90, 
        91, 
        92, 
        93, 
        94, 
        95, 
        96, 
        97, 
        98, 
        99, 
        100, 
        101, 
        102, 
        103, 
        104, 
        105, 
        106, 
        107, 
        110, 
        112, 
        113, 
        114, 
        115, 
        117, 
        119, 
        120, 
        121, 
        123, 
        124, 
        125, 
        128, 
        129, 
        130, 
        132, 
        133, 
        134, 
        135, 
        136, 
        137, 
        138, 
        139, 
        140, 
        141, 
        143, 
        144, 
        146, 
        147, 
        148, 
        149, 
        150, 
        151, 
        154, 
        156, 
        157, 
        159, 
        162, 
        163, 
        164, 
        165, 
        166, 
        168, 
        170, 
        171, 
        172, 
        174, 
        175, 
        178, 
        179, 
        180, 
        182, 
        183, 
        184, 
        189, 
        192, 
        193], 
      "name2": "R:N246", 
      "name1": "A:Y354"
    }, 
    {
      "frames": [24, 
        25, 
        26, 
        27, 
        28, 
        29, 
        30, 
        31, 
        32, 
        33, 
        34, 
        35, 
        37, 
        38, 
        40, 
        41, 
        42, 
        43, 
        44, 
        45, 
        46, 
        47, 
        48, 
        51, 
        52, 
        54, 
        55, 
        58, 
        60, 
        61, 
        62, 
        64, 
        66, 
        68, 
        70, 
        71, 
        72, 
        73, 
        74, 
        77, 
        78, 
        83, 
        85, 
        86, 
        87, 
        90, 
        91, 
        92, 
        94, 
        95, 
        98, 
        99, 
        100, 
        101, 
        102, 
        104, 
        105, 
        108, 
        109, 
        111, 
        112, 
        113, 
        114, 
        116, 
        117, 
        118, 
        120, 
        121, 
        122, 
        123, 
        146, 
        152, 
        153, 
        154, 
        155, 
        158, 
        161, 
        162, 
        163, 
        164, 
        165, 
        168, 
        169, 
        170, 
        171, 
        172, 
        174, 
        176, 
        177, 
        178, 
        179, 
        180, 
        181, 
        182, 
        183, 
        184, 
        185, 
        189], 
      "name2": "R:R143", 
      "name1": "A:C351"
    }, 
    {
      "frames": [24, 
        26, 
        69, 
        71, 
        72, 
        73, 
        75, 
        76, 
        77, 
        79, 
        80, 
        81, 
        83, 
        87, 
        88, 
        116, 
        118, 
        119, 
        124, 
        127, 
        128, 
        134, 
        135, 
        137, 
        140, 
        143, 
        144, 
        145, 
        146, 
        147, 
        152, 
        153, 
        156, 
        157, 
        160, 
        161, 
        162, 
        163, 
        164, 
        165, 
        169, 
        170, 
        172, 
        174, 
        175, 
        179, 
        181, 
        182, 
        183, 
        184, 
        185, 
        186, 
        187, 
        188, 
        189, 
        191, 
        193, 
        194, 
        195, 
        196, 
        197, 
        198, 
        199], 
      "name2": "R:S247", 
      "name1": "A:I319"
    }, 
    {
      "frames": [25, 
        26, 
        27], 
      "name2": "R:N325", 
      "name1": "A:R349"
    }, 
    {
      "frames": [27, 
        34, 
        41, 
        46, 
        53, 
        103, 
        107, 
        108, 
        109, 
        110, 
        111, 
        112, 
        113, 
        114], 
      "name2": "R:K75", 
      "name1": "B:D291"
    }, 
    {
      "frames": [27, 
        28, 
        29, 
        30, 
        41, 
        47, 
        48, 
        49, 
        50, 
        54, 
        55, 
        56, 
        58, 
        59, 
        60, 
        65, 
        67, 
        68, 
        69, 
        70, 
        73, 
        74, 
        77, 
        79, 
        81, 
        82, 
        84, 
        89, 
        92, 
        98, 
        101, 
        102, 
        103, 
        104, 
        105, 
        107, 
        109, 
        111, 
        112, 
        113, 
        114, 
        115, 
        117, 
        118, 
        119, 
        134, 
        136, 
        138, 
        144, 
        161, 
        162, 
        163, 
        164, 
        165, 
        166, 
        168, 
        170, 
        171, 
        175, 
        176, 
        177, 
        178, 
        179, 
        180, 
        181, 
        183, 
        184, 
        185, 
        186, 
        188, 
        189, 
        191, 
        192, 
        193, 
        195, 
        196, 
        197, 
        198, 
        199], 
      "name2": "R:K75", 
      "name1": "B:N313"
    }, 
    {
      "frames": [29, 
        40, 
        81, 
        82, 
        144, 
        147, 
        158], 
      "name2": "R:K248", 
      "name1": "A:S314"
    }, 
    {
      "frames": [30, 
        32, 
        37, 
        38, 
        45], 
      "name2": "R:R249", 
      "name1": "A:Y354"
    }, 
    {
      "frames": [31, 
        32, 
        33, 
        36, 
        47, 
        53, 
        54, 
        56, 
        58, 
        61, 
        69, 
        73, 
        75, 
        76, 
        78, 
        79, 
        80, 
        85, 
        87, 
        97, 
        99, 
        105, 
        117, 
        121, 
        122, 
        125, 
        126, 
        127, 
        129, 
        130, 
        141, 
        144, 
        147, 
        150, 
        154], 
      "name2": "R:K248", 
      "name1": "A:R313"
    }, 
    {
      "frames": [31, 
        40, 
        42], 
      "name2": "R:R157", 
      "name1": "A:S29"
    }, 
    {
      "frames": [32, 
        41, 
        42, 
        44, 
        45, 
        46, 
        48, 
        53, 
        54, 
        55, 
        56, 
        58, 
        60, 
        61, 
        62, 
        63, 
        64, 
        65, 
        66, 
        67, 
        68, 
        69, 
        70, 
        78, 
        80, 
        82, 
        84, 
        85, 
        86, 
        89, 
        90, 
        92, 
        94, 
        95, 
        96, 
        97, 
        98, 
        99, 
        100, 
        101, 
        102, 
        104, 
        106, 
        109, 
        110, 
        111, 
        113, 
        114, 
        115, 
        116, 
        117, 
        118, 
        120, 
        121, 
        122, 
        123, 
        124, 
        125, 
        126, 
        128, 
        129, 
        130, 
        131, 
        132, 
        138, 
        141, 
        142, 
        143, 
        148, 
        151, 
        154, 
        155, 
        159, 
        161, 
        168, 
        173], 
      "name2": "R:S247", 
      "name1": "A:N312"
    }, 
    {
      "frames": [34, 
        37], 
      "name2": "R:N246", 
      "name1": "A:P315"
    }, 
    {
      "frames": [38, 
        39, 
        44, 
        83, 
        85, 
        183, 
        191], 
      "name2": "R:A146", 
      "name1": "A:N347"
    }, 
    {
      "frames": [39, 
        42, 
        48, 
        85, 
        87, 
        89, 
        92, 
        93, 
        110, 
        115, 
        116, 
        117, 
        118, 
        119, 
        120, 
        125, 
        126, 
        130, 
        131, 
        132, 
        133, 
        134, 
        135, 
        138, 
        139, 
        140, 
        141, 
        142, 
        143, 
        147, 
        148, 
        149, 
        150, 
        151, 
        155, 
        156, 
        157, 
        159, 
        161, 
        162, 
        163, 
        164, 
        165, 
        168, 
        169, 
        170, 
        171, 
        172, 
        173, 
        174, 
        175, 
        176, 
        179, 
        180, 
        184, 
        186, 
        187, 
        188, 
        189, 
        190, 
        191, 
        192, 
        195, 
        196], 
      "name2": "R:T81", 
      "name1": "A:C351"
    }, 
    {
      "frames": [42, 
        43, 
        69, 
        87, 
        94, 
        122, 
        123, 
        125, 
        126, 
        127, 
        128, 
        129, 
        130, 
        131, 
        132, 
        133, 
        135, 
        137, 
        139, 
        140, 
        141, 
        142, 
        143, 
        145, 
        146, 
        147, 
        149, 
        150, 
        151, 
        152, 
        153, 
        154, 
        155, 
        156, 
        157, 
        158, 
        159, 
        160, 
        167, 
        168, 
        169, 
        170, 
        171], 
      "name2": "R:K76", 
      "name1": "B:N313"
    }, 
    {
      "frames": [43, 
        44, 
        45, 
        49, 
        51, 
        57, 
        61, 
        62, 
        63, 
        65, 
        67, 
        68, 
        69, 
        70, 
        71, 
        73, 
        78, 
        79, 
        80, 
        84, 
        85, 
        86, 
        87, 
        88, 
        90, 
        91, 
        92, 
        93, 
        100, 
        101, 
        112, 
        113, 
        114, 
        115, 
        116, 
        118, 
        119, 
        120, 
        123, 
        124, 
        125, 
        126, 
        127, 
        128, 
        130, 
        131, 
        134, 
        135, 
        136, 
        137, 
        138, 
        141, 
        142, 
        147, 
        155, 
        156, 
        157, 
        163, 
        166, 
        167, 
        171, 
        172, 
        174, 
        175, 
        179, 
        180, 
        181, 
        184, 
        186, 
        187, 
        188, 
        189, 
        194, 
        195, 
        196, 
        197, 
        198, 
        199], 
      "name2": "R:T151", 
      "name1": "A:N194"
    }, 
    {
      "frames": [47, 
        98, 
        99, 
        143], 
      "name2": "R:F154", 
      "name1": "A:N194"
    }, 
    {
      "frames": [49, 
        50, 
        51, 
        52, 
        53, 
        54, 
        55, 
        56, 
        57, 
        59, 
        70, 
        72, 
        73, 
        74, 
        75, 
        76, 
        77, 
        78, 
        79, 
        80, 
        81, 
        82, 
        83, 
        84, 
        85, 
        87, 
        88, 
        89, 
        90, 
        91, 
        92, 
        93, 
        94, 
        95, 
        96, 
        97, 
        98, 
        99, 
        101, 
        103, 
        106, 
        107, 
        109, 
        110, 
        111, 
        112, 
        123, 
        124, 
        127, 
        128, 
        129, 
        130, 
        131, 
        132, 
        133, 
        134, 
        135, 
        136, 
        137, 
        138, 
        142, 
        143, 
        155, 
        156, 
        189, 
        190, 
        191, 
        192, 
        194, 
        195, 
        196, 
        197], 
      "name2": "R:Y316", 
      "name1": "A:C351"
    }, 
    {
      "frames": [50, 
        56, 
        72, 
        73, 
        74, 
        75, 
        84, 
        85, 
        86, 
        91, 
        102, 
        105, 
        109, 
        113], 
      "name2": "R:K76", 
      "name1": "A:D262"
    }, 
    {
      "frames": [52, 
        53, 
        54, 
        56, 
        57, 
        58, 
        59, 
        117, 
        120, 
        130, 
        132, 
        136, 
        137, 
        140, 
        143, 
        144, 
        147, 
        148, 
        151, 
        152, 
        153, 
        154, 
        155, 
        159, 
        160, 
        162, 
        164, 
        172, 
        175, 
        177, 
        178, 
        179, 
        181, 
        185, 
        187, 
        188, 
        191, 
        193, 
        194, 
        196, 
        197, 
        198, 
        199], 
      "name2": "R:R78", 
      "name1": "B:D333"
    }, 
    {
      "frames": [52], 
      "name2": "R:K76", 
      "name1": "A:R349"
    }, 
    {
      "frames": [53, 
        54, 
        55, 
        56, 
        57, 
        58, 
        59, 
        104, 
        105, 
        107, 
        108, 
        109, 
        110, 
        111, 
        112, 
        113, 
        114, 
        115, 
        116, 
        117, 
        118, 
        119, 
        122, 
        129, 
        130, 
        131, 
        132, 
        133, 
        134, 
        135, 
        136, 
        137, 
        138, 
        139, 
        141, 
        142, 
        143, 
        144, 
        145, 
        146, 
        147, 
        148, 
        149, 
        151, 
        152, 
        153, 
        154, 
        155, 
        156, 
        158, 
        159, 
        160, 
        161, 
        162, 
        163, 
        164, 
        178, 
        179, 
        180, 
        181, 
        182, 
        183, 
        184, 
        185, 
        186, 
        187, 
        188, 
        189, 
        190, 
        191, 
        192, 
        193, 
        194, 
        195, 
        196, 
        197, 
        198, 
        199], 
      "name2": "R:R78", 
      "name1": "B:N313"
    }, 
    {
      "frames": [55, 
        75, 
        77, 
        78, 
        79, 
        80, 
        81, 
        82, 
        83, 
        84, 
        85, 
        86, 
        87, 
        88, 
        90, 
        91, 
        92, 
        93, 
        94, 
        95, 
        98, 
        99, 
        101, 
        102, 
        103, 
        104, 
        105, 
        106, 
        108, 
        109, 
        110, 
        111, 
        112, 
        115, 
        116, 
        117, 
        119, 
        125, 
        127, 
        132, 
        133, 
        134, 
        136, 
        137, 
        139, 
        140, 
        141, 
        142, 
        144, 
        146, 
        147, 
        148, 
        149, 
        150, 
        151, 
        152, 
        153, 
        154, 
        155, 
        157, 
        161, 
        162, 
        163, 
        164, 
        172], 
      "name2": "R:Q321", 
      "name1": "A:N316"
    }, 
    {
      "frames": [58, 
        59, 
        60, 
        61, 
        62, 
        65, 
        66, 
        68, 
        70, 
        71, 
        72, 
        73, 
        75, 
        76, 
        78, 
        79, 
        80, 
        83, 
        84, 
        86, 
        87, 
        88, 
        92, 
        105, 
        106, 
        107, 
        108, 
        109, 
        111, 
        159, 
        160, 
        161, 
        162, 
        170, 
        175, 
        176, 
        181, 
        184, 
        186, 
        188, 
        197], 
      "name2": "R:Q245", 
      "name1": "A:H322"
    }, 
    {
      "frames": [61, 
        67, 
        75, 
        107, 
        108, 
        109, 
        111], 
      "name2": "R:Q245", 
      "name1": "A:V334"
    }, 
    {
      "frames": [62, 
        63, 
        64, 
        65, 
        68, 
        116, 
        117, 
        125, 
        126, 
        127, 
        131, 
        132, 
        133, 
        134, 
        135, 
        136, 
        138, 
        140, 
        141, 
        142, 
        143, 
        145, 
        146], 
      "name2": "R:R155", 
      "name1": "A:F192"
    }, 
    {
      "frames": [62, 
        63, 
        132, 
        133, 
        134], 
      "name2": "R:R155", 
      "name1": "A:T191"
    }, 
    {
      "frames": [67, 
        174, 
        175, 
        177, 
        193, 
        198, 
        199], 
      "name2": "R:K322", 
      "name1": "A:N346"
    }, 
    {
      "frames": [69, 
        71, 
        75, 
        76, 
        81, 
        112, 
        122, 
        123, 
        124, 
        128, 
        129, 
        178, 
        193, 
        194, 
        197, 
        198, 
        199], 
      "name2": "R:T81", 
      "name1": "A:G350"
    }, 
    {
      "frames": [73, 
        74, 
        85, 
        86, 
        91, 
        93, 
        94, 
        95, 
        96, 
        100, 
        101, 
        104, 
        105, 
        106, 
        107, 
        111, 
        112, 
        113, 
        116, 
        146], 
      "name2": "R:K322", 
      "name1": "A:D262"
    }, 
    {
      "frames": [77, 
        84, 
        109, 
        117, 
        144, 
        164, 
        165, 
        166, 
        167, 
        168, 
        170, 
        173, 
        174, 
        178, 
        194, 
        195], 
      "name2": "R:R157", 
      "name1": "A:E25"
    }, 
    {
      "frames": [81], 
      "name2": "R:S247", 
      "name1": "A:Y320"
    }, 
    {
      "frames": [102, 
        109, 
        110], 
      "name2": "R:Y74", 
      "name1": "B:N313"
    }, 
    {
      "frames": [106, 
        110, 
        111, 
        112, 
        115, 
        116, 
        117, 
        120, 
        121, 
        125, 
        127, 
        128, 
        150, 
        157, 
        166, 
        167, 
        168, 
        169, 
        170, 
        171, 
        173, 
        174, 
        187, 
        199], 
      "name2": "R:R78", 
      "name1": "B:D312"
    }, 
    {
      "frames": [108, 
        109, 
        111], 
      "name2": "R:Q245", 
      "name1": "A:A338"
    }, 
    {
      "frames": [121], 
      "name2": "R:K76", 
      "name1": "B:D291"
    }, 
    {
      "frames": [130, 
        134, 
        178, 
        180, 
        189, 
        190, 
        191, 
        192, 
        195, 
        197, 
        198], 
      "name2": "R:Q243", 
      "name1": "A:D337"
    }, 
    {
      "frames": [150, 
        151, 
        160, 
        170, 
        171, 
        172, 
        173, 
        174, 
        175, 
        176, 
        177, 
        178, 
        179, 
        181, 
        182, 
        183, 
        184, 
        185, 
        186, 
        187, 
        188, 
        189, 
        190, 
        191, 
        192, 
        193, 
        194, 
        195, 
        196, 
        197, 
        198, 
        199], 
      "name2": "R:R157", 
      "name1": "A:K24"
    }, 
    {
      "frames": [154], 
      "name2": "R:Q321", 
      "name1": "A:S314"
    }, 
    {
      "frames": [154], 
      "name2": "R:M80", 
      "name1": "A:G350"
    }, 
    {
      "frames": [168, 
        174, 
        175, 
        179, 
        180, 
        181, 
        182, 
        195, 
        196, 
        198, 
        199], 
      "name2": "R:Q321", 
      "name1": "A:P315"
    }, 
    {
      "frames": [178, 
        188], 
      "name2": "R:Q243", 
      "name1": "A:T340"
    }, 
    {
      "frames": [179, 
        180, 
        181, 
        182, 
        183, 
        184, 
        185], 
      "name2": "R:R155", 
      "name1": "A:E25"
    }, 
    {
      "frames": [184], 
      "name2": "R:K248", 
      "name1": "A:I319"
    }, 
    {
      "frames": [197, 
        198, 
        199], 
      "name2": "R:N325", 
      "name1": "A:P315"
    }, 
    {
      "frames": [199], 
      "name2": "R:K76", 
      "name1": "A:N316"
    }
  ], 
  "trees": [
    {
      "treeLabel": "DefaultTree", 
      "treePaths": [
        " R.R0074.R:Y74", 
        " R.R0248.R:K248", 
        " R.R0324.R:R324", 
        " R.R0246.R:N246", 
        " A.A0029.A:S29", 
        " R.R0075.R:K75", 
        " A.A0352.A:G352", 
        " A.A0350.A:G350", 
        " B.B0312.B:D312", 
        " A.A0194.A:N194", 
        " A.A0024.A:K24", 
        " A.A0031.A:A31", 
        " R.R0249.R:R249", 
        " R.R0322.R:K322", 
        " R.R0152.R:K152", 
        " A.A0341.A:D341", 
        " A.A0318.A:E318", 
        " R.R0143.R:R143", 
        " A.A0262.A:D262", 
        " A.A0196.A:H196", 
        " R.R0316.R:Y316", 
        " A.A0349.A:R349", 
        " A.A0314.A:S314", 
        " A.A0334.A:V334", 
        " R.R0155.R:R155", 
        " R.R0157.R:R157", 
        " R.R0150.R:A150", 
        " A.A0320.A:Y320", 
        " A.A0338.A:A338", 
        " A.A0316.A:N316", 
        " A.A0337.A:D337", 
        " R.R0080.R:M80", 
        " R.R0325.R:N325", 
        " A.A0028.A:I28", 
        " R.R0251.R:K251", 
        " R.R0146.R:A146", 
        " A.A0351.A:C351", 
        " A.A0322.A:H322", 
        " A.A0032.A:K32", 
        " A.A0312.A:N312", 
        " A.A0025.A:E25", 
        " B.B0291.B:D291", 
        " R.R0081.R:T81", 
        " A.A0313.A:R313", 
        " A.A0191.A:T191", 
        " R.R0159.R:R159", 
        " B.B0313.B:N313", 
        " R.R0076.R:K76", 
        " R.R0245.R:Q245", 
        " R.R0154.R:F154", 
        " A.A0319.A:I319", 
        " A.A0345.A:A345", 
        " R.R0243.R:Q243", 
        " R.R0079.R:S79", 
        " A.A0353.A:L353", 
        " B.B0333.B:D333", 
        " R.R0078.R:R78", 
        " A.A0315.A:P315", 
        " A.A0193.A:K193", 
        " R.R0151.R:T151", 
        " A.A0317.A:K317", 
        " A.A0340.A:T340", 
        " A.A0347.A:N347", 
        " A.A0346.A:N346", 
        " A.A0192.A:F192", 
        " R.R0321.R:Q321", 
        " A.A0354.A:Y354", 
        " R.R0247.R:S247"
      ]
    }
  ]
}