#	total_frames:200	interaction_types:sb,pc,ps,ts,vdw,hb,lhb,hbbb,hbsb,hbss,wb,wb2,hbls,hblb,lwb,lwb2,br
#	Columns:	residue_1,	residue_2	frame_count	contact_frequency
A:ILE:343	R:PHE:154	0.330
A:LEU:353	R:ILE:253	0.045
B:ASP:333	R:LYS:75	0.005
A:PRO:315	R:GLN:321	0.325
B:ASP:291	R:LYS:76	0.015
A:PRO:315	R:ASN:246	0.010
A:GLY:350	R:TYR:74	0.020
A:ASN:347	R:ALA:150	0.145
A:SER:29	R:ARG:157	0.020
A:GLY:352	R:TYR:316	0.250
A:TYR:354	R:LEU:241	0.010
A:CYS:351	R:TYR:316	0.520
A:GLU:25	R:ARG:157	0.120
A:ILE:344	R:THR:151	0.175
A:ARG:349	R:LYS:322	0.830
A:GLY:350	R:ARG:159	0.005
A:CYS:351	R:SER:79	0.275
A:LEU:195	R:THR:151	0.010
A:ARG:349	R:PHE:323	0.005
A:LEU:353	R:ILE:256	0.405
A:GLY:350	R:THR:81	0.170
A:TYR:320	R:GLN:245	0.730
A:ASN:194	R:THR:151	0.465
A:ASN:194	R:LYS:152	0.220
B:PHE:292	R:PHE:73	0.020
A:GLU:318	R:LYS:248	0.480
A:LEU:353	R:ALA:252	0.345
A:CYS:351	R:GLY:320	0.050
A:LEU:348	R:ALA:146	0.205
A:ASN:312	R:SER:247	0.420
A:ASN:347	R:ARG:159	0.900
A:LEU:348	R:ILE:256	0.010
A:PHE:192	R:ARG:155	0.125
A:ASN:316	R:GLN:321	0.365
B:ASP:312	R:LYS:75	0.485
A:GLY:350	R:PHE:323	0.355
A:ARG:349	R:LYS:248	0.005
A:ASP:341	R:ALA:244	0.645
B:PHE:292	R:TRP:335	0.005
A:GLY:350	R:MET:80	0.005
A:ASN:194	R:ARG:155	0.870
A:LEU:353	R:ILE:147	0.075
A:GLY:352	R:VAL:255	0.040
A:CYS:351	R:ASP:142	0.415
A:CYS:351	R:ARG:143	0.655
A:TYR:354	R:LYS:251	0.375
A:ASN:194	R:PHE:154	0.200
A:LEU:348	R:LYS:248	0.025
A:GLY:352	R:LYS:322	0.025
A:ILE:344	R:ALA:150	0.110
B:ASP:333	R:ARG:78	0.370
A:GLY:352	R:ILE:319	0.250
A:GLY:350	R:LYS:322	0.375
A:LYS:32	R:ARG:155	0.350
A:LEU:348	R:ARG:143	0.145
A:ASP:341	R:GLN:245	0.805
A:CYS:351	R:PHE:323	0.065
A:ASP:337	R:ALA:244	0.300
A:THR:191	R:ARG:155	0.050
A:ARG:313	R:LYS:248	0.200
A:LYS:317	R:LYS:248	0.060
A:GLY:350	R:SER:79	0.610
A:ARG:349	R:GLN:321	0.475
A:GLY:352	R:PHE:323	0.045
A:TYR:354	R:HIS:250	0.015
A:PRO:315	R:HIS:250	0.005
A:ILE:344	R:LEU:241	0.035
A:ALA:31	R:ARG:157	0.070
A:LEU:348	R:LEU:241	0.035
A:LEU:348	R:ALA:252	0.005
A:ASN:194	R:LEU:156	0.005
A:ILE:344	R:ALA:146	0.190
A:ALA:345	R:LYS:248	0.020
A:ILE:343	R:ALA:150	0.170
A:LEU:353	R:LEU:241	0.015
B:PHE:292	R:ASP:333	0.005
A:GLU:318	R:ASN:246	0.775
A:ARG:349	R:ASN:325	0.015
A:ALA:345	R:LEU:241	0.005
A:ALA:31	R:PHE:154	0.520
B:ASP:312	R:LYS:76	0.010
A:VAL:34	R:PHE:154	0.065
A:CYS:351	R:THR:81	0.655
A:GLY:352	R:GLY:320	0.605
A:ILE:319	R:LYS:248	0.010
A:PHE:336	R:THR:151	0.005
A:CYS:351	R:GLN:321	0.005
A:LEU:195	R:PHE:154	0.430
A:SER:314	R:GLN:321	0.005
A:LEU:353	R:VAL:255	0.405
A:GLU:318	R:SER:247	0.655
A:CYS:351	R:ILE:147	0.005
A:LEU:353	R:GLN:321	0.950
B:TRP:332	R:LYS:76	0.010
A:TYR:354	R:ARG:249	0.090
A:ASN:312	R:LYS:251	0.005
A:GLY:352	R:ARG:143	0.940
A:CYS:351	R:MET:80	0.105
A:LYS:193	R:LYS:152	0.005
A:ILE:319	R:SER:247	0.400
A:TYR:354	R:ILE:319	0.805
A:ILE:344	R:THR:240	0.055
A:ALA:345	R:ASN:246	0.110
B:LEU:55	R:THR:160	0.005
A:ASP:337	R:GLN:245	0.705
A:LEU:348	R:ILE:147	0.500
A:TYR:320	R:ASN:246	0.490
A:LYS:24	R:ARG:157	0.165
B:ASP:312	R:TYR:74	0.130
A:ILE:344	R:ASN:246	0.015
A:PRO:315	R:SER:247	0.020
A:ASP:33	R:PHE:154	0.010
A:LEU:353	R:ARG:143	0.405
A:GLY:350	R:ALA:77	0.050
A:TYR:354	R:ASN:246	0.585
A:LEU:353	R:ILE:237	0.015
B:HIS:311	R:ARG:78	0.025
A:TYR:354	R:ALA:252	0.240
A:LEU:353	R:LYS:251	0.025
A:TYR:354	R:VAL:255	0.010
A:ASN:312	R:LYS:248	0.710
A:GLU:25	R:ARG:155	0.040
A:ARG:349	R:GLY:320	0.065
A:VAL:334	R:GLN:245	0.045
A:PRO:315	R:LYS:248	0.240
B:ASN:313	R:TYR:74	0.015
A:ALA:338	R:GLN:245	0.050
A:LEU:348	R:ILE:237	0.005
A:LEU:353	R:ILE:319	0.800
A:CYS:351	R:ARG:159	0.055
A:HIS:322	R:GLN:245	0.345
A:PRO:315	R:LEU:328	0.015
A:LEU:348	R:ARG:249	0.015
A:ASP:337	R:GLN:243	0.315
A:ALA:31	R:ARG:155	0.085
A:GLY:352	R:THR:81	0.005
A:PRO:315	R:ASN:325	0.035
B:ASN:313	R:LYS:75	0.475
A:ILE:28	R:ARG:157	0.410
A:GLY:352	R:ILE:256	0.005
A:ILE:261	R:LYS:76	0.025
B:ASN:313	R:LYS:76	0.230
A:ASP:341	R:ASN:246	0.770
A:ILE:28	R:ARG:159	0.005
A:THR:340	R:PHE:154	0.020
A:ASN:347	R:ALA:146	0.300
A:ASN:316	R:LYS:76	0.010
A:THR:340	R:ALA:244	0.060
A:ASP:262	R:LYS:76	0.090
A:HIS:196	R:ARG:155	0.345
A:ARG:349	R:LYS:76	0.005
A:LYS:32	R:PHE:154	0.585
A:LEU:348	R:ASN:246	0.015
A:ASN:316	R:LYS:248	0.010
A:LEU:353	R:ALA:146	0.005
A:ILE:28	R:PHE:154	0.250
A:TYR:354	R:ILE:253	0.015
A:SER:314	R:LYS:248	0.125
B:ASP:312	R:ARG:78	0.275
A:THR:340	R:GLN:243	0.010
A:PRO:315	R:LYS:251	0.045
A:TYR:354	R:GLN:321	0.640
A:TYR:320	R:SER:247	0.195
A:CYS:351	R:LYS:322	0.020
A:ILE:343	R:THR:151	0.020
A:ILE:28	R:SER:153	0.015
A:ILE:344	R:ALA:244	0.095
A:TYR:354	R:ARG:324	0.945
A:ASP:341	R:LEU:241	0.035
B:ASN:313	R:ARG:78	0.415
A:ASP:262	R:LYS:322	0.140
B:ASP:291	R:LYS:75	0.105
A:LYS:32	R:ARG:157	0.070
B:PHE:292	R:LYS:75	0.285
A:ASN:347	R:ILE:147	0.005
A:ILE:344	R:ILE:147	0.460
A:ASN:346	R:LYS:322	0.045
A:LEU:353	R:GLY:320	0.685
A:CYS:351	R:ALA:146	0.415
A:LEU:195	R:ARG:155	0.055
B:PHE:292	R:LEU:334	0.010
A:TYR:354	R:LYS:248	0.475
A:LYS:193	R:ARG:155	0.065
B:LEU:55	R:ARG:157	0.005
A:THR:340	R:THR:151	0.130
