{
  "tracks": [
    {
      "trackProperties": [
        {
          "color": " #CC33EE", 
          "nodeName": "R:K248", 
          "size": 1.0
        }, 
        {
          "color": " #CC33EE", 
          "nodeName": "R:R324", 
          "size": 1.0
        }, 
        {
          "color": " #CC33EE", 
          "nodeName": "R:K251", 
          "size": 1.0
        }, 
        {
          "color": " #CC33EE", 
          "nodeName": "R:F154", 
          "size": 1.0
        }, 
        {
          "color": " #FFEC2B", 
          "nodeName": "B:F292", 
          "size": 1.0
        }, 
        {
          "color": " #CC33EE", 
          "nodeName": "R:K75", 
          "size": 1.0
        }, 
        {
          "color": " #CC33EE", 
          "nodeName": "R:R78", 
          "size": 1.0
        }, 
        {
          "color": " #00FF00", 
          "nodeName": "A:H196", 
          "size": 1.0
        }, 
        {
          "color": " #CC33EE", 
          "nodeName": "R:H250", 
          "size": 1.0
        }, 
        {
          "color": " #00FF00", 
          "nodeName": "A:K32", 
          "size": 1.0
        }, 
        {
          "color": " #CC33EE", 
          "nodeName": "R:R155", 
          "size": 1.0
        }, 
        {
          "color": " #00FF00", 
          "nodeName": "A:Y354", 
          "size": 1.0
        }, 
        {
          "color": " #FFEC2B", 
          "nodeName": "B:H311", 
          "size": 1.0
        }
      ], 
      "trackLabel": "DefaultTrack"
    }
  ], 
  "edges": [
    {
      "frames": [0, 
        3, 
        30, 
        37], 
      "name2": "R:K251", 
      "name1": "A:Y354"
    }, 
    {
      "frames": [0, 
        1, 
        2, 
        3, 
        5, 
        6, 
        7, 
        8, 
        10, 
        11, 
        12, 
        13, 
        14, 
        190, 
        192, 
        193], 
      "name2": "R:K248", 
      "name1": "A:Y354"
    }, 
    {
      "frames": [3, 
        5, 
        6, 
        8, 
        10, 
        12, 
        18, 
        19, 
        21, 
        23, 
        28, 
        29, 
        30, 
        31, 
        43, 
        44, 
        63, 
        64, 
        66, 
        76, 
        77, 
        78, 
        80, 
        81, 
        84, 
        85, 
        87, 
        88, 
        90, 
        91, 
        102, 
        104, 
        106, 
        110, 
        111, 
        117, 
        118, 
        119, 
        120, 
        121, 
        122, 
        124, 
        125, 
        126, 
        128, 
        129, 
        132, 
        133, 
        134, 
        135, 
        136, 
        138, 
        140, 
        141, 
        144, 
        146], 
      "name2": "R:R155", 
      "name1": "A:H196"
    }, 
    {
      "frames": [5, 
        6, 
        7, 
        9, 
        11, 
        12, 
        15, 
        19], 
      "name2": "R:R324", 
      "name1": "A:Y354"
    }, 
    {
      "frames": [28, 
        31, 
        34, 
        81, 
        82, 
        86, 
        87, 
        96, 
        102, 
        107, 
        109, 
        111, 
        120, 
        121, 
        122, 
        128, 
        129, 
        130, 
        132, 
        135, 
        136, 
        137, 
        139, 
        140, 
        141, 
        142, 
        143, 
        148, 
        150, 
        151, 
        157, 
        159, 
        160, 
        161, 
        162, 
        163, 
        164, 
        167, 
        168, 
        169, 
        172, 
        174, 
        177, 
        178, 
        179, 
        180, 
        181, 
        192, 
        196], 
      "name2": "R:K75", 
      "name1": "B:F292"
    }, 
    {
      "frames": [44], 
      "name2": "R:H250", 
      "name1": "A:Y354"
    }, 
    {
      "frames": [148, 
        166, 
        167, 
        169], 
      "name2": "R:R78", 
      "name1": "B:H311"
    }, 
    {
      "frames": [149, 
        157, 
        159, 
        162, 
        169, 
        170, 
        177, 
        179, 
        181, 
        183, 
        185, 
        186, 
        187, 
        194, 
        195, 
        196, 
        198, 
        199], 
      "name2": "R:F154", 
      "name1": "A:K32"
    }
  ], 
  "trees": [
    {
      "treeLabel": "DefaultTree", 
      "treePaths": [
        " R.R0248.R:K248", 
        " R.R0324.R:R324", 
        " R.R0251.R:K251", 
        " R.R0154.R:F154", 
        " B.B0292.B:F292", 
        " R.R0075.R:K75", 
        " R.R0078.R:R78", 
        " A.A0196.A:H196", 
        " R.R0250.R:H250", 
        " A.A0032.A:K32", 
        " R.R0155.R:R155", 
        " A.A0354.A:Y354", 
        " B.B0311.B:H311"
      ]
    }
  ]
}