#	total_frames:200	interaction_types:hbbb,hbsb,hbss
#	Columns:	residue_1,	residue_2	frame_count	contact_frequency
B:ASP:291	R:LYS:76	0.005
A:PRO:315	R:ASN:246	0.010
A:ASN:347	R:ALA:150	0.005
A:SER:29	R:ARG:157	0.015
A:GLY:352	R:TYR:316	0.010
A:CYS:351	R:TYR:316	0.360
A:GLU:25	R:ARG:157	0.080
A:ARG:349	R:LYS:322	0.715
A:GLY:350	R:ARG:159	0.005
A:GLY:350	R:THR:81	0.085
A:TYR:320	R:GLN:245	0.150
A:ASN:194	R:THR:151	0.390
A:ASN:194	R:LYS:152	0.090
A:ASN:347	R:ALA:146	0.035
A:ASN:312	R:SER:247	0.380
A:ASN:347	R:ARG:159	0.890
A:CYS:351	R:ARG:143	0.490
B:ASP:312	R:LYS:75	0.250
A:LYS:32	R:ARG:157	0.015
A:GLY:350	R:MET:80	0.005
A:ASN:194	R:ARG:155	0.800
A:PRO:315	R:GLN:321	0.055
A:PHE:192	R:ARG:155	0.115
A:TYR:354	R:LYS:251	0.220
B:ASP:312	R:ARG:78	0.120
B:ASP:333	R:ARG:78	0.215
A:GLY:350	R:LYS:322	0.135
A:ASP:341	R:GLN:245	0.360
A:THR:191	R:ARG:155	0.025
A:ARG:313	R:LYS:248	0.175
A:LYS:317	R:LYS:248	0.055
A:GLY:350	R:SER:79	0.560
A:ARG:349	R:GLN:321	0.050
A:THR:340	R:GLN:243	0.010
A:ARG:349	R:ASN:325	0.015
A:ALA:31	R:ARG:157	0.020
A:ALA:345	R:LYS:248	0.020
A:GLU:318	R:ASN:246	0.455
B:ASP:312	R:LYS:76	0.005
A:CYS:351	R:THR:81	0.320
A:ILE:319	R:LYS:248	0.005
A:TYR:354	R:GLN:321	0.055
A:SER:314	R:GLN:321	0.005
A:GLU:318	R:SER:247	0.465
A:GLU:318	R:LYS:248	0.335
A:LEU:353	R:GLN:321	0.935
A:ASN:316	R:GLN:321	0.325
A:TYR:354	R:ARG:249	0.025
A:GLY:352	R:ARG:143	0.830
A:LYS:32	R:ARG:155	0.215
A:ILE:319	R:SER:247	0.315
A:ASP:337	R:GLN:245	0.525
A:TYR:320	R:ASN:246	0.155
A:LYS:24	R:ARG:157	0.160
A:PRO:315	R:SER:247	0.020
A:TYR:354	R:ASN:246	0.495
A:ASN:312	R:LYS:248	0.670
A:GLU:25	R:ARG:155	0.035
A:VAL:334	R:GLN:245	0.035
A:PRO:315	R:LYS:248	0.040
B:ASN:313	R:TYR:74	0.015
A:ALA:338	R:GLN:245	0.015
A:ASN:194	R:PHE:154	0.020
A:HIS:322	R:GLN:245	0.205
A:ASP:337	R:GLN:243	0.055
A:ALA:31	R:ARG:155	0.085
A:PRO:315	R:ASN:325	0.015
A:ASN:346	R:LYS:322	0.035
B:ASN:313	R:LYS:76	0.215
A:ASP:341	R:ASN:246	0.620
A:ASN:316	R:LYS:76	0.005
A:ASP:262	R:LYS:76	0.070
A:HIS:196	R:ARG:155	0.090
A:ARG:349	R:LYS:76	0.005
A:LYS:32	R:PHE:154	0.255
A:ASN:316	R:LYS:248	0.010
A:SER:314	R:LYS:248	0.035
B:ASN:313	R:LYS:75	0.395
A:TYR:320	R:SER:247	0.005
A:TYR:354	R:ARG:324	0.920
B:ASN:313	R:ARG:78	0.390
A:ASP:262	R:LYS:322	0.100
B:ASP:291	R:LYS:75	0.070
A:ILE:28	R:ARG:157	0.180
A:TYR:354	R:LYS:248	0.145
A:LYS:193	R:ARG:155	0.010
