{
  "tracks": [
    {
      "trackProperties": [
        {
          "color": " #CC33EE", 
          "nodeName": "R:K248", 
          "size": 1.0
        }, 
        {
          "color": " #CC33EE", 
          "nodeName": "R:R324", 
          "size": 1.0
        }, 
        {
          "color": " #CC33EE", 
          "nodeName": "R:K322", 
          "size": 1.0
        }, 
        {
          "color": " #00FF00", 
          "nodeName": "A:S29", 
          "size": 1.0
        }, 
        {
          "color": " #CC33EE", 
          "nodeName": "R:A150", 
          "size": 1.0
        }, 
        {
          "color": " #00FF00", 
          "nodeName": "A:G352", 
          "size": 1.0
        }, 
        {
          "color": " #FFEC2B", 
          "nodeName": "B:A309", 
          "size": 1.0
        }, 
        {
          "color": " #00FF00", 
          "nodeName": "A:G350", 
          "size": 1.0
        }, 
        {
          "color": " #FFEC2B", 
          "nodeName": "B:D312", 
          "size": 1.0
        }, 
        {
          "color": " #00FF00", 
          "nodeName": "A:N194", 
          "size": 1.0
        }, 
        {
          "color": " #00FF00", 
          "nodeName": "A:A30", 
          "size": 1.0
        }, 
        {
          "color": " #00FF00", 
          "nodeName": "A:A31", 
          "size": 1.0
        }, 
        {
          "color": " #CC33EE", 
          "nodeName": "R:A252", 
          "size": 1.0
        }, 
        {
          "color": " #CC33EE", 
          "nodeName": "R:I253", 
          "size": 1.0
        }, 
        {
          "color": " #CC33EE", 
          "nodeName": "R:I319", 
          "size": 1.0
        }, 
        {
          "color": " #CC33EE", 
          "nodeName": "R:R159", 
          "size": 1.0
        }, 
        {
          "color": " #00FF00", 
          "nodeName": "A:D341", 
          "size": 1.0
        }, 
        {
          "color": " #00FF00", 
          "nodeName": "A:K346", 
          "size": 1.0
        }, 
        {
          "color": " #00FF00", 
          "nodeName": "A:E318", 
          "size": 1.0
        }, 
        {
          "color": " #FFEC2B", 
          "nodeName": "B:G310", 
          "size": 1.0
        }, 
        {
          "color": " #00FF00", 
          "nodeName": "A:D262", 
          "size": 1.0
        }, 
        {
          "color": " #CC33EE", 
          "nodeName": "R:A77", 
          "size": 1.0
        }, 
        {
          "color": " #00FF00", 
          "nodeName": "A:R349", 
          "size": 1.0
        }, 
        {
          "color": " #CC33EE", 
          "nodeName": "R:K152", 
          "size": 1.0
        }, 
        {
          "color": " #00FF00", 
          "nodeName": "A:G27", 
          "size": 1.0
        }, 
        {
          "color": " #CC33EE", 
          "nodeName": "R:R157", 
          "size": 1.0
        }, 
        {
          "color": " #00FF00", 
          "nodeName": "A:Y320", 
          "size": 1.0
        }, 
        {
          "color": " #CC33EE", 
          "nodeName": "R:I147", 
          "size": 1.0
        }, 
        {
          "color": " #00FF00", 
          "nodeName": "A:N316", 
          "size": 1.0
        }, 
        {
          "color": " #CC33EE", 
          "nodeName": "R:N246", 
          "size": 1.0
        }, 
        {
          "color": " #CC33EE", 
          "nodeName": "R:K251", 
          "size": 1.0
        }, 
        {
          "color": " #CC33EE", 
          "nodeName": "R:N325", 
          "size": 1.0
        }, 
        {
          "color": " #00FF00", 
          "nodeName": "A:I28", 
          "size": 1.0
        }, 
        {
          "color": " #FFEC2B", 
          "nodeName": "B:R52", 
          "size": 1.0
        }, 
        {
          "color": " #CC33EE", 
          "nodeName": "R:A146", 
          "size": 1.0
        }, 
        {
          "color": " #00FF00", 
          "nodeName": "A:C351", 
          "size": 1.0
        }, 
        {
          "color": " #00FF00", 
          "nodeName": "A:K32", 
          "size": 1.0
        }, 
        {
          "color": " #00FF00", 
          "nodeName": "A:N312", 
          "size": 1.0
        }, 
        {
          "color": " #FFEC2B", 
          "nodeName": "B:L55", 
          "size": 1.0
        }, 
        {
          "color": " #00FF00", 
          "nodeName": "A:R313", 
          "size": 1.0
        }, 
        {
          "color": " #FFEC2B", 
          "nodeName": "B:S334", 
          "size": 1.0
        }, 
        {
          "color": " #FFEC2B", 
          "nodeName": "B:N313", 
          "size": 1.0
        }, 
        {
          "color": " #CC33EE", 
          "nodeName": "R:K76", 
          "size": 1.0
        }, 
        {
          "color": " #CC33EE", 
          "nodeName": "R:Q245", 
          "size": 1.0
        }, 
        {
          "color": " #CC33EE", 
          "nodeName": "R:F318", 
          "size": 1.0
        }, 
        {
          "color": " #CC33EE", 
          "nodeName": "R:R155", 
          "size": 1.0
        }, 
        {
          "color": " #CC33EE", 
          "nodeName": "R:F154", 
          "size": 1.0
        }, 
        {
          "color": " #CC33EE", 
          "nodeName": "R:K75", 
          "size": 1.0
        }, 
        {
          "color": " #00FF00", 
          "nodeName": "A:A345", 
          "size": 1.0
        }, 
        {
          "color": " #CC33EE", 
          "nodeName": "R:S79", 
          "size": 1.0
        }, 
        {
          "color": " #00FF00", 
          "nodeName": "A:L353", 
          "size": 1.0
        }, 
        {
          "color": " #FFEC2B", 
          "nodeName": "B:D333", 
          "size": 1.0
        }, 
        {
          "color": " #00FF00", 
          "nodeName": "A:P315", 
          "size": 1.0
        }, 
        {
          "color": " #00FF00", 
          "nodeName": "A:K193", 
          "size": 1.0
        }, 
        {
          "color": " #00FF00", 
          "nodeName": "A:K317", 
          "size": 1.0
        }, 
        {
          "color": " #CC33EE", 
          "nodeName": "R:G320", 
          "size": 1.0
        }, 
        {
          "color": " #CC33EE", 
          "nodeName": "R:R143", 
          "size": 1.0
        }, 
        {
          "color": " #00FF00", 
          "nodeName": "A:N347", 
          "size": 1.0
        }, 
        {
          "color": " #FFEC2B", 
          "nodeName": "B:N293", 
          "size": 1.0
        }, 
        {
          "color": " #00FF00", 
          "nodeName": "A:D337", 
          "size": 1.0
        }, 
        {
          "color": " #CC33EE", 
          "nodeName": "R:Q321", 
          "size": 1.0
        }, 
        {
          "color": " #00FF00", 
          "nodeName": "A:Y354", 
          "size": 1.0
        }, 
        {
          "color": " #CC33EE", 
          "nodeName": "R:S247", 
          "size": 1.0
        }, 
        {
          "color": " #CC33EE", 
          "nodeName": "R:Q149", 
          "size": 1.0
        }, 
        {
          "color": " #CC33EE", 
          "nodeName": "R:T81", 
          "size": 1.0
        }
      ], 
      "trackLabel": "DefaultTrack"
    }
  ], 
  "edges": [
    {
      "frames": [0, 
        2, 
        4, 
        5, 
        9, 
        10, 
        12, 
        15, 
        21, 
        24, 
        26, 
        28, 
        29, 
        31, 
        33, 
        37, 
        39, 
        40, 
        41, 
        42, 
        43, 
        45, 
        48, 
        49, 
        50, 
        51, 
        52, 
        54, 
        55, 
        57, 
        58, 
        62, 
        63, 
        65, 
        69, 
        73, 
        74, 
        75, 
        77, 
        78, 
        79, 
        80, 
        94, 
        98, 
        99, 
        111, 
        113, 
        132, 
        137, 
        138, 
        139, 
        142, 
        143, 
        144, 
        145, 
        146, 
        147, 
        149, 
        151, 
        152, 
        153, 
        156], 
      "name2": "R:K251", 
      "name1": "A:Y354"
    }, 
    {
      "frames": [0, 
        1, 
        2, 
        4, 
        5, 
        6, 
        7, 
        8, 
        83, 
        84, 
        129], 
      "name2": "R:R157", 
      "name1": "A:G27"
    }, 
    {
      "frames": [0, 
        1, 
        2, 
        3, 
        4, 
        5, 
        6, 
        7, 
        8, 
        9, 
        10, 
        11, 
        14, 
        15, 
        16, 
        17, 
        18, 
        19, 
        20, 
        21, 
        22, 
        23, 
        24, 
        25, 
        26, 
        27, 
        28, 
        29, 
        30, 
        31, 
        32, 
        33, 
        34, 
        35, 
        36, 
        37, 
        38, 
        39, 
        40, 
        41, 
        42, 
        43, 
        44, 
        45, 
        46, 
        47, 
        48, 
        49, 
        50, 
        52, 
        53, 
        54, 
        55, 
        56, 
        57, 
        58, 
        59, 
        60, 
        61, 
        62, 
        63, 
        64, 
        65, 
        66, 
        67, 
        68, 
        69, 
        70, 
        71, 
        72, 
        73, 
        74, 
        75, 
        76, 
        77, 
        78, 
        79, 
        80, 
        81, 
        135, 
        136, 
        137, 
        138, 
        139, 
        140, 
        141, 
        142, 
        143, 
        144, 
        145, 
        146, 
        147, 
        148, 
        149, 
        150, 
        151, 
        152, 
        153, 
        154, 
        155, 
        156], 
      "name2": "R:R159", 
      "name1": "A:N347"
    }, 
    {
      "frames": [0, 
        1, 
        2, 
        3, 
        5, 
        6, 
        7, 
        9, 
        10, 
        11, 
        12, 
        13, 
        14, 
        16, 
        21, 
        36, 
        37, 
        40, 
        41, 
        42, 
        43, 
        44, 
        45, 
        47, 
        48, 
        49, 
        50, 
        51, 
        52, 
        53, 
        54, 
        55, 
        56, 
        57, 
        58, 
        61, 
        62, 
        63, 
        64, 
        65, 
        66, 
        67, 
        68, 
        69, 
        70, 
        71, 
        72, 
        73, 
        76, 
        78, 
        79, 
        80, 
        82, 
        83, 
        84, 
        85, 
        86, 
        87, 
        88, 
        89, 
        90, 
        91, 
        92, 
        93, 
        94, 
        95, 
        96, 
        97, 
        98, 
        99, 
        101, 
        102, 
        103, 
        104, 
        105, 
        106, 
        107, 
        108, 
        109, 
        110, 
        111, 
        112, 
        114, 
        116, 
        118, 
        119, 
        120, 
        121, 
        122, 
        124, 
        125, 
        126, 
        127, 
        128, 
        129, 
        130, 
        131, 
        132, 
        133, 
        134, 
        135, 
        136, 
        137, 
        138, 
        139, 
        141, 
        143, 
        147, 
        148, 
        149, 
        151, 
        153, 
        154, 
        156, 
        158, 
        159, 
        160, 
        161, 
        162, 
        163, 
        164, 
        165, 
        166, 
        168, 
        169, 
        170, 
        171, 
        172, 
        173, 
        176, 
        177, 
        179, 
        180, 
        181, 
        182, 
        183, 
        185, 
        186, 
        187, 
        188, 
        189, 
        190, 
        191, 
        192, 
        193, 
        194, 
        195, 
        196, 
        197, 
        198], 
      "name2": "R:S247", 
      "name1": "A:E318"
    }, 
    {
      "frames": [0, 
        1, 
        3, 
        4, 
        5, 
        6, 
        7, 
        8, 
        9, 
        10, 
        11, 
        12, 
        13, 
        14, 
        16, 
        19, 
        20, 
        21, 
        27, 
        31, 
        35, 
        37, 
        38, 
        39, 
        40, 
        43, 
        44, 
        48, 
        49, 
        56, 
        62, 
        63, 
        69, 
        76, 
        77, 
        78, 
        80, 
        81, 
        131], 
      "name2": "R:K248", 
      "name1": "A:A345"
    }, 
    {
      "frames": [0, 
        54, 
        63, 
        64, 
        66, 
        67, 
        68, 
        73, 
        76, 
        83, 
        84, 
        93, 
        94, 
        96, 
        98, 
        99, 
        101, 
        103, 
        105, 
        106, 
        120, 
        123, 
        126, 
        142, 
        145, 
        146, 
        148, 
        152], 
      "name2": "R:N246", 
      "name1": "A:Y320"
    }, 
    {
      "frames": [0, 
        1, 
        3, 
        4, 
        5, 
        6, 
        7, 
        8, 
        9, 
        10, 
        11, 
        12, 
        13, 
        14, 
        15, 
        16, 
        17, 
        18, 
        19, 
        20, 
        21, 
        22, 
        23, 
        24, 
        25, 
        26, 
        27, 
        28, 
        29, 
        31, 
        35, 
        36, 
        37, 
        38, 
        39, 
        40, 
        41, 
        42, 
        43, 
        44, 
        45, 
        51, 
        52, 
        53, 
        55, 
        58, 
        59, 
        60, 
        62, 
        63, 
        65, 
        66, 
        70, 
        72, 
        73, 
        74, 
        75, 
        76, 
        77, 
        78, 
        79, 
        80, 
        81], 
      "name2": "R:Q321", 
      "name1": "A:L353"
    }, 
    {
      "frames": [0, 
        1, 
        2, 
        3, 
        4, 
        5, 
        6, 
        8, 
        9, 
        11, 
        13, 
        14, 
        15, 
        16, 
        17, 
        18, 
        19, 
        22, 
        23, 
        24, 
        26, 
        27, 
        28, 
        29, 
        30, 
        31, 
        35, 
        37, 
        38, 
        39, 
        42, 
        43, 
        44, 
        46, 
        47, 
        48, 
        49, 
        50, 
        51, 
        52, 
        53, 
        54, 
        55, 
        57, 
        58, 
        59, 
        60, 
        61, 
        63, 
        64, 
        66, 
        68, 
        69, 
        70, 
        71, 
        72, 
        73, 
        75, 
        77, 
        78, 
        79, 
        80, 
        82, 
        83, 
        84, 
        87, 
        88, 
        91, 
        95, 
        96, 
        97, 
        100, 
        101, 
        102, 
        103, 
        104, 
        105, 
        106, 
        107, 
        109, 
        110, 
        111, 
        112, 
        113, 
        114, 
        115, 
        116, 
        117, 
        118, 
        120, 
        123, 
        124, 
        126, 
        128, 
        133, 
        134, 
        135, 
        160, 
        161, 
        162, 
        163, 
        164, 
        165, 
        168, 
        169, 
        170, 
        171, 
        172, 
        173, 
        174, 
        175, 
        176, 
        177, 
        178, 
        179, 
        180, 
        181, 
        182, 
        183, 
        184, 
        185, 
        186, 
        187, 
        188, 
        189, 
        190, 
        191, 
        192, 
        193, 
        194, 
        195, 
        196, 
        197, 
        198, 
        199], 
      "name2": "R:N325", 
      "name1": "A:R349"
    }, 
    {
      "frames": [0, 
        1, 
        2, 
        3, 
        4, 
        5, 
        6, 
        7, 
        8, 
        9, 
        10, 
        11, 
        12, 
        13, 
        14, 
        15, 
        16, 
        17, 
        18, 
        19, 
        20, 
        21, 
        22, 
        23, 
        25, 
        26, 
        27, 
        28, 
        29, 
        30, 
        31, 
        32, 
        33, 
        34, 
        35, 
        36, 
        37, 
        38, 
        39, 
        40, 
        42, 
        43, 
        44, 
        45, 
        46, 
        47, 
        48, 
        49, 
        50, 
        51, 
        52, 
        53, 
        54, 
        55, 
        56, 
        57, 
        59, 
        60, 
        61, 
        62, 
        63, 
        64, 
        65, 
        66, 
        67, 
        68, 
        69, 
        70, 
        72, 
        73, 
        74, 
        75, 
        76, 
        77, 
        78, 
        79, 
        80, 
        81, 
        82, 
        84, 
        85, 
        86, 
        87, 
        88, 
        89, 
        90, 
        91, 
        139, 
        156, 
        157, 
        158, 
        161, 
        162, 
        165, 
        166, 
        174, 
        180, 
        181, 
        187, 
        188, 
        197], 
      "name2": "R:R143", 
      "name1": "A:G352"
    }, 
    {
      "frames": [0, 
        1, 
        5, 
        6, 
        25, 
        40, 
        51, 
        54, 
        74, 
        79, 
        82, 
        96, 
        97, 
        120, 
        122, 
        126, 
        141, 
        144, 
        174, 
        179, 
        184, 
        186], 
      "name2": "R:R155", 
      "name1": "A:K32"
    }, 
    {
      "frames": [0, 
        1, 
        4, 
        5, 
        6, 
        7, 
        8, 
        10, 
        11, 
        12, 
        13, 
        14, 
        15, 
        16, 
        17, 
        18, 
        19, 
        20, 
        21, 
        34, 
        35, 
        36, 
        37, 
        38, 
        39, 
        40, 
        41, 
        42, 
        43, 
        44, 
        45, 
        47, 
        48, 
        49, 
        50, 
        51, 
        52, 
        53, 
        56, 
        57, 
        58, 
        59, 
        60, 
        61, 
        62, 
        63, 
        65, 
        66, 
        67, 
        68, 
        69, 
        70, 
        71, 
        72, 
        76, 
        79, 
        80, 
        81, 
        82, 
        83, 
        84, 
        85, 
        86, 
        87, 
        89, 
        91, 
        93, 
        94, 
        95, 
        96, 
        97, 
        98, 
        99, 
        100, 
        101, 
        102, 
        103, 
        104, 
        105, 
        106, 
        107, 
        108, 
        109, 
        111, 
        112, 
        116, 
        117, 
        118, 
        119, 
        120, 
        121, 
        122, 
        123, 
        124, 
        125, 
        126, 
        127, 
        128, 
        129, 
        130, 
        131, 
        132, 
        133, 
        134, 
        135, 
        136, 
        137, 
        138, 
        139, 
        140, 
        141, 
        142, 
        143, 
        144, 
        145, 
        146, 
        147, 
        148, 
        149, 
        150, 
        151, 
        152, 
        153, 
        155, 
        156, 
        157, 
        158, 
        159, 
        160, 
        161, 
        162, 
        163, 
        164, 
        165, 
        166, 
        167, 
        168, 
        169, 
        170, 
        172, 
        173, 
        174, 
        175, 
        176, 
        177, 
        178, 
        180, 
        181, 
        182, 
        183, 
        184, 
        185, 
        186, 
        187, 
        188, 
        189, 
        190, 
        191, 
        192, 
        193, 
        194, 
        195, 
        196, 
        197, 
        198, 
        199], 
      "name2": "R:Q245", 
      "name1": "A:Y320"
    }, 
    {
      "frames": [0, 
        1, 
        2, 
        4, 
        5, 
        7, 
        8, 
        9, 
        10, 
        11, 
        12, 
        13, 
        14, 
        15, 
        16, 
        17, 
        18, 
        19, 
        20, 
        21, 
        22, 
        23, 
        24, 
        25, 
        26, 
        27, 
        28, 
        29, 
        30, 
        31, 
        34, 
        43, 
        44, 
        46, 
        48, 
        49, 
        51, 
        52, 
        54, 
        56, 
        57, 
        58, 
        59, 
        63, 
        67, 
        68, 
        74, 
        76, 
        81, 
        82, 
        84, 
        88, 
        89, 
        90, 
        91, 
        92, 
        93, 
        97, 
        99, 
        102, 
        105, 
        107, 
        108, 
        109, 
        110, 
        111, 
        112, 
        113, 
        114, 
        116, 
        120, 
        121, 
        123, 
        124, 
        125, 
        126, 
        127, 
        129, 
        130, 
        131, 
        132, 
        133, 
        134, 
        135, 
        136, 
        137, 
        139, 
        140, 
        143, 
        144, 
        145, 
        149, 
        150, 
        151, 
        153, 
        154, 
        155, 
        156, 
        157, 
        158, 
        159, 
        160, 
        161, 
        162, 
        163, 
        164, 
        165, 
        166, 
        168, 
        169, 
        170, 
        172, 
        173, 
        174, 
        175, 
        176, 
        177, 
        178, 
        180, 
        181, 
        182, 
        186, 
        187, 
        188, 
        190, 
        191, 
        192, 
        193, 
        197, 
        198, 
        199], 
      "name2": "R:S79", 
      "name1": "A:G350"
    }, 
    {
      "frames": [1, 
        2, 
        4, 
        8, 
        13, 
        14, 
        43, 
        48, 
        49, 
        53, 
        54, 
        130, 
        131, 
        137, 
        144, 
        152, 
        153, 
        182, 
        196], 
      "name2": "R:A146", 
      "name1": "A:N347"
    }, 
    {
      "frames": [1, 
        2, 
        6, 
        7, 
        8, 
        17, 
        18, 
        20, 
        21, 
        22, 
        23, 
        24, 
        25, 
        26, 
        27, 
        29, 
        30, 
        32, 
        33], 
      "name2": "R:R157", 
      "name1": "A:I28"
    }, 
    {
      "frames": [1, 
        5, 
        6, 
        7, 
        8, 
        10, 
        12, 
        20, 
        25, 
        29, 
        31, 
        38, 
        39, 
        42, 
        46, 
        47, 
        48, 
        51, 
        54, 
        55, 
        58, 
        60, 
        61, 
        62, 
        63, 
        64, 
        65, 
        66, 
        68, 
        69, 
        70, 
        71, 
        72, 
        73, 
        75, 
        76, 
        77, 
        78, 
        80, 
        81, 
        82, 
        83, 
        84, 
        85, 
        86, 
        87, 
        88, 
        89, 
        90, 
        91, 
        92, 
        93, 
        94, 
        95, 
        96, 
        98, 
        99, 
        100, 
        101, 
        102, 
        103, 
        104, 
        105, 
        106, 
        107, 
        108, 
        109, 
        114, 
        115, 
        116, 
        118, 
        119, 
        121, 
        124, 
        125, 
        126, 
        127, 
        130, 
        131, 
        133, 
        134, 
        135, 
        136, 
        137, 
        138, 
        139, 
        140, 
        142, 
        143, 
        144, 
        145, 
        148, 
        149, 
        151, 
        152, 
        153, 
        154, 
        155, 
        156, 
        157, 
        158, 
        159, 
        160, 
        161, 
        162, 
        163, 
        164, 
        165, 
        166, 
        168, 
        169, 
        170, 
        171, 
        173, 
        174, 
        175, 
        176, 
        177, 
        178, 
        180, 
        181, 
        182, 
        183, 
        184, 
        185, 
        186, 
        187, 
        189, 
        190, 
        191, 
        192, 
        193, 
        195, 
        197], 
      "name2": "R:Q245", 
      "name1": "A:D341"
    }, 
    {
      "frames": [1, 
        3, 
        5, 
        6, 
        9, 
        10, 
        12, 
        16, 
        21, 
        22, 
        23, 
        24, 
        25, 
        26, 
        27, 
        28, 
        29, 
        30, 
        31, 
        32, 
        33, 
        34, 
        39, 
        41, 
        43, 
        45, 
        48, 
        49, 
        54, 
        56, 
        57, 
        58, 
        61, 
        65, 
        70, 
        73, 
        75, 
        77, 
        80, 
        81, 
        82, 
        97, 
        104, 
        107, 
        108, 
        109, 
        110, 
        111, 
        113, 
        114, 
        115, 
        118, 
        119, 
        121, 
        123, 
        124, 
        125, 
        129, 
        130, 
        131, 
        132, 
        133, 
        134, 
        151], 
      "name2": "R:N246", 
      "name1": "A:D341"
    }, 
    {
      "frames": [1, 
        3, 
        4, 
        6, 
        7, 
        8, 
        9, 
        10, 
        11, 
        12, 
        14, 
        15, 
        16, 
        17, 
        18, 
        19, 
        20, 
        21, 
        22, 
        23, 
        24, 
        25, 
        27, 
        28, 
        29, 
        30, 
        31, 
        32, 
        34, 
        35, 
        36, 
        89, 
        91, 
        92, 
        93, 
        94, 
        95, 
        96, 
        97, 
        98, 
        99, 
        100, 
        101, 
        102, 
        104, 
        105, 
        106, 
        107, 
        108, 
        109, 
        110, 
        111, 
        113, 
        114, 
        115, 
        116, 
        117, 
        118, 
        119, 
        120, 
        121, 
        122, 
        123, 
        124, 
        125, 
        126, 
        127, 
        128, 
        130, 
        131, 
        132, 
        133, 
        134, 
        135, 
        136, 
        137, 
        138, 
        139, 
        140, 
        141, 
        142, 
        143, 
        144, 
        145, 
        146, 
        147, 
        148, 
        149, 
        150, 
        151, 
        152, 
        153, 
        154, 
        155, 
        156, 
        157, 
        158, 
        159, 
        160, 
        161, 
        162, 
        163, 
        164, 
        165, 
        166, 
        167, 
        168, 
        169, 
        170, 
        171, 
        172, 
        175, 
        176, 
        177, 
        178, 
        180, 
        182, 
        183, 
        184, 
        185, 
        186, 
        187, 
        188, 
        189, 
        190, 
        191, 
        192, 
        194, 
        195, 
        198, 
        199], 
      "name2": "R:Q321", 
      "name1": "A:Y354"
    }, 
    {
      "frames": [1, 
        2, 
        3, 
        4, 
        5, 
        6, 
        7, 
        8, 
        9, 
        10, 
        16, 
        17, 
        19, 
        20, 
        21, 
        22, 
        23, 
        25, 
        174, 
        185], 
      "name2": "R:R155", 
      "name1": "A:K193"
    }, 
    {
      "frames": [2, 
        3, 
        5, 
        6, 
        8, 
        14, 
        16, 
        17, 
        18, 
        19, 
        20, 
        21, 
        22, 
        24, 
        25, 
        26, 
        27, 
        28, 
        29, 
        30, 
        31, 
        32, 
        33, 
        34, 
        35, 
        36, 
        37, 
        38, 
        39, 
        40, 
        42, 
        43, 
        44, 
        45, 
        47, 
        48, 
        49, 
        50, 
        51, 
        53, 
        54, 
        55, 
        57, 
        58, 
        59, 
        60, 
        62, 
        64, 
        65, 
        66, 
        67, 
        68, 
        70, 
        71, 
        72, 
        73, 
        74, 
        75, 
        77, 
        78, 
        79, 
        80, 
        81, 
        82, 
        83, 
        85, 
        87, 
        88, 
        89, 
        90, 
        91, 
        93, 
        94, 
        95, 
        96, 
        97, 
        98, 
        101, 
        102, 
        104, 
        108, 
        109, 
        110, 
        111, 
        112, 
        113, 
        114, 
        115, 
        116, 
        117, 
        118, 
        119, 
        120, 
        121, 
        122, 
        124, 
        125, 
        126, 
        127, 
        128, 
        130, 
        132, 
        133, 
        134, 
        135, 
        136, 
        137, 
        138, 
        139, 
        148, 
        149, 
        152, 
        155, 
        156, 
        157, 
        158, 
        159, 
        160, 
        161, 
        162, 
        163, 
        164, 
        165, 
        166, 
        167, 
        168, 
        169, 
        170, 
        172, 
        173, 
        174, 
        175, 
        176, 
        177, 
        178, 
        179, 
        180, 
        181, 
        182, 
        183, 
        185, 
        186, 
        187, 
        188, 
        189, 
        190, 
        191, 
        192, 
        193, 
        194, 
        195, 
        196, 
        197, 
        198, 
        199], 
      "name2": "R:K322", 
      "name1": "A:R349"
    }, 
    {
      "frames": [2, 
        4, 
        16, 
        19, 
        20, 
        21, 
        35, 
        36, 
        37, 
        38, 
        39, 
        40, 
        41, 
        42, 
        46, 
        106, 
        158, 
        160, 
        170], 
      "name2": "R:K76", 
      "name1": "B:N313"
    }, 
    {
      "frames": [3, 
        4, 
        6, 
        8, 
        9], 
      "name2": "R:K76", 
      "name1": "B:D312"
    }, 
    {
      "frames": [3, 
        5, 
        6, 
        7, 
        8, 
        13, 
        15, 
        16, 
        21, 
        24, 
        25, 
        26, 
        27, 
        28, 
        29, 
        30, 
        32, 
        33, 
        34, 
        40, 
        83], 
      "name2": "R:K75", 
      "name1": "B:D312"
    }, 
    {
      "frames": [3, 
        6, 
        24, 
        25, 
        28, 
        29, 
        30, 
        31, 
        33, 
        36, 
        38, 
        40, 
        41, 
        45, 
        46, 
        47, 
        49, 
        53, 
        54, 
        56, 
        57, 
        58, 
        72, 
        73, 
        75, 
        76, 
        77, 
        78, 
        79, 
        80, 
        83, 
        88, 
        91, 
        106, 
        140, 
        152, 
        174], 
      "name2": "R:N246", 
      "name1": "A:E318"
    }, 
    {
      "frames": [13], 
      "name2": "R:K322", 
      "name1": "A:C351"
    }, 
    {
      "frames": [14, 
        15, 
        28, 
        29, 
        30, 
        31, 
        32, 
        33, 
        34, 
        36, 
        37, 
        38, 
        40, 
        41, 
        42, 
        43, 
        44, 
        45, 
        46, 
        47, 
        48, 
        50, 
        51, 
        52, 
        53, 
        56, 
        57, 
        58, 
        59, 
        60, 
        61, 
        62, 
        63, 
        64, 
        65, 
        66, 
        67, 
        68, 
        69, 
        71, 
        72, 
        73, 
        74, 
        75, 
        76, 
        77, 
        78, 
        79, 
        81, 
        82, 
        83, 
        84, 
        85, 
        86, 
        87, 
        88, 
        89, 
        90, 
        91, 
        92, 
        93, 
        94, 
        95, 
        96, 
        97, 
        98, 
        99, 
        100, 
        101, 
        102, 
        103, 
        104, 
        105, 
        106, 
        107, 
        108, 
        109, 
        110, 
        111, 
        112, 
        113, 
        114, 
        115, 
        116, 
        117, 
        118, 
        119, 
        120, 
        121, 
        122, 
        123, 
        124, 
        125, 
        126, 
        127, 
        128, 
        129, 
        130, 
        131, 
        132, 
        133, 
        134, 
        135, 
        136, 
        137, 
        138, 
        139, 
        140, 
        141, 
        142, 
        143, 
        144, 
        145, 
        146, 
        147, 
        148, 
        149, 
        150, 
        151, 
        152, 
        153, 
        154, 
        155, 
        156, 
        157, 
        158, 
        159, 
        160, 
        161, 
        162, 
        163, 
        164, 
        165, 
        166, 
        167, 
        168, 
        169, 
        170, 
        171, 
        172, 
        173, 
        174, 
        175, 
        176, 
        177, 
        178, 
        179, 
        180, 
        181, 
        182, 
        183, 
        184, 
        185, 
        186, 
        187, 
        188, 
        189, 
        190, 
        191, 
        192, 
        193, 
        194, 
        195, 
        196, 
        197, 
        198, 
        199], 
      "name2": "R:R155", 
      "name1": "A:N194"
    }, 
    {
      "frames": [15, 
        17, 
        18, 
        22, 
        23, 
        24, 
        25, 
        26, 
        28, 
        29, 
        30, 
        31, 
        33, 
        34, 
        36, 
        42, 
        45, 
        46, 
        47, 
        50, 
        51, 
        52, 
        53, 
        54, 
        55, 
        57, 
        58, 
        59, 
        60, 
        61, 
        64, 
        65, 
        66, 
        67, 
        68, 
        70, 
        71, 
        72, 
        73, 
        74, 
        75, 
        82, 
        83, 
        86, 
        87, 
        88, 
        89, 
        91, 
        92, 
        93, 
        96, 
        97, 
        98, 
        99, 
        100, 
        101, 
        103, 
        104, 
        105, 
        106, 
        118, 
        119, 
        120, 
        121, 
        122, 
        123, 
        124, 
        125, 
        126, 
        127, 
        128, 
        137, 
        138, 
        140, 
        141, 
        142, 
        143, 
        144, 
        145, 
        146, 
        147, 
        149, 
        154, 
        155, 
        158], 
      "name2": "R:K248", 
      "name1": "A:P315"
    }, 
    {
      "frames": [15, 
        64, 
        100, 
        152], 
      "name2": "R:K248", 
      "name1": "A:Y354"
    }, 
    {
      "frames": [16, 
        21, 
        80, 
        131, 
        153], 
      "name2": "R:K248", 
      "name1": "A:R349"
    }, 
    {
      "frames": [17, 
        29], 
      "name2": "R:K75", 
      "name1": "B:D333"
    }, 
    {
      "frames": [17, 
        18, 
        19, 
        32, 
        34, 
        41, 
        42, 
        43, 
        44, 
        45, 
        48, 
        49, 
        50, 
        53, 
        54, 
        55, 
        99, 
        102, 
        116, 
        117, 
        128, 
        129, 
        130, 
        139], 
      "name2": "R:Q245", 
      "name1": "A:D337"
    }, 
    {
      "frames": [17, 
        46, 
        47, 
        50, 
        52, 
        53, 
        54, 
        56, 
        58, 
        60, 
        63], 
      "name2": "R:K75", 
      "name1": "B:N313"
    }, 
    {
      "frames": [19], 
      "name2": "R:R157", 
      "name1": "A:S29"
    }, 
    {
      "frames": [21, 
        33, 
        44], 
      "name2": "R:K76", 
      "name1": "B:D333"
    }, 
    {
      "frames": [22, 
        24, 
        25, 
        26, 
        29, 
        32, 
        34, 
        36, 
        37, 
        42, 
        45, 
        47, 
        51, 
        53, 
        54, 
        55, 
        58, 
        59, 
        60, 
        73, 
        74, 
        75, 
        83, 
        86, 
        99, 
        103, 
        105, 
        106, 
        147, 
        171, 
        173, 
        175, 
        197], 
      "name2": "R:K248", 
      "name1": "A:E318"
    }, 
    {
      "frames": [25, 
        34, 
        43], 
      "name2": "R:F154", 
      "name1": "A:K32"
    }, 
    {
      "frames": [32, 
        39, 
        45, 
        58, 
        62], 
      "name2": "R:I147", 
      "name1": "A:N347"
    }, 
    {
      "frames": [35, 
        36, 
        37, 
        38, 
        39, 
        40, 
        43, 
        44, 
        46, 
        47, 
        48, 
        50, 
        51, 
        52, 
        53, 
        54, 
        55, 
        57, 
        58, 
        59, 
        60, 
        61, 
        62, 
        63, 
        64, 
        66, 
        67, 
        69, 
        70, 
        71, 
        72, 
        73, 
        75, 
        76, 
        93, 
        96, 
        97, 
        102, 
        104, 
        105, 
        113, 
        114, 
        115, 
        128, 
        184, 
        185], 
      "name2": "R:R157", 
      "name1": "A:A31"
    }, 
    {
      "frames": [36, 
        37, 
        42, 
        43, 
        48, 
        49, 
        50, 
        51, 
        52, 
        53, 
        56, 
        61, 
        62, 
        63, 
        64, 
        65, 
        66, 
        67, 
        69, 
        70, 
        76, 
        82, 
        83, 
        88, 
        128, 
        145], 
      "name2": "R:T81", 
      "name1": "A:C351"
    }, 
    {
      "frames": [36, 
        37, 
        38, 
        39, 
        40, 
        41, 
        42, 
        43, 
        44, 
        45, 
        46, 
        47, 
        48, 
        49, 
        50, 
        51, 
        52, 
        53, 
        54, 
        55, 
        56, 
        57, 
        58, 
        59, 
        60, 
        61, 
        62, 
        63, 
        64, 
        65, 
        66, 
        67, 
        68, 
        69, 
        70, 
        71, 
        72, 
        73, 
        74, 
        75, 
        76, 
        77, 
        78, 
        79, 
        80, 
        81, 
        82, 
        84, 
        86, 
        89, 
        90, 
        91, 
        92, 
        93, 
        101, 
        102, 
        107, 
        109, 
        115, 
        116, 
        118, 
        120, 
        123, 
        126, 
        143, 
        147, 
        151, 
        154, 
        157, 
        161, 
        162, 
        163, 
        164, 
        165, 
        166, 
        168, 
        169, 
        170, 
        171, 
        172, 
        173, 
        174, 
        177, 
        179, 
        181, 
        182, 
        185, 
        186, 
        187, 
        188, 
        190, 
        192, 
        196, 
        197, 
        198], 
      "name2": "R:R324", 
      "name1": "A:Y354"
    }, 
    {
      "frames": [38, 
        41, 
        58, 
        71, 
        72, 
        73, 
        75, 
        79, 
        80, 
        83, 
        89, 
        93, 
        94, 
        95, 
        96, 
        98, 
        101, 
        102, 
        103, 
        105, 
        106, 
        110, 
        111, 
        112, 
        113, 
        115, 
        117, 
        118, 
        119, 
        120, 
        122, 
        129, 
        133, 
        134, 
        136, 
        138, 
        141, 
        142, 
        143, 
        146, 
        154, 
        155, 
        156, 
        158, 
        161, 
        164, 
        165, 
        167, 
        168, 
        169, 
        170, 
        171, 
        172, 
        173, 
        177, 
        178, 
        179, 
        180, 
        182, 
        183, 
        184, 
        185, 
        186, 
        190, 
        191, 
        192, 
        195, 
        196], 
      "name2": "R:R143", 
      "name1": "A:C351"
    }, 
    {
      "frames": [42, 
        43, 
        44, 
        46], 
      "name2": "R:K75", 
      "name1": "B:G310"
    }, 
    {
      "frames": [50, 
        51, 
        52, 
        54, 
        55, 
        56, 
        63], 
      "name2": "R:A77", 
      "name1": "B:N313"
    }, 
    {
      "frames": [65, 
        66, 
        71, 
        74, 
        75, 
        76, 
        78, 
        79, 
        80, 
        83, 
        84, 
        85, 
        86, 
        87, 
        88, 
        89, 
        90, 
        91, 
        92, 
        93, 
        94, 
        95, 
        96, 
        97, 
        98, 
        99, 
        102, 
        103, 
        104, 
        105, 
        106, 
        107, 
        108, 
        109, 
        110, 
        111, 
        112, 
        114, 
        115, 
        116, 
        117, 
        118, 
        120, 
        121, 
        123, 
        124, 
        125, 
        126, 
        128, 
        129, 
        130, 
        131, 
        132, 
        133, 
        135, 
        136, 
        137, 
        138, 
        140, 
        142, 
        143, 
        144, 
        145, 
        146, 
        147, 
        148, 
        149, 
        150, 
        151, 
        153, 
        155, 
        156, 
        157, 
        158, 
        159, 
        160, 
        161, 
        162, 
        163, 
        164, 
        165, 
        166, 
        167, 
        168, 
        169, 
        170, 
        171, 
        172, 
        173, 
        174, 
        175, 
        176, 
        177, 
        178, 
        179, 
        180, 
        181, 
        182, 
        183, 
        185, 
        186, 
        188, 
        190, 
        191, 
        192, 
        196, 
        197, 
        198], 
      "name2": "R:A77", 
      "name1": "B:D312"
    }, 
    {
      "frames": [69, 
        160, 
        161, 
        163, 
        164, 
        166, 
        169, 
        171, 
        172, 
        173, 
        174, 
        175, 
        176, 
        177, 
        178, 
        179, 
        180, 
        181, 
        182, 
        183, 
        185, 
        186, 
        187, 
        188, 
        189, 
        197, 
        198, 
        199], 
      "name2": "R:N246", 
      "name1": "A:P315"
    }, 
    {
      "frames": [77, 
        78, 
        79, 
        80, 
        81, 
        82, 
        85, 
        86, 
        116, 
        119, 
        120, 
        121, 
        123, 
        124, 
        125, 
        126, 
        127, 
        128, 
        129, 
        130, 
        132, 
        133, 
        134, 
        136, 
        137, 
        138, 
        139, 
        140, 
        141, 
        142, 
        145, 
        146], 
      "name2": "R:R157", 
      "name1": "A:A30"
    }, 
    {
      "frames": [77, 
        78, 
        79, 
        80, 
        81, 
        82, 
        83, 
        84, 
        118, 
        121, 
        129, 
        132, 
        133, 
        134, 
        135, 
        136, 
        137, 
        138, 
        139, 
        140, 
        143, 
        144, 
        145], 
      "name2": "R:R157", 
      "name1": "B:L55"
    }, 
    {
      "frames": [81, 
        88, 
        90, 
        91, 
        94, 
        95, 
        100, 
        101, 
        102, 
        103, 
        104, 
        105, 
        106, 
        107, 
        108, 
        109, 
        110, 
        111, 
        112, 
        113, 
        114, 
        115, 
        116, 
        117, 
        118, 
        119, 
        120, 
        121, 
        122, 
        123, 
        124, 
        125, 
        126, 
        127, 
        128, 
        129, 
        130, 
        131, 
        132, 
        133, 
        134, 
        135, 
        136, 
        137, 
        138, 
        139, 
        140, 
        141, 
        142, 
        143, 
        144, 
        145, 
        146, 
        147, 
        148, 
        149, 
        150, 
        151, 
        152, 
        153, 
        154, 
        155, 
        156, 
        157, 
        158, 
        159, 
        161, 
        162, 
        163, 
        164, 
        165, 
        166, 
        167, 
        168, 
        169, 
        170, 
        171, 
        172, 
        173, 
        174, 
        175, 
        176, 
        177, 
        178, 
        179, 
        180, 
        181, 
        182, 
        183, 
        184, 
        185, 
        186, 
        187, 
        188, 
        189, 
        190, 
        191, 
        192, 
        193, 
        194, 
        195, 
        196, 
        197, 
        198, 
        199], 
      "name2": "R:R159", 
      "name1": "B:R52"
    }, 
    {
      "frames": [82, 
        83, 
        84, 
        85, 
        86, 
        87, 
        88, 
        89, 
        90, 
        91, 
        92, 
        94, 
        95, 
        96, 
        97, 
        98, 
        99, 
        100, 
        103, 
        105, 
        107, 
        108, 
        109, 
        110, 
        111, 
        112, 
        113, 
        114, 
        115, 
        116, 
        117, 
        118, 
        119, 
        120, 
        121, 
        156, 
        157, 
        158, 
        159, 
        160, 
        161, 
        162, 
        163, 
        164, 
        165, 
        166, 
        167, 
        168, 
        169, 
        170, 
        171, 
        172, 
        173, 
        174, 
        175, 
        177, 
        179, 
        180, 
        182, 
        186, 
        187, 
        188, 
        189, 
        190], 
      "name2": "R:Q149", 
      "name1": "A:N347"
    }, 
    {
      "frames": [82, 
        87, 
        88, 
        89, 
        93, 
        96, 
        97, 
        101, 
        103, 
        112, 
        113, 
        115, 
        116, 
        117, 
        118, 
        174, 
        175, 
        178, 
        179, 
        181, 
        182, 
        183, 
        186, 
        189], 
      "name2": "R:Q321", 
      "name1": "A:R349"
    }, 
    {
      "frames": [83, 
        85, 
        88, 
        91, 
        92, 
        93, 
        94, 
        95, 
        96, 
        97, 
        98, 
        99, 
        100, 
        101, 
        102, 
        103, 
        104, 
        105, 
        106, 
        107, 
        108, 
        109, 
        110, 
        111, 
        112, 
        113, 
        114, 
        115, 
        116, 
        117, 
        118, 
        119, 
        120, 
        121, 
        122, 
        123, 
        125, 
        127, 
        128, 
        129, 
        130, 
        131, 
        132, 
        133, 
        134, 
        136, 
        137, 
        138, 
        139, 
        141, 
        142, 
        143, 
        144, 
        145, 
        146, 
        147, 
        149, 
        150, 
        151, 
        152, 
        153, 
        154, 
        155, 
        156, 
        157, 
        158, 
        159, 
        160, 
        161, 
        162, 
        163, 
        164, 
        165, 
        166, 
        167, 
        168, 
        169, 
        170, 
        171, 
        172, 
        173, 
        174, 
        175, 
        176, 
        177, 
        178, 
        179, 
        180, 
        181, 
        183, 
        184, 
        186, 
        187, 
        188, 
        189, 
        190, 
        191, 
        193, 
        194, 
        195, 
        196, 
        197, 
        198, 
        199], 
      "name2": "R:I319", 
      "name1": "A:Y354"
    }, 
    {
      "frames": [84, 
        85, 
        86, 
        87, 
        91, 
        92, 
        93, 
        94, 
        95, 
        96, 
        97, 
        99, 
        100, 
        101, 
        102, 
        103, 
        104, 
        105, 
        106, 
        107, 
        108, 
        131, 
        132, 
        133], 
      "name2": "R:R159", 
      "name1": "B:D333"
    }, 
    {
      "frames": [85, 
        86, 
        88, 
        89, 
        90, 
        91, 
        92, 
        93, 
        94, 
        95, 
        96, 
        97, 
        98, 
        99, 
        100, 
        101, 
        102, 
        103, 
        104, 
        105, 
        106, 
        107, 
        108, 
        109, 
        110, 
        112, 
        113, 
        114, 
        115, 
        116, 
        117, 
        118, 
        119, 
        121, 
        123, 
        128, 
        129, 
        130, 
        131, 
        132, 
        160, 
        161, 
        164, 
        165, 
        166, 
        167, 
        169, 
        172, 
        174, 
        176, 
        177, 
        178, 
        180, 
        181, 
        183, 
        184, 
        185, 
        188, 
        190, 
        196], 
      "name2": "R:R159", 
      "name1": "B:S334"
    }, 
    {
      "frames": [87], 
      "name2": "R:K322", 
      "name1": "A:D262"
    }, 
    {
      "frames": [87, 
        88], 
      "name2": "R:K75", 
      "name1": "B:A309"
    }, 
    {
      "frames": [89, 
        90], 
      "name2": "R:G320", 
      "name1": "A:Y354"
    }, 
    {
      "frames": [97, 
        105, 
        115, 
        116, 
        120, 
        121, 
        126], 
      "name2": "R:K152", 
      "name1": "A:N194"
    }, 
    {
      "frames": [100, 
        126], 
      "name2": "R:R143", 
      "name1": "A:L353"
    }, 
    {
      "frames": [101], 
      "name2": "R:K248", 
      "name1": "A:K317"
    }, 
    {
      "frames": [107, 
        110, 
        111, 
        112, 
        114, 
        115, 
        116, 
        117, 
        118, 
        119, 
        120, 
        122, 
        123, 
        124, 
        125, 
        126, 
        127, 
        128, 
        158, 
        159, 
        160, 
        161, 
        162, 
        163, 
        165, 
        166, 
        167, 
        168, 
        169, 
        170, 
        171, 
        173, 
        174, 
        175, 
        176, 
        177, 
        178, 
        179, 
        180, 
        181, 
        182, 
        183, 
        184, 
        185, 
        186, 
        187, 
        188, 
        189, 
        190, 
        191, 
        192, 
        193, 
        194, 
        196, 
        197, 
        198, 
        199], 
      "name2": "R:R159", 
      "name1": "B:L55"
    }, 
    {
      "frames": [107, 
        108, 
        116], 
      "name2": "R:K248", 
      "name1": "A:N316"
    }, 
    {
      "frames": [108, 
        109, 
        113, 
        114, 
        132, 
        133, 
        136, 
        140, 
        161, 
        162, 
        163, 
        164, 
        165, 
        169, 
        176, 
        177, 
        184], 
      "name2": "R:K75", 
      "name1": "B:N293"
    }, 
    {
      "frames": [131], 
      "name2": "R:N246", 
      "name1": "A:A345"
    }, 
    {
      "frames": [134, 
        136, 
        137, 
        157], 
      "name2": "R:K322", 
      "name1": "B:N313"
    }, 
    {
      "frames": [144], 
      "name2": "R:R157", 
      "name1": "A:K346"
    }, 
    {
      "frames": [152], 
      "name2": "R:A150", 
      "name1": "A:N347"
    }, 
    {
      "frames": [157], 
      "name2": "R:R159", 
      "name1": "A:K346"
    }, 
    {
      "frames": [164, 
        178], 
      "name2": "R:R157", 
      "name1": "A:N347"
    }, 
    {
      "frames": [167, 
        184], 
      "name2": "R:F318", 
      "name1": "A:Y354"
    }, 
    {
      "frames": [169, 
        170, 
        174, 
        175, 
        178, 
        181, 
        182, 
        184, 
        187, 
        188, 
        194], 
      "name2": "R:K248", 
      "name1": "A:N312"
    }, 
    {
      "frames": [170, 
        174, 
        175, 
        176, 
        177, 
        178, 
        182, 
        183, 
        185, 
        186, 
        187, 
        188, 
        192, 
        194, 
        195, 
        196, 
        197, 
        199], 
      "name2": "R:K248", 
      "name1": "A:R313"
    }, 
    {
      "frames": [176], 
      "name2": "R:I253", 
      "name1": "A:Y354"
    }, 
    {
      "frames": [179, 
        180], 
      "name2": "R:A252", 
      "name1": "A:Y354"
    }, 
    {
      "frames": [192], 
      "name2": "R:S247", 
      "name1": "A:N312"
    }
  ], 
  "trees": [
    {
      "treeLabel": "DefaultTree", 
      "treePaths": [
        " R.R0248.R:K248", 
        " R.R0324.R:R324", 
        " R.R0322.R:K322", 
        " A.A0029.A:S29", 
        " R.R0150.R:A150", 
        " A.A0352.A:G352", 
        " B.B0309.B:A309", 
        " A.A0350.A:G350", 
        " B.B0312.B:D312", 
        " A.A0194.A:N194", 
        " A.A0030.A:A30", 
        " A.A0031.A:A31", 
        " R.R0252.R:A252", 
        " R.R0253.R:I253", 
        " R.R0319.R:I319", 
        " R.R0159.R:R159", 
        " A.A0341.A:D341", 
        " A.A0346.A:K346", 
        " A.A0318.A:E318", 
        " B.B0310.B:G310", 
        " A.A0262.A:D262", 
        " R.R0077.R:A77", 
        " A.A0349.A:R349", 
        " R.R0152.R:K152", 
        " A.A0027.A:G27", 
        " R.R0157.R:R157", 
        " A.A0320.A:Y320", 
        " R.R0147.R:I147", 
        " A.A0316.A:N316", 
        " R.R0246.R:N246", 
        " R.R0251.R:K251", 
        " R.R0325.R:N325", 
        " A.A0028.A:I28", 
        " B.B0052.B:R52", 
        " R.R0146.R:A146", 
        " A.A0351.A:C351", 
        " A.A0032.A:K32", 
        " A.A0312.A:N312", 
        " B.B0055.B:L55", 
        " A.A0313.A:R313", 
        " B.B0334.B:S334", 
        " B.B0313.B:N313", 
        " R.R0076.R:K76", 
        " R.R0245.R:Q245", 
        " R.R0318.R:F318", 
        " R.R0155.R:R155", 
        " R.R0154.R:F154", 
        " R.R0075.R:K75", 
        " A.A0345.A:A345", 
        " R.R0079.R:S79", 
        " A.A0353.A:L353", 
        " B.B0333.B:D333", 
        " A.A0315.A:P315", 
        " A.A0193.A:K193", 
        " A.A0317.A:K317", 
        " R.R0320.R:G320", 
        " R.R0143.R:R143", 
        " A.A0347.A:N347", 
        " B.B0293.B:N293", 
        " A.A0337.A:D337", 
        " R.R0321.R:Q321", 
        " A.A0354.A:Y354", 
        " R.R0247.R:S247", 
        " R.R0149.R:Q149", 
        " R.R0081.R:T81"
      ]
    }
  ]
}