#	total_frames:200	interaction_types:hbbb,hbsb,hbss
#	Columns:	residue_1,	residue_2	frame_count	contact_frequency
A:ASN:347	R:ARG:157	0.010
A:ASN:347	R:ALA:150	0.005
A:GLU:318	R:SER:247	0.750
A:GLU:318	R:LYS:248	0.165
B:ASP:333	R:LYS:75	0.010
A:LEU:353	R:GLN:321	0.315
A:LYS:346	R:ARG:159	0.005
B:ASP:312	R:LYS:76	0.025
A:PRO:315	R:ASN:246	0.140
B:ASP:333	R:ARG:159	0.120
A:ASN:312	R:LYS:248	0.055
A:GLY:352	R:ARG:143	0.505
B:ASN:313	R:LYS:76	0.095
A:LYS:32	R:ARG:155	0.110
A:ASP:341	R:ASN:246	0.320
B:GLY:310	R:LYS:75	0.020
A:GLY:350	R:SER:79	0.655
A:ALA:345	R:ASN:246	0.005
A:ARG:349	R:GLN:321	0.120
B:ASN:313	R:ALA:77	0.035
A:LYS:32	R:PHE:154	0.015
A:ARG:349	R:LYS:322	0.775
A:SER:29	R:ARG:157	0.005
A:TYR:320	R:ASN:246	0.140
B:LEU:55	R:ARG:159	0.285
B:ALA:309	R:LYS:75	0.010
A:ARG:349	R:ASN:325	0.675
A:ASN:316	R:LYS:248	0.015
A:LEU:353	R:ARG:143	0.010
A:ALA:31	R:ARG:157	0.230
A:ASN:347	R:ARG:159	0.505
A:TYR:320	R:GLN:245	0.830
A:TYR:354	R:ILE:253	0.005
A:ASN:194	R:LYS:152	0.035
B:ASN:313	R:LYS:75	0.055
A:TYR:354	R:GLY:320	0.010
B:SER:334	R:ARG:159	0.300
A:GLY:27	R:ARG:157	0.055
B:ASN:293	R:LYS:75	0.085
A:ASN:312	R:SER:247	0.005
A:CYS:351	R:LYS:322	0.005
A:ALA:345	R:LYS:248	0.195
B:ASP:333	R:LYS:76	0.015
B:ASP:312	R:LYS:75	0.105
A:TYR:354	R:PHE:318	0.010
A:ARG:349	R:LYS:248	0.025
A:TYR:354	R:LYS:251	0.310
A:ASP:341	R:GLN:245	0.670
A:ASN:194	R:ARG:155	0.835
A:TYR:354	R:ARG:324	0.475
B:ASN:313	R:LYS:322	0.020
A:ASN:347	R:GLN:149	0.320
A:ARG:313	R:LYS:248	0.090
A:GLU:318	R:ASN:246	0.185
B:ASP:312	R:ALA:77	0.540
A:ALA:30	R:ARG:157	0.160
A:TYR:354	R:ILE:319	0.520
A:ASP:262	R:LYS:322	0.005
A:ASN:347	R:ILE:147	0.025
A:CYS:351	R:ARG:143	0.340
A:PRO:315	R:LYS:248	0.425
A:ILE:28	R:ARG:157	0.095
A:TYR:354	R:ALA:252	0.010
A:LYS:317	R:LYS:248	0.005
A:TYR:354	R:LYS:248	0.020
A:CYS:351	R:THR:81	0.130
A:ASP:337	R:GLN:245	0.120
A:LYS:346	R:ARG:157	0.005
A:LYS:193	R:ARG:155	0.100
B:LEU:55	R:ARG:157	0.115
A:TYR:354	R:GLN:321	0.655
A:ASN:347	R:ALA:146	0.095
B:ARG:52	R:ARG:159	0.525
