#	total_frames:200	interaction_types:vdw
#	Columns:	residue_1,	residue_2	frame_count	contact_frequency
A:ILE:343	R:PHE:154	0.325
B:ASP:333	R:LYS:75	0.010
A:LEU:195	R:PHE:154	0.370
A:PHE:336	R:ARG:155	0.040
A:PRO:315	R:ASN:246	0.155
A:ASN:347	R:ALA:150	0.430
A:SER:29	R:ARG:157	0.010
A:GLY:352	R:TYR:316	0.120
B:PHE:335	R:LEU:161	0.005
A:TYR:354	R:LEU:241	0.005
B:LEU:55	R:LEU:156	0.005
A:ILE:344	R:THR:151	0.155
A:ARG:349	R:LYS:322	0.925
A:ASN:347	R:THR:151	0.005
A:ARG:349	R:ASN:325	0.720
A:LEU:353	R:TYR:316	0.120
A:PRO:315	R:GLN:321	0.055
A:LEU:353	R:ILE:256	0.330
A:GLY:350	R:THR:81	0.195
A:TYR:320	R:GLN:245	0.870
A:ASP:341	R:ALA:244	0.505
A:TYR:354	R:LYS:248	0.485
A:CYS:351	R:ILE:147	0.020
A:LEU:353	R:ALA:252	0.350
A:GLY:27	R:ARG:155	0.045
A:CYS:351	R:GLY:320	0.085
A:ASN:312	R:SER:247	0.025
A:ASN:347	R:ARG:159	0.515
A:GLY:352	R:ALA:146	0.030
B:ASP:312	R:ALA:77	0.615
B:ASP:312	R:LYS:75	0.190
A:LYS:32	R:ARG:157	0.020
A:ARG:349	R:LYS:248	0.210
A:ALA:30	R:ARG:157	0.195
A:ASN:194	R:ARG:155	0.870
A:ASN:347	R:GLN:149	0.375
A:LEU:353	R:ILE:147	0.205
A:CYS:351	R:ASP:142	0.250
A:CYS:351	R:ARG:143	0.785
A:TYR:354	R:LYS:251	0.575
A:LEU:348	R:LYS:248	0.210
A:LYS:346	R:ARG:157	0.005
A:ILE:344	R:ALA:150	0.425
B:ARG:52	R:THR:160	0.020
B:PHE:292	R:LYS:76	0.480
A:GLY:352	R:ILE:319	0.180
A:GLY:350	R:LYS:322	0.400
A:LYS:193	R:PHE:154	0.040
A:ASP:341	R:GLN:245	0.955
B:ASP:333	R:ALA:77	0.005
B:ASP:333	R:ARG:159	0.130
A:ARG:313	R:LYS:248	0.115
A:VAL:339	R:PHE:154	0.005
A:GLY:350	R:SER:79	0.705
A:PHE:336	R:PHE:154	0.105
A:ARG:349	R:GLN:321	0.790
B:ASN:313	R:ALA:77	0.090
A:ILE:343	R:THR:151	0.025
A:TYR:354	R:ILE:319	0.935
A:ALA:31	R:LEU:156	0.015
B:LEU:55	R:ARG:159	0.330
A:ILE:344	R:THR:240	0.005
A:ILE:344	R:LEU:241	0.245
A:ALA:31	R:ARG:157	0.465
A:LEU:348	R:LEU:241	0.240
A:LEU:348	R:ALA:252	0.030
A:ALA:345	R:LYS:248	0.235
A:VAL:34	R:ARG:157	0.010
B:HIS:54	R:ARG:159	0.005
A:ILE:343	R:ALA:150	0.320
A:LEU:353	R:LEU:241	0.050
A:GLY:27	R:LEU:156	0.085
A:GLU:318	R:ASN:246	0.760
A:ASP:341	R:GLN:243	0.025
A:GLU:318	R:GLN:245	0.075
A:ALA:31	R:PHE:154	0.215
B:ASP:312	R:LYS:76	0.525
A:ILE:344	R:GLN:243	0.025
A:VAL:34	R:PHE:154	0.025
A:CYS:351	R:THR:81	0.585
A:GLY:352	R:GLY:320	0.535
A:PHE:336	R:THR:151	0.005
A:CYS:351	R:GLN:321	0.005
A:LYS:32	R:LEU:156	0.005
A:LEU:353	R:ARG:249	0.015
A:LEU:353	R:VAL:255	0.040
A:GLU:318	R:SER:247	0.815
A:GLU:318	R:LYS:248	0.240
A:LEU:353	R:GLN:321	0.355
A:ASN:316	R:GLN:321	0.005
A:LYS:346	R:ARG:159	0.005
A:LEU:353	R:TYR:234	0.085
A:TYR:354	R:ARG:249	0.095
A:GLY:352	R:ARG:143	0.910
A:CYS:351	R:MET:80	0.200
A:LYS:32	R:ARG:155	0.435
B:PHE:335	R:ALA:77	0.030
B:GLY:310	R:LYS:75	0.270
A:LYS:24	R:LEU:156	0.020
A:ALA:345	R:ASN:246	0.380
A:ILE:28	R:ARG:155	0.385
A:ASP:337	R:GLN:245	0.330
A:LEU:348	R:ILE:147	0.290
A:TYR:320	R:ASN:246	0.170
B:ALA:309	R:LYS:75	0.045
A:LEU:353	R:ARG:143	0.700
A:ILE:344	R:ASN:246	0.015
A:ILE:261	R:LYS:322	0.005
B:SER:334	R:ARG:159	0.345
A:GLY:27	R:ARG:157	0.060
A:TYR:354	R:ASN:246	0.005
A:TYR:354	R:PHE:318	0.160
B:ASP:333	R:LYS:76	0.020
A:LEU:353	R:ILE:237	0.155
A:TYR:354	R:ALA:252	0.285
A:TYR:354	R:VAL:255	0.110
A:ASN:312	R:LYS:248	0.085
A:CYS:351	R:SER:79	0.170
A:ARG:349	R:GLY:320	0.065
A:PRO:315	R:LYS:248	0.540
A:GLY:352	R:VAL:255	0.005
A:ALA:338	R:GLN:245	0.005
A:ASN:194	R:PHE:154	0.260
A:LEU:353	R:ILE:319	0.680
A:CYS:351	R:ARG:159	0.005
A:LYS:317	R:LYS:248	0.005
A:ASN:194	R:LYS:152	0.040
A:LEU:348	R:ARG:249	0.155
A:ASP:337	R:GLN:243	0.010
A:ALA:31	R:ARG:155	0.240
A:ASN:347	R:ARG:157	0.015
A:TYR:354	R:GLY:320	0.025
A:ILE:261	R:LYS:76	0.010
B:ASN:313	R:LYS:76	0.210
A:ASP:341	R:ASN:246	0.405
B:ALA:56	R:ARG:159	0.005
A:THR:340	R:PHE:154	0.235
A:ASN:347	R:ALA:146	0.695
A:HIS:196	R:ARG:155	0.005
A:ILE:343	R:GLN:149	0.015
A:LYS:32	R:PHE:154	0.170
A:LEU:348	R:ASN:246	0.055
A:ASN:316	R:LYS:248	0.075
A:TYR:354	R:ILE:253	0.015
A:ILE:343	R:ARG:159	0.005
B:ASN:313	R:LYS:75	0.095
B:ASN:293	R:LYS:75	0.100
A:CYS:351	R:LYS:322	0.010
A:ILE:343	R:ARG:157	0.235
B:PHE:292	R:TYR:326	0.010
A:ILE:28	R:LEU:156	0.155
A:ILE:344	R:ALA:244	0.330
A:TYR:354	R:ARG:324	0.625
B:ASN:313	R:LYS:322	0.020
B:ASN:313	R:ARG:159	0.005
B:PHE:335	R:ARG:159	0.075
A:TYR:354	R:ILE:256	0.080
A:ASP:262	R:LYS:322	0.005
A:ASN:347	R:ILE:147	0.075
B:PHE:292	R:LYS:75	0.515
A:TYR:354	R:GLN:321	0.930
A:ILE:344	R:ILE:147	0.020
A:ILE:28	R:ARG:157	0.110
A:LEU:353	R:GLY:320	0.290
A:CYS:351	R:ALA:146	0.325
A:LEU:195	R:ARG:155	0.075
A:LEU:353	R:VAL:238	0.005
A:THR:340	R:ALA:150	0.025
B:ARG:52	R:ARG:159	0.545
A:LYS:193	R:ARG:155	0.125
B:LEU:55	R:ARG:157	0.180
A:THR:340	R:THR:151	0.140
