{
  "tracks": [
    {
      "trackProperties": [
        {
          "color": " #CC33EE", 
          "nodeName": "R:K248", 
          "size": 1.0
        }, 
        {
          "color": " #CC33EE", 
          "nodeName": "R:K322", 
          "size": 1.0
        }, 
        {
          "color": " #00FF00", 
          "nodeName": "A:E318", 
          "size": 1.0
        }, 
        {
          "color": " #CC33EE", 
          "nodeName": "R:K75", 
          "size": 1.0
        }, 
        {
          "color": " #FFEC2B", 
          "nodeName": "B:D333", 
          "size": 1.0
        }, 
        {
          "color": " #FFEC2B", 
          "nodeName": "B:D312", 
          "size": 1.0
        }, 
        {
          "color": " #CC33EE", 
          "nodeName": "R:R159", 
          "size": 1.0
        }, 
        {
          "color": " #00FF00", 
          "nodeName": "A:D262", 
          "size": 1.0
        }, 
        {
          "color": " #CC33EE", 
          "nodeName": "R:K76", 
          "size": 1.0
        }
      ], 
      "trackLabel": "DefaultTrack"
    }
  ], 
  "edges": [
    {
      "frames": [3, 
        5, 
        6, 
        7, 
        8, 
        10, 
        11, 
        13, 
        14, 
        15, 
        16, 
        19, 
        21, 
        31, 
        33, 
        34, 
        36, 
        40, 
        44], 
      "name2": "R:K75", 
      "name1": "B:D312"
    }, 
    {
      "frames": [17, 
        29], 
      "name2": "R:K75", 
      "name1": "B:D333"
    }, 
    {
      "frames": [18, 
        22, 
        24, 
        25, 
        26, 
        29, 
        31, 
        32, 
        34, 
        36, 
        42, 
        45, 
        46, 
        47, 
        51, 
        52, 
        53, 
        54, 
        55, 
        57, 
        58, 
        59, 
        60, 
        72, 
        73, 
        74, 
        75, 
        83, 
        86, 
        106, 
        115, 
        143, 
        147], 
      "name2": "R:K248", 
      "name1": "A:E318"
    }, 
    {
      "frames": [21, 
        33, 
        44], 
      "name2": "R:K76", 
      "name1": "B:D333"
    }, 
    {
      "frames": [82, 
        84, 
        85, 
        86, 
        87, 
        92, 
        94, 
        95, 
        96, 
        97, 
        98, 
        99, 
        100, 
        101, 
        102, 
        103, 
        104, 
        105, 
        106, 
        108, 
        132, 
        133], 
      "name2": "R:R159", 
      "name1": "B:D333"
    }, 
    {
      "frames": [87], 
      "name2": "R:K322", 
      "name1": "A:D262"
    }
  ], 
  "trees": [
    {
      "treeLabel": "DefaultTree", 
      "treePaths": [
        " R.R0248.R:K248", 
        " R.R0322.R:K322", 
        " A.A0318.A:E318", 
        " R.R0075.R:K75", 
        " B.B0333.B:D333", 
        " B.B0312.B:D312", 
        " R.R0159.R:R159", 
        " A.A0262.A:D262", 
        " R.R0076.R:K76"
      ]
    }
  ]
}