{
  "tracks": [
    {
      "trackProperties": [
        {
          "color": " #CC33EE", 
          "nodeName": "R:K248", 
          "size": 1.0
        }, 
        {
          "color": " #00FF00", 
          "nodeName": "A:E318", 
          "size": 1.0
        }, 
        {
          "color": " #CC33EE", 
          "nodeName": "R:K75", 
          "size": 1.0
        }, 
        {
          "color": " #CC33EE", 
          "nodeName": "R:R160", 
          "size": 1.0
        }, 
        {
          "color": " #FFEC2B", 
          "nodeName": "B:D333", 
          "size": 1.0
        }, 
        {
          "color": " #FFEC2B", 
          "nodeName": "B:D312", 
          "size": 1.0
        }, 
        {
          "color": " #00FF00", 
          "nodeName": "A:E25", 
          "size": 1.0
        }, 
        {
          "color": " #CC33EE", 
          "nodeName": "R:K76", 
          "size": 1.0
        }
      ], 
      "trackLabel": "DefaultTrack"
    }
  ], 
  "edges": [
    {
      "frames": [1, 
        2, 
        4], 
      "name2": "R:K75", 
      "name1": "B:D312"
    }, 
    {
      "frames": [7, 
        12, 
        22, 
        23, 
        26, 
        29, 
        31, 
        32, 
        34, 
        36, 
        38, 
        39, 
        40, 
        41, 
        52, 
        53, 
        54, 
        55, 
        56, 
        58, 
        60, 
        62, 
        63, 
        64, 
        65, 
        66, 
        67], 
      "name2": "R:K76", 
      "name1": "B:D333"
    }, 
    {
      "frames": [15, 
        17, 
        27, 
        32, 
        34, 
        37, 
        39, 
        40, 
        41, 
        42, 
        43, 
        44, 
        46, 
        49, 
        50, 
        51, 
        56, 
        65, 
        66, 
        68, 
        70, 
        71, 
        76, 
        78, 
        79, 
        80, 
        81, 
        82], 
      "name2": "R:K76", 
      "name1": "B:D312"
    }, 
    {
      "frames": [32, 
        41, 
        42, 
        43, 
        44, 
        45, 
        46, 
        47, 
        48, 
        49, 
        50, 
        53, 
        54, 
        55, 
        57, 
        80, 
        166, 
        176, 
        185], 
      "name2": "R:K248", 
      "name1": "A:E318"
    }, 
    {
      "frames": [103, 
        104, 
        135, 
        136, 
        140, 
        161, 
        187], 
      "name2": "R:R160", 
      "name1": "A:E25"
    }
  ], 
  "trees": [
    {
      "treeLabel": "DefaultTree", 
      "treePaths": [
        " R.R0248.R:K248", 
        " A.A0318.A:E318", 
        " R.R0075.R:K75", 
        " R.R0160.R:R160", 
        " B.B0333.B:D333", 
        " B.B0312.B:D312", 
        " A.A0025.A:E25", 
        " R.R0076.R:K76"
      ]
    }
  ]
}