{
  "tracks": [
    {
      "trackProperties": [
        {
          "color": " #CC33EE", 
          "nodeName": "R:K248", 
          "size": 1.0
        }, 
        {
          "color": " #CC33EE", 
          "nodeName": "R:R324", 
          "size": 1.0
        }, 
        {
          "color": " #CC33EE", 
          "nodeName": "R:K76", 
          "size": 1.0
        }, 
        {
          "color": " #CC33EE", 
          "nodeName": "R:K75", 
          "size": 1.0
        }, 
        {
          "color": " #CC33EE", 
          "nodeName": "R:K251", 
          "size": 1.0
        }, 
        {
          "color": " #CC33EE", 
          "nodeName": "R:R254", 
          "size": 1.0
        }, 
        {
          "color": " #CC33EE", 
          "nodeName": "R:K329", 
          "size": 1.0
        }, 
        {
          "color": " #FFEC2B", 
          "nodeName": "B:F335", 
          "size": 1.0
        }, 
        {
          "color": " #00FF00", 
          "nodeName": "A:Y354", 
          "size": 1.0
        }, 
        {
          "color": " #FFEC2B", 
          "nodeName": "B:H311", 
          "size": 1.0
        }, 
        {
          "color": " #FFEC2B", 
          "nodeName": "B:F292", 
          "size": 1.0
        }
      ], 
      "trackLabel": "DefaultTrack"
    }
  ], 
  "edges": [
    {
      "frames": [0, 
        1, 
        4, 
        8], 
      "name2": "R:K248", 
      "name1": "A:Y354"
    }, 
    {
      "frames": [7, 
        10, 
        14, 
        15, 
        16, 
        17, 
        19, 
        22, 
        26, 
        27, 
        31, 
        35, 
        36, 
        38, 
        41, 
        42, 
        43, 
        44, 
        45, 
        46, 
        47, 
        48, 
        49, 
        50, 
        51, 
        52, 
        53, 
        54, 
        55, 
        84, 
        86, 
        87, 
        89, 
        91, 
        92, 
        93, 
        94, 
        95, 
        100, 
        101, 
        102, 
        103, 
        104, 
        105, 
        106, 
        108, 
        109, 
        110, 
        111, 
        112, 
        113, 
        114, 
        115, 
        116, 
        117, 
        118, 
        119, 
        120, 
        121, 
        122, 
        123, 
        124, 
        127, 
        128, 
        129, 
        130, 
        131, 
        132, 
        133, 
        134, 
        135, 
        136, 
        138, 
        139, 
        140, 
        141, 
        142, 
        143, 
        144, 
        145, 
        146, 
        147, 
        148, 
        149, 
        150, 
        151, 
        152, 
        153, 
        155, 
        158, 
        159, 
        160, 
        161, 
        162, 
        163, 
        164, 
        165, 
        166, 
        167, 
        168, 
        170, 
        171, 
        172, 
        173, 
        174, 
        175, 
        176, 
        177, 
        178, 
        179, 
        180, 
        181, 
        182, 
        183, 
        184, 
        185, 
        187, 
        188, 
        189, 
        190, 
        191, 
        192, 
        194, 
        195, 
        196, 
        197, 
        198, 
        199], 
      "name2": "R:R324", 
      "name1": "A:Y354"
    }, 
    {
      "frames": [8, 
        9, 
        11, 
        14, 
        15, 
        16], 
      "name2": "R:R254", 
      "name1": "A:Y354"
    }, 
    {
      "frames": [8, 
        13, 
        15, 
        17, 
        37, 
        41, 
        43, 
        45, 
        46, 
        48, 
        49, 
        50, 
        51, 
        54, 
        56, 
        65, 
        66, 
        68, 
        71, 
        78, 
        79, 
        80, 
        87], 
      "name2": "R:K76", 
      "name1": "B:F335"
    }, 
    {
      "frames": [9, 
        10, 
        13, 
        17, 
        25, 
        32, 
        34], 
      "name2": "R:K251", 
      "name1": "A:Y354"
    }, 
    {
      "frames": [32, 
        70], 
      "name2": "R:K75", 
      "name1": "B:F292"
    }, 
    {
      "frames": [92], 
      "name2": "R:K75", 
      "name1": "B:H311"
    }, 
    {
      "frames": [97], 
      "name2": "R:K329", 
      "name1": "B:F292"
    }
  ], 
  "trees": [
    {
      "treeLabel": "DefaultTree", 
      "treePaths": [
        " R.R0248.R:K248", 
        " R.R0324.R:R324", 
        " R.R0076.R:K76", 
        " R.R0075.R:K75", 
        " R.R0251.R:K251", 
        " R.R0254.R:R254", 
        " R.R0329.R:K329", 
        " B.B0335.B:F335", 
        " A.A0354.A:Y354", 
        " B.B0311.B:H311", 
        " B.B0292.B:F292"
      ]
    }
  ]
}