{
  "tracks": [
    {
      "trackProperties": [
        {
          "color": " #CC33EE", 
          "nodeName": "R:K248", 
          "size": 1.0
        }, 
        {
          "color": " #CC33EE", 
          "nodeName": "R:R324", 
          "size": 1.0
        }, 
        {
          "color": " #CC33EE", 
          "nodeName": "R:K322", 
          "size": 1.0
        }, 
        {
          "color": " #00FF00", 
          "nodeName": "A:S29", 
          "size": 1.0
        }, 
        {
          "color": " #00FF00", 
          "nodeName": "A:C321", 
          "size": 1.0
        }, 
        {
          "color": " #00FF00", 
          "nodeName": "A:G352", 
          "size": 1.0
        }, 
        {
          "color": " #FFEC2B", 
          "nodeName": "B:A309", 
          "size": 1.0
        }, 
        {
          "color": " #00FF00", 
          "nodeName": "A:G350", 
          "size": 1.0
        }, 
        {
          "color": " #FFEC2B", 
          "nodeName": "B:D312", 
          "size": 1.0
        }, 
        {
          "color": " #00FF00", 
          "nodeName": "A:N194", 
          "size": 1.0
        }, 
        {
          "color": " #00FF00", 
          "nodeName": "A:K24", 
          "size": 1.0
        }, 
        {
          "color": " #00FF00", 
          "nodeName": "A:A30", 
          "size": 1.0
        }, 
        {
          "color": " #00FF00", 
          "nodeName": "A:D26", 
          "size": 1.0
        }, 
        {
          "color": " #CC33EE", 
          "nodeName": "R:I319", 
          "size": 1.0
        }, 
        {
          "color": " #CC33EE", 
          "nodeName": "R:W335", 
          "size": 1.0
        }, 
        {
          "color": " #00FF00", 
          "nodeName": "A:N346", 
          "size": 1.0
        }, 
        {
          "color": " #00FF00", 
          "nodeName": "A:D341", 
          "size": 1.0
        }, 
        {
          "color": " #FFEC2B", 
          "nodeName": "B:T50", 
          "size": 1.0
        }, 
        {
          "color": " #00FF00", 
          "nodeName": "A:E318", 
          "size": 1.0
        }, 
        {
          "color": " #FFEC2B", 
          "nodeName": "B:G310", 
          "size": 1.0
        }, 
        {
          "color": " #CC33EE", 
          "nodeName": "R:A77", 
          "size": 1.0
        }, 
        {
          "color": " #CC33EE", 
          "nodeName": "R:Y316", 
          "size": 1.0
        }, 
        {
          "color": " #00FF00", 
          "nodeName": "A:R349", 
          "size": 1.0
        }, 
        {
          "color": " #CC33EE", 
          "nodeName": "R:Q157", 
          "size": 1.0
        }, 
        {
          "color": " #CC33EE", 
          "nodeName": "R:L315", 
          "size": 1.0
        }, 
        {
          "color": " #CC33EE", 
          "nodeName": "R:R160", 
          "size": 1.0
        }, 
        {
          "color": " #FFEC2B", 
          "nodeName": "B:K337", 
          "size": 1.0
        }, 
        {
          "color": " #00FF00", 
          "nodeName": "A:V334", 
          "size": 1.0
        }, 
        {
          "color": " #CC33EE", 
          "nodeName": "R:R154", 
          "size": 1.0
        }, 
        {
          "color": " #CC33EE", 
          "nodeName": "R:K159", 
          "size": 1.0
        }, 
        {
          "color": " #00FF00", 
          "nodeName": "A:Y320", 
          "size": 1.0
        }, 
        {
          "color": " #CC33EE", 
          "nodeName": "R:Y326", 
          "size": 1.0
        }, 
        {
          "color": " #00FF00", 
          "nodeName": "A:A338", 
          "size": 1.0
        }, 
        {
          "color": " #00FF00", 
          "nodeName": "A:N316", 
          "size": 1.0
        }, 
        {
          "color": " #CC33EE", 
          "nodeName": "R:N246", 
          "size": 1.0
        }, 
        {
          "color": " #00FF00", 
          "nodeName": "A:L348", 
          "size": 1.0
        }, 
        {
          "color": " #00FF00", 
          "nodeName": "A:I28", 
          "size": 1.0
        }, 
        {
          "color": " #CC33EE", 
          "nodeName": "R:K251", 
          "size": 1.0
        }, 
        {
          "color": " #CC33EE", 
          "nodeName": "R:A146", 
          "size": 1.0
        }, 
        {
          "color": " #00FF00", 
          "nodeName": "A:C351", 
          "size": 1.0
        }, 
        {
          "color": " #FFEC2B", 
          "nodeName": "B:N293", 
          "size": 1.0
        }, 
        {
          "color": " #00FF00", 
          "nodeName": "A:K32", 
          "size": 1.0
        }, 
        {
          "color": " #00FF00", 
          "nodeName": "A:D33", 
          "size": 1.0
        }, 
        {
          "color": " #00FF00", 
          "nodeName": "A:E25", 
          "size": 1.0
        }, 
        {
          "color": " #CC33EE", 
          "nodeName": "R:T81", 
          "size": 1.0
        }, 
        {
          "color": " #CC33EE", 
          "nodeName": "R:D142", 
          "size": 1.0
        }, 
        {
          "color": " #FFEC2B", 
          "nodeName": "B:N313", 
          "size": 1.0
        }, 
        {
          "color": " #CC33EE", 
          "nodeName": "R:K76", 
          "size": 1.0
        }, 
        {
          "color": " #CC33EE", 
          "nodeName": "R:Q245", 
          "size": 1.0
        }, 
        {
          "color": " #CC33EE", 
          "nodeName": "R:F318", 
          "size": 1.0
        }, 
        {
          "color": " #CC33EE", 
          "nodeName": "R:K75", 
          "size": 1.0
        }, 
        {
          "color": " #00FF00", 
          "nodeName": "A:A345", 
          "size": 1.0
        }, 
        {
          "color": " #CC33EE", 
          "nodeName": "R:S79", 
          "size": 1.0
        }, 
        {
          "color": " #00FF00", 
          "nodeName": "A:L353", 
          "size": 1.0
        }, 
        {
          "color": " #FFEC2B", 
          "nodeName": "B:D333", 
          "size": 1.0
        }, 
        {
          "color": " #CC33EE", 
          "nodeName": "R:K152", 
          "size": 1.0
        }, 
        {
          "color": " #00FF00", 
          "nodeName": "A:P315", 
          "size": 1.0
        }, 
        {
          "color": " #00FF00", 
          "nodeName": "A:K193", 
          "size": 1.0
        }, 
        {
          "color": " #CC33EE", 
          "nodeName": "R:T151", 
          "size": 1.0
        }, 
        {
          "color": " #00FF00", 
          "nodeName": "A:K317", 
          "size": 1.0
        }, 
        {
          "color": " #CC33EE", 
          "nodeName": "R:G320", 
          "size": 1.0
        }, 
        {
          "color": " #CC33EE", 
          "nodeName": "R:R143", 
          "size": 1.0
        }, 
        {
          "color": " #00FF00", 
          "nodeName": "A:N347", 
          "size": 1.0
        }, 
        {
          "color": " #00FF00", 
          "nodeName": "A:A31", 
          "size": 1.0
        }, 
        {
          "color": " #00FF00", 
          "nodeName": "A:D337", 
          "size": 1.0
        }, 
        {
          "color": " #CC33EE", 
          "nodeName": "R:Q321", 
          "size": 1.0
        }, 
        {
          "color": " #00FF00", 
          "nodeName": "A:Y354", 
          "size": 1.0
        }, 
        {
          "color": " #CC33EE", 
          "nodeName": "R:S247", 
          "size": 1.0
        }, 
        {
          "color": " #CC33EE", 
          "nodeName": "R:M155", 
          "size": 1.0
        }, 
        {
          "color": " #CC33EE", 
          "nodeName": "R:R254", 
          "size": 1.0
        }
      ], 
      "trackLabel": "DefaultTrack"
    }
  ], 
  "edges": [
    {
      "frames": [0, 
        9, 
        11, 
        12, 
        13, 
        16, 
        17, 
        19, 
        20, 
        32, 
        34, 
        40, 
        41, 
        42, 
        44, 
        45, 
        46, 
        47, 
        48, 
        49, 
        50, 
        51, 
        53, 
        54, 
        55, 
        61, 
        62, 
        63, 
        65, 
        66, 
        67, 
        69, 
        71, 
        72, 
        74, 
        75, 
        76, 
        77, 
        79, 
        80, 
        81, 
        82, 
        83, 
        84, 
        85, 
        86, 
        87, 
        88, 
        89, 
        90, 
        91, 
        92, 
        93, 
        94, 
        95, 
        96, 
        97, 
        98, 
        99, 
        101, 
        102, 
        105, 
        107, 
        109, 
        110, 
        111, 
        112, 
        113, 
        114, 
        115, 
        116, 
        117, 
        118, 
        119, 
        120, 
        121, 
        122, 
        123, 
        124, 
        125, 
        126, 
        129, 
        131, 
        132, 
        133, 
        134, 
        136, 
        137, 
        138, 
        140, 
        141, 
        142, 
        145, 
        146, 
        147, 
        148, 
        149, 
        150, 
        151, 
        152, 
        153, 
        154, 
        156, 
        158, 
        159, 
        160, 
        161, 
        162, 
        163, 
        164, 
        165, 
        166, 
        168, 
        169, 
        170, 
        171, 
        172, 
        173, 
        174, 
        175, 
        176, 
        177, 
        178, 
        179, 
        180, 
        181, 
        183, 
        184, 
        185, 
        186, 
        187, 
        188, 
        189, 
        190, 
        192, 
        193, 
        195, 
        196, 
        197, 
        198], 
      "name2": "R:K251", 
      "name1": "A:Y354"
    }, 
    {
      "frames": [0, 
        1, 
        2, 
        4, 
        5, 
        6, 
        7, 
        8, 
        9, 
        10, 
        13, 
        14, 
        15, 
        16, 
        17, 
        18, 
        19, 
        20, 
        21, 
        23, 
        25, 
        26, 
        29, 
        35, 
        36, 
        37, 
        60, 
        61, 
        62, 
        63, 
        66, 
        67, 
        70, 
        71, 
        72, 
        73, 
        75, 
        76, 
        77, 
        79, 
        80, 
        83, 
        85, 
        86, 
        87, 
        88, 
        89, 
        90, 
        91, 
        92, 
        93, 
        95, 
        96, 
        97, 
        99, 
        100, 
        102, 
        103, 
        104, 
        105, 
        106, 
        107, 
        108, 
        109, 
        110, 
        111, 
        112, 
        113, 
        114, 
        117, 
        118, 
        119, 
        120, 
        121, 
        122, 
        123, 
        124, 
        125, 
        127, 
        128, 
        129, 
        130, 
        131, 
        132, 
        133, 
        134, 
        137, 
        138, 
        139, 
        140, 
        141, 
        142, 
        143, 
        144, 
        145, 
        146, 
        147, 
        148, 
        149, 
        150, 
        151, 
        152, 
        153, 
        155, 
        156, 
        157, 
        158, 
        159, 
        161, 
        162, 
        163, 
        167, 
        168, 
        170, 
        171, 
        172, 
        173, 
        175, 
        176, 
        177, 
        178, 
        179, 
        180, 
        183, 
        184, 
        186, 
        187, 
        189, 
        190, 
        192, 
        199], 
      "name2": "R:S247", 
      "name1": "A:E318"
    }, 
    {
      "frames": [0, 
        1, 
        2, 
        4, 
        5, 
        24, 
        25, 
        26, 
        27, 
        28, 
        30, 
        31], 
      "name2": "R:K248", 
      "name1": "A:A345"
    }, 
    {
      "frames": [0, 
        1, 
        2, 
        3, 
        4, 
        6, 
        7, 
        8, 
        9, 
        10, 
        11, 
        12, 
        13, 
        15, 
        16, 
        17, 
        18, 
        19, 
        20, 
        21, 
        22, 
        23, 
        24, 
        25, 
        26, 
        27, 
        28, 
        29, 
        30, 
        31, 
        32, 
        33, 
        34, 
        35, 
        36, 
        37, 
        38, 
        39, 
        40, 
        41, 
        42, 
        44, 
        45, 
        47, 
        48, 
        49, 
        50, 
        51, 
        52, 
        53, 
        54, 
        56, 
        73, 
        74, 
        83, 
        85, 
        86, 
        87, 
        88, 
        89, 
        90, 
        92, 
        93, 
        94, 
        95, 
        96, 
        97, 
        100, 
        101, 
        105, 
        107, 
        110, 
        111, 
        112, 
        113, 
        114, 
        116, 
        117, 
        118, 
        119, 
        120, 
        121, 
        122, 
        123, 
        125, 
        126, 
        128, 
        129, 
        133, 
        134, 
        135, 
        136, 
        139, 
        140, 
        142, 
        143, 
        144, 
        146, 
        147, 
        148, 
        149, 
        151, 
        152, 
        153, 
        155, 
        156, 
        157, 
        158, 
        160, 
        162, 
        163, 
        164, 
        165, 
        166, 
        167, 
        168, 
        169, 
        170, 
        171, 
        172, 
        173, 
        175, 
        176, 
        178, 
        179, 
        182, 
        183, 
        184, 
        185, 
        186, 
        187, 
        188, 
        189, 
        190, 
        192, 
        193, 
        194, 
        195, 
        196, 
        197, 
        198], 
      "name2": "R:Q321", 
      "name1": "A:L353"
    }, 
    {
      "frames": [0, 
        1, 
        2, 
        3, 
        4, 
        5, 
        6, 
        7, 
        8, 
        9, 
        10, 
        11, 
        12, 
        13, 
        14, 
        15, 
        16, 
        17, 
        18, 
        19, 
        20, 
        21, 
        22, 
        23, 
        24, 
        25, 
        26, 
        27, 
        28, 
        29, 
        30, 
        31, 
        45, 
        57, 
        58, 
        60, 
        62, 
        64, 
        74, 
        75, 
        77, 
        78, 
        81, 
        88, 
        137, 
        140, 
        141, 
        144, 
        148, 
        152, 
        153, 
        154, 
        159, 
        175, 
        190, 
        192], 
      "name2": "R:R143", 
      "name1": "A:G352"
    }, 
    {
      "frames": [0, 
        1, 
        2, 
        12, 
        16, 
        18, 
        23, 
        26, 
        27, 
        37, 
        38, 
        40, 
        41, 
        42, 
        43, 
        44, 
        45, 
        46, 
        47, 
        48, 
        50, 
        52, 
        53, 
        54, 
        57, 
        58, 
        62, 
        63, 
        64, 
        66, 
        67, 
        68, 
        72, 
        77, 
        79, 
        80, 
        81, 
        83, 
        85, 
        86, 
        87, 
        88, 
        89, 
        90, 
        93, 
        94, 
        95, 
        96, 
        97, 
        98, 
        99, 
        100, 
        101, 
        102, 
        103, 
        107, 
        109, 
        110, 
        112, 
        113, 
        114, 
        128, 
        138, 
        139, 
        140, 
        145, 
        147, 
        148, 
        149, 
        150, 
        151, 
        152, 
        153, 
        154, 
        157, 
        159, 
        167, 
        168, 
        169, 
        171, 
        172, 
        173, 
        175, 
        176, 
        178, 
        179, 
        184, 
        185, 
        186, 
        190, 
        192, 
        193, 
        195, 
        196, 
        197, 
        199], 
      "name2": "R:K159", 
      "name1": "A:N347"
    }, 
    {
      "frames": [0, 
        1, 
        2, 
        3, 
        4, 
        5, 
        17, 
        20, 
        22, 
        23, 
        24, 
        25, 
        26, 
        27, 
        28, 
        29, 
        30, 
        31, 
        32, 
        33, 
        34, 
        35, 
        36, 
        37, 
        38, 
        39, 
        54, 
        73, 
        74, 
        89, 
        185], 
      "name2": "R:Q321", 
      "name1": "A:Y354"
    }, 
    {
      "frames": [0, 
        11, 
        28, 
        32, 
        36, 
        40, 
        42, 
        57, 
        58, 
        68, 
        71, 
        73, 
        74, 
        82, 
        94, 
        99, 
        150, 
        161, 
        177, 
        179, 
        182, 
        185], 
      "name2": "R:N246", 
      "name1": "A:E318"
    }, 
    {
      "frames": [0, 
        1, 
        2, 
        3, 
        5, 
        6, 
        7, 
        8, 
        9, 
        10, 
        11, 
        13, 
        14, 
        15, 
        16, 
        17, 
        18, 
        19, 
        20, 
        21, 
        22, 
        23, 
        24, 
        25, 
        26, 
        27, 
        28, 
        29, 
        30, 
        31, 
        32, 
        33, 
        34, 
        35, 
        36, 
        37, 
        38, 
        39, 
        40, 
        41, 
        42, 
        43, 
        44, 
        45, 
        47, 
        48, 
        49, 
        50, 
        51, 
        52, 
        53, 
        54, 
        55, 
        56, 
        57, 
        58, 
        59, 
        60, 
        61, 
        62, 
        63, 
        64, 
        65, 
        66, 
        67, 
        68, 
        69, 
        70, 
        71, 
        72, 
        73, 
        74, 
        75, 
        77, 
        78, 
        81, 
        83, 
        84, 
        85, 
        86, 
        87, 
        88, 
        89, 
        90, 
        91, 
        92, 
        93, 
        94, 
        95, 
        96, 
        97, 
        98, 
        102, 
        103, 
        104, 
        105, 
        107, 
        108, 
        109, 
        110, 
        111, 
        119, 
        120, 
        121, 
        122, 
        125, 
        126, 
        127, 
        129, 
        130, 
        132, 
        133, 
        135, 
        136, 
        137, 
        139, 
        140, 
        142, 
        143, 
        144, 
        145, 
        148, 
        154, 
        156, 
        157, 
        158, 
        160, 
        161, 
        162, 
        165, 
        169, 
        170, 
        171, 
        172, 
        184, 
        189, 
        190, 
        191, 
        192, 
        197, 
        198, 
        199], 
      "name2": "R:R154", 
      "name1": "A:A31"
    }, 
    {
      "frames": [1, 
        12, 
        13], 
      "name2": "R:T81", 
      "name1": "A:G352"
    }, 
    {
      "frames": [1, 
        3, 
        4, 
        6, 
        7, 
        8, 
        10, 
        11, 
        12, 
        14, 
        16, 
        17, 
        18, 
        19, 
        20, 
        21, 
        24, 
        26, 
        27, 
        31], 
      "name2": "R:A146", 
      "name1": "A:N347"
    }, 
    {
      "frames": [1, 
        2, 
        4], 
      "name2": "R:K75", 
      "name1": "B:D312"
    }, 
    {
      "frames": [1, 
        44, 
        89, 
        93], 
      "name2": "R:R154", 
      "name1": "A:D33"
    }, 
    {
      "frames": [1, 
        2, 
        3, 
        5, 
        19, 
        21, 
        22, 
        24, 
        25, 
        28, 
        29, 
        32, 
        33, 
        34, 
        35, 
        36, 
        37, 
        38, 
        39, 
        40, 
        41, 
        42, 
        43, 
        44, 
        45, 
        46, 
        47, 
        48, 
        49, 
        50, 
        51, 
        52, 
        53, 
        54, 
        74, 
        89, 
        90, 
        91, 
        92, 
        93, 
        94, 
        95, 
        96, 
        97, 
        98, 
        99, 
        100, 
        101, 
        102, 
        103, 
        104], 
      "name2": "R:K322", 
      "name1": "A:R349"
    }, 
    {
      "frames": [1, 
        13, 
        38, 
        39, 
        40, 
        41, 
        42, 
        43, 
        44, 
        51, 
        58, 
        63, 
        76, 
        77, 
        79, 
        80, 
        81, 
        82, 
        83, 
        84, 
        85, 
        86, 
        87, 
        88, 
        89, 
        90, 
        91, 
        92, 
        93, 
        94, 
        95, 
        96, 
        97, 
        98, 
        99, 
        100, 
        101, 
        102, 
        103, 
        104, 
        105, 
        106, 
        107, 
        108, 
        109, 
        110, 
        111, 
        112, 
        113, 
        114, 
        115, 
        116, 
        117, 
        118, 
        119, 
        120, 
        121, 
        122, 
        123, 
        124, 
        125, 
        126, 
        127, 
        128, 
        129, 
        130, 
        131, 
        132, 
        133, 
        134, 
        135, 
        136, 
        137, 
        138, 
        139, 
        140, 
        142, 
        143, 
        144, 
        145, 
        146, 
        147, 
        148, 
        149, 
        150, 
        151, 
        152, 
        153, 
        154, 
        155, 
        156, 
        157, 
        158, 
        159, 
        160, 
        161, 
        162, 
        163, 
        164, 
        165, 
        166, 
        167, 
        168, 
        169, 
        170, 
        171, 
        172, 
        173, 
        174, 
        175, 
        176, 
        177, 
        178, 
        179, 
        180, 
        181, 
        182, 
        183, 
        184, 
        185, 
        186, 
        187, 
        188, 
        189, 
        190, 
        191, 
        192, 
        194, 
        198, 
        199], 
      "name2": "R:Q245", 
      "name1": "A:Y320"
    }, 
    {
      "frames": [1, 
        3, 
        4, 
        5, 
        6, 
        7, 
        8, 
        9, 
        10, 
        11, 
        16, 
        18, 
        19, 
        22, 
        23, 
        24, 
        25, 
        26, 
        27, 
        28, 
        29, 
        30, 
        31, 
        32, 
        34, 
        35, 
        41, 
        53, 
        58, 
        60, 
        61, 
        62, 
        63, 
        64, 
        65, 
        66, 
        67, 
        68, 
        69, 
        70, 
        71, 
        72, 
        73, 
        74, 
        75, 
        76, 
        77, 
        78, 
        81, 
        91, 
        97, 
        99, 
        100, 
        101], 
      "name2": "R:S79", 
      "name1": "A:G350"
    }, 
    {
      "frames": [2, 
        4, 
        16, 
        17, 
        19, 
        20, 
        22, 
        23, 
        24, 
        25, 
        26, 
        27, 
        28, 
        29, 
        30, 
        31, 
        32, 
        33, 
        34, 
        35, 
        36, 
        37, 
        38, 
        39, 
        40, 
        41, 
        42, 
        43, 
        58, 
        67, 
        69, 
        91, 
        95, 
        96, 
        100, 
        108, 
        113, 
        118, 
        125, 
        157, 
        171, 
        173], 
      "name2": "R:N246", 
      "name1": "A:D341"
    }, 
    {
      "frames": [4, 
        12, 
        16, 
        17, 
        19, 
        22, 
        25, 
        27, 
        29, 
        30, 
        33, 
        34, 
        35, 
        43, 
        45, 
        48, 
        110, 
        135, 
        157, 
        158, 
        159, 
        163, 
        164], 
      "name2": "R:R154", 
      "name1": "A:K32"
    }, 
    {
      "frames": [5, 
        6, 
        11, 
        45, 
        47, 
        49, 
        53, 
        56, 
        58, 
        59, 
        60, 
        61, 
        62, 
        63, 
        64, 
        65, 
        75, 
        76, 
        77, 
        79, 
        80, 
        81, 
        82, 
        83, 
        84, 
        85, 
        87, 
        89, 
        91, 
        93, 
        94, 
        96, 
        97, 
        98, 
        99, 
        103, 
        107, 
        109, 
        110, 
        111, 
        112, 
        114, 
        117, 
        119, 
        120, 
        123, 
        128, 
        129, 
        130, 
        131, 
        132, 
        133, 
        134, 
        135, 
        136, 
        139, 
        142, 
        146, 
        147, 
        149, 
        150, 
        151, 
        153, 
        154, 
        155, 
        156, 
        158, 
        159, 
        160, 
        161, 
        162, 
        163, 
        164, 
        165, 
        166, 
        167, 
        170, 
        171, 
        174, 
        175, 
        176, 
        180, 
        181, 
        182, 
        183, 
        184, 
        186, 
        187, 
        188, 
        189, 
        190, 
        191, 
        192, 
        193, 
        194, 
        195, 
        196, 
        198, 
        199], 
      "name2": "R:Q245", 
      "name1": "A:D341"
    }, 
    {
      "frames": [5, 
        7, 
        8, 
        9, 
        10, 
        11, 
        13, 
        14, 
        15, 
        16, 
        17, 
        18, 
        19, 
        22, 
        23, 
        24, 
        25, 
        26, 
        27, 
        28, 
        29, 
        30, 
        31, 
        33, 
        34, 
        35, 
        36, 
        37, 
        38, 
        39], 
      "name2": "R:M155", 
      "name1": "A:K32"
    }, 
    {
      "frames": [6, 
        7, 
        8, 
        9, 
        10, 
        11, 
        12, 
        13, 
        14, 
        16, 
        17, 
        20, 
        21, 
        23, 
        34, 
        60, 
        61, 
        62, 
        63, 
        64, 
        65, 
        66, 
        67, 
        69, 
        70, 
        71, 
        72, 
        73, 
        74, 
        75, 
        76, 
        77, 
        78, 
        79, 
        80, 
        82, 
        84, 
        85, 
        86, 
        87, 
        88, 
        89, 
        90, 
        91, 
        92, 
        94, 
        95, 
        96, 
        97, 
        98, 
        99, 
        100, 
        101, 
        102, 
        103, 
        104, 
        105, 
        106, 
        107, 
        108, 
        109, 
        110, 
        111, 
        112, 
        113, 
        114, 
        115, 
        116, 
        117, 
        118, 
        119, 
        120, 
        121, 
        122, 
        123, 
        124, 
        125, 
        127, 
        128, 
        129, 
        130, 
        131, 
        132, 
        133, 
        135, 
        136, 
        137, 
        138, 
        139, 
        140, 
        141, 
        142, 
        143, 
        144, 
        146, 
        147, 
        148, 
        149, 
        150, 
        151, 
        152, 
        153, 
        154, 
        155, 
        156, 
        157, 
        158, 
        159, 
        160, 
        161, 
        162, 
        163, 
        164, 
        165, 
        166, 
        167, 
        168, 
        169, 
        170, 
        171, 
        172, 
        173, 
        174, 
        175, 
        176, 
        177, 
        178, 
        179, 
        180, 
        181, 
        182, 
        183, 
        184, 
        185], 
      "name2": "R:K248", 
      "name1": "A:P315"
    }, 
    {
      "frames": [6, 
        8, 
        14, 
        15], 
      "name2": "R:Q245", 
      "name1": "A:C321"
    }, 
    {
      "frames": [6], 
      "name2": "R:K248", 
      "name1": "A:K317"
    }, 
    {
      "frames": [6, 
        14, 
        15, 
        20, 
        23, 
        24, 
        26, 
        36, 
        41, 
        42, 
        43, 
        45, 
        46, 
        47, 
        48, 
        49, 
        50, 
        51, 
        52, 
        53, 
        55, 
        57, 
        58, 
        59, 
        60, 
        61, 
        62, 
        63, 
        64, 
        65, 
        66, 
        68, 
        69, 
        70, 
        72, 
        74, 
        75, 
        76, 
        77, 
        78, 
        79, 
        80, 
        81, 
        82, 
        83, 
        84, 
        86, 
        91, 
        92, 
        93, 
        94, 
        95, 
        96, 
        97, 
        98, 
        100, 
        101, 
        102, 
        103, 
        104, 
        105, 
        106, 
        108, 
        109, 
        110, 
        112, 
        113, 
        114, 
        115, 
        116, 
        117, 
        118, 
        119, 
        120, 
        121, 
        122, 
        123, 
        124, 
        125, 
        127, 
        128, 
        129, 
        130, 
        131, 
        133, 
        134, 
        135, 
        136, 
        137, 
        138, 
        139, 
        140, 
        141, 
        142, 
        145, 
        146, 
        147, 
        148, 
        149, 
        150, 
        151, 
        152, 
        153, 
        155, 
        158, 
        159, 
        160, 
        161, 
        162, 
        163, 
        165, 
        166, 
        167, 
        168, 
        169, 
        170, 
        171, 
        172, 
        173, 
        174, 
        175, 
        176, 
        177, 
        178, 
        179, 
        180, 
        181, 
        182, 
        183, 
        184, 
        185, 
        187, 
        188, 
        189, 
        190, 
        191, 
        192, 
        193, 
        194, 
        195, 
        196, 
        197, 
        198, 
        199], 
      "name2": "R:R324", 
      "name1": "A:Y354"
    }, 
    {
      "frames": [7, 
        20, 
        28, 
        29, 
        30, 
        31, 
        32, 
        33, 
        54, 
        55, 
        56, 
        60, 
        61, 
        62, 
        63, 
        64, 
        66, 
        67], 
      "name2": "R:K76", 
      "name1": "B:N313"
    }, 
    {
      "frames": [9], 
      "name2": "R:R254", 
      "name1": "A:Y354"
    }, 
    {
      "frames": [9, 
        10, 
        11, 
        13, 
        14, 
        15, 
        16, 
        17, 
        18], 
      "name2": "R:Q321", 
      "name1": "A:L348"
    }, 
    {
      "frames": [9, 
        10, 
        11, 
        21, 
        30, 
        32, 
        33, 
        34], 
      "name2": "R:Y316", 
      "name1": "A:G352"
    }, 
    {
      "frames": [12, 
        22, 
        23, 
        26, 
        29, 
        31, 
        32, 
        34, 
        36, 
        38, 
        39, 
        40, 
        41, 
        55, 
        56, 
        58, 
        60, 
        62, 
        63, 
        64, 
        65, 
        66, 
        67], 
      "name2": "R:K76", 
      "name1": "B:D333"
    }, 
    {
      "frames": [14, 
        17], 
      "name2": "R:K322", 
      "name1": "A:C351"
    }, 
    {
      "frames": [15, 
        17, 
        41, 
        42, 
        43, 
        44, 
        45, 
        46, 
        47, 
        48, 
        49, 
        50, 
        53, 
        54, 
        55, 
        80], 
      "name2": "R:K248", 
      "name1": "A:E318"
    }, 
    {
      "frames": [15, 
        18, 
        19, 
        21, 
        22, 
        23, 
        25, 
        26, 
        37, 
        38, 
        39, 
        40, 
        41, 
        43, 
        44, 
        46, 
        49, 
        50, 
        51, 
        56, 
        65, 
        66, 
        68, 
        70, 
        71, 
        76, 
        78, 
        80, 
        81, 
        83, 
        101, 
        179, 
        180, 
        182, 
        186, 
        190, 
        199], 
      "name2": "R:K76", 
      "name1": "B:D312"
    }, 
    {
      "frames": [15, 
        17, 
        190], 
      "name2": "R:Q321", 
      "name1": "A:C351"
    }, 
    {
      "frames": [20], 
      "name2": "R:Q245", 
      "name1": "A:A338"
    }, 
    {
      "frames": [20, 
        22, 
        24], 
      "name2": "R:Q245", 
      "name1": "A:V334"
    }, 
    {
      "frames": [23, 
        25, 
        27, 
        54, 
        56, 
        81, 
        145, 
        187], 
      "name2": "R:K248", 
      "name1": "A:R349"
    }, 
    {
      "frames": [25, 
        32, 
        34, 
        36, 
        37, 
        38, 
        39, 
        40, 
        41, 
        42, 
        46, 
        51, 
        52, 
        83, 
        84, 
        87, 
        88, 
        89, 
        96, 
        102, 
        121, 
        122, 
        124, 
        125, 
        126, 
        127, 
        129, 
        131, 
        132, 
        133, 
        134, 
        135, 
        136, 
        137, 
        138, 
        139, 
        140, 
        141, 
        142, 
        143, 
        145, 
        146, 
        147, 
        148, 
        149, 
        150, 
        151, 
        152, 
        153, 
        155, 
        156, 
        159, 
        160, 
        161, 
        162, 
        163, 
        165, 
        166, 
        170, 
        173, 
        181, 
        183, 
        184, 
        185, 
        187, 
        190, 
        192, 
        193, 
        194, 
        198, 
        199], 
      "name2": "R:Q245", 
      "name1": "A:D337"
    }, 
    {
      "frames": [31, 
        32, 
        33, 
        34, 
        35, 
        36, 
        37, 
        38, 
        39, 
        40, 
        41, 
        42, 
        43, 
        44, 
        46, 
        47, 
        48, 
        49, 
        50, 
        51, 
        52, 
        53, 
        54, 
        55, 
        56, 
        57, 
        59, 
        61, 
        63, 
        65, 
        66, 
        67, 
        68, 
        69, 
        70, 
        71, 
        72, 
        73, 
        76, 
        79, 
        80, 
        82, 
        83, 
        84, 
        85, 
        86, 
        87, 
        88, 
        89, 
        90, 
        91, 
        92, 
        93, 
        94, 
        95, 
        96, 
        97, 
        98, 
        99, 
        100, 
        101, 
        102, 
        103, 
        104, 
        105, 
        106, 
        107, 
        108, 
        109, 
        110, 
        111, 
        112, 
        113, 
        114, 
        115, 
        116, 
        117, 
        118, 
        119, 
        120, 
        121, 
        122, 
        123, 
        124, 
        125, 
        126, 
        127, 
        128, 
        129, 
        130, 
        131, 
        132, 
        133, 
        134, 
        135, 
        136, 
        137, 
        138, 
        139, 
        140, 
        142, 
        143, 
        145, 
        146, 
        147, 
        149, 
        150, 
        151, 
        155, 
        156, 
        157, 
        158, 
        160, 
        161, 
        162, 
        163, 
        164, 
        165, 
        166, 
        167, 
        168, 
        169, 
        170, 
        171, 
        172, 
        173, 
        174, 
        175, 
        176, 
        177, 
        178, 
        179, 
        180, 
        181, 
        182, 
        183, 
        184, 
        185, 
        186, 
        187, 
        188, 
        189, 
        191, 
        192, 
        193, 
        194, 
        195, 
        196, 
        197, 
        198, 
        199], 
      "name2": "R:R143", 
      "name1": "A:C351"
    }, 
    {
      "frames": [32, 
        34, 
        35], 
      "name2": "R:T81", 
      "name1": "A:C351"
    }, 
    {
      "frames": [32, 
        42, 
        69, 
        94, 
        98, 
        99, 
        113, 
        120, 
        153, 
        195, 
        196], 
      "name2": "R:K152", 
      "name1": "A:N194"
    }, 
    {
      "frames": [33, 
        34, 
        40, 
        48, 
        50, 
        52, 
        72, 
        82, 
        83, 
        86, 
        88, 
        118, 
        121, 
        139, 
        156], 
      "name2": "R:T151", 
      "name1": "A:K193"
    }, 
    {
      "frames": [35, 
        38, 
        45, 
        55, 
        56, 
        57, 
        59, 
        61, 
        62, 
        63, 
        64, 
        65, 
        66, 
        67, 
        68, 
        69, 
        70, 
        71, 
        72, 
        73, 
        74, 
        75, 
        76, 
        77, 
        78, 
        79, 
        80, 
        81, 
        82, 
        83, 
        84, 
        85, 
        86, 
        87, 
        98, 
        102, 
        104, 
        108, 
        109, 
        110, 
        111, 
        112, 
        113, 
        114, 
        115, 
        118, 
        119, 
        120, 
        121, 
        122, 
        123, 
        124, 
        125, 
        126, 
        127, 
        128, 
        129, 
        130, 
        131, 
        132, 
        134, 
        135, 
        136, 
        137, 
        138, 
        139, 
        140, 
        141, 
        142, 
        143, 
        144, 
        145, 
        146, 
        147, 
        148, 
        149, 
        150, 
        151, 
        152, 
        153, 
        154, 
        155, 
        156, 
        157, 
        158, 
        159, 
        160, 
        161, 
        162, 
        163, 
        164, 
        166, 
        167, 
        168, 
        169, 
        170, 
        171, 
        172, 
        173, 
        174, 
        175, 
        176, 
        177, 
        178, 
        179, 
        180, 
        181, 
        184, 
        187, 
        188, 
        189, 
        190, 
        192, 
        193, 
        194, 
        195, 
        196, 
        197, 
        198, 
        199], 
      "name2": "R:Q321", 
      "name1": "A:R349"
    }, 
    {
      "frames": [36, 
        37, 
        43, 
        45, 
        46, 
        47, 
        49, 
        50, 
        52, 
        103], 
      "name2": "R:K322", 
      "name1": "A:N346"
    }, 
    {
      "frames": [37, 
        95], 
      "name2": "R:T81", 
      "name1": "A:G350"
    }, 
    {
      "frames": [40, 
        42, 
        48, 
        56, 
        57, 
        71, 
        73, 
        177], 
      "name2": "R:N246", 
      "name1": "A:Y320"
    }, 
    {
      "frames": [41, 
        42, 
        45, 
        47, 
        48, 
        49, 
        50, 
        51, 
        52, 
        54, 
        56, 
        58, 
        59, 
        60, 
        61, 
        62, 
        64, 
        65, 
        66, 
        67, 
        68, 
        69, 
        70, 
        71, 
        72, 
        73, 
        74, 
        75, 
        76, 
        78, 
        79, 
        81, 
        82, 
        83, 
        84, 
        85, 
        86, 
        87, 
        88, 
        89, 
        90, 
        91, 
        92, 
        93, 
        94, 
        95, 
        96, 
        97, 
        98, 
        99, 
        101, 
        102, 
        104, 
        105, 
        106, 
        107, 
        109, 
        110, 
        111, 
        112, 
        113, 
        114, 
        115, 
        116, 
        117, 
        118, 
        119, 
        120, 
        122, 
        123, 
        125, 
        126, 
        127, 
        128, 
        129, 
        130, 
        131, 
        132, 
        133, 
        134, 
        135, 
        136, 
        138, 
        139, 
        140, 
        141, 
        143, 
        144, 
        146, 
        148, 
        149, 
        150, 
        152, 
        153, 
        155, 
        156, 
        157, 
        159, 
        160, 
        162, 
        163, 
        166, 
        167, 
        169, 
        170, 
        171, 
        172, 
        175, 
        176, 
        177, 
        182, 
        183, 
        184, 
        186, 
        189, 
        192, 
        194], 
      "name2": "R:T151", 
      "name1": "A:N194"
    }, 
    {
      "frames": [47, 
        52], 
      "name2": "R:Y316", 
      "name1": "A:C351"
    }, 
    {
      "frames": [49, 
        50], 
      "name2": "R:I319", 
      "name1": "A:G352"
    }, 
    {
      "frames": [51, 
        52, 
        53, 
        54, 
        58, 
        59, 
        60, 
        61, 
        62, 
        63, 
        64, 
        65, 
        66, 
        67, 
        68, 
        69, 
        70, 
        71, 
        73, 
        74, 
        75, 
        76, 
        77, 
        78, 
        79, 
        80, 
        81, 
        119, 
        120, 
        121, 
        122, 
        123, 
        124, 
        125, 
        126, 
        127, 
        128, 
        129, 
        130, 
        131, 
        132, 
        133, 
        134, 
        135, 
        136, 
        137, 
        138, 
        139, 
        140, 
        141, 
        142, 
        143, 
        144, 
        145, 
        147, 
        148, 
        149, 
        150, 
        151, 
        152, 
        153, 
        154, 
        155, 
        156, 
        157, 
        158, 
        159, 
        161, 
        162, 
        163, 
        164, 
        165, 
        166, 
        167, 
        168, 
        169, 
        170, 
        171, 
        172, 
        173, 
        176, 
        177, 
        178, 
        179, 
        180, 
        181, 
        182, 
        183, 
        184, 
        186, 
        187, 
        188, 
        189, 
        190, 
        191, 
        192, 
        193, 
        194, 
        195, 
        196, 
        197, 
        198, 
        199], 
      "name2": "R:D142", 
      "name1": "A:N347"
    }, 
    {
      "frames": [55, 
        56, 
        83, 
        84, 
        85, 
        86, 
        87, 
        88, 
        107, 
        108, 
        109, 
        110, 
        112, 
        113, 
        114, 
        115, 
        116, 
        117, 
        118, 
        119, 
        120, 
        121, 
        123, 
        124, 
        125, 
        126, 
        128, 
        130, 
        133, 
        134, 
        135, 
        136, 
        137, 
        138, 
        139, 
        141, 
        142, 
        143, 
        144, 
        145, 
        146, 
        147, 
        148, 
        149, 
        150, 
        151, 
        152, 
        153, 
        154, 
        155, 
        156, 
        158, 
        160, 
        161, 
        162, 
        163, 
        164, 
        165, 
        166, 
        167, 
        168, 
        169, 
        170, 
        171, 
        172, 
        173, 
        174, 
        175, 
        176, 
        177, 
        178, 
        179, 
        180, 
        181, 
        182, 
        183, 
        184, 
        185, 
        186, 
        187, 
        188, 
        189, 
        190, 
        191, 
        192, 
        193, 
        194, 
        195, 
        196, 
        197, 
        198, 
        199], 
      "name2": "R:K322", 
      "name1": "A:G350"
    }, 
    {
      "frames": [55, 
        109, 
        111, 
        116, 
        123, 
        130], 
      "name2": "R:F318", 
      "name1": "A:Y354"
    }, 
    {
      "frames": [57, 
        58, 
        59, 
        60, 
        61, 
        62, 
        63, 
        64, 
        65, 
        66, 
        67, 
        68, 
        69, 
        70, 
        71, 
        72, 
        73, 
        74, 
        75, 
        76, 
        77, 
        78, 
        79, 
        80, 
        81, 
        91, 
        93, 
        96, 
        97, 
        98, 
        100, 
        101, 
        102, 
        103, 
        104, 
        106], 
      "name2": "R:G320", 
      "name1": "A:L353"
    }, 
    {
      "frames": [57], 
      "name2": "R:R154", 
      "name1": "A:A30"
    }, 
    {
      "frames": [58, 
        59, 
        92, 
        93, 
        95, 
        98, 
        100, 
        101, 
        102, 
        103, 
        104, 
        105, 
        106, 
        107, 
        108, 
        109, 
        110, 
        111, 
        112, 
        116, 
        117, 
        118, 
        119, 
        120, 
        121, 
        122, 
        123, 
        124, 
        126, 
        129, 
        130, 
        131, 
        132, 
        133, 
        134, 
        135, 
        138, 
        156, 
        157, 
        158, 
        159, 
        161, 
        162, 
        163, 
        168, 
        169, 
        170, 
        171, 
        172, 
        173, 
        174, 
        175, 
        176, 
        177, 
        178, 
        179, 
        180, 
        181, 
        182, 
        183, 
        184, 
        185, 
        186, 
        188, 
        189, 
        190, 
        191, 
        192, 
        193, 
        194, 
        195, 
        196, 
        197, 
        198, 
        199], 
      "name2": "R:Q157", 
      "name1": "A:S29"
    }, 
    {
      "frames": [59, 
        60, 
        61, 
        62, 
        63, 
        64, 
        65, 
        66, 
        67, 
        68, 
        69, 
        70, 
        71, 
        72, 
        73, 
        75, 
        76, 
        77, 
        78], 
      "name2": "R:L315", 
      "name1": "A:Y354"
    }, 
    {
      "frames": [62, 
        103, 
        105, 
        109, 
        136, 
        139, 
        141, 
        144, 
        145, 
        146, 
        148, 
        149, 
        150, 
        151, 
        152, 
        153, 
        154, 
        156, 
        157, 
        159, 
        160, 
        161, 
        162, 
        163, 
        164, 
        165], 
      "name2": "R:Q157", 
      "name1": "A:E25"
    }, 
    {
      "frames": [82, 
        83, 
        84, 
        85, 
        86, 
        105], 
      "name2": "R:K76", 
      "name1": "B:G310"
    }, 
    {
      "frames": [90, 
        92, 
        100, 
        101, 
        102, 
        199], 
      "name2": "R:K75", 
      "name1": "B:A309"
    }, 
    {
      "frames": [90, 
        91, 
        92, 
        93, 
        94, 
        96, 
        97, 
        98, 
        99, 
        100, 
        101, 
        179, 
        180, 
        190], 
      "name2": "R:K75", 
      "name1": "B:G310"
    }, 
    {
      "frames": [91, 
        96, 
        97, 
        98, 
        99, 
        198, 
        199], 
      "name2": "R:Y326", 
      "name1": "B:N313"
    }, 
    {
      "frames": [96, 
        97, 
        99, 
        100, 
        101, 
        102, 
        103, 
        104, 
        105, 
        106, 
        108, 
        109, 
        110, 
        111, 
        112, 
        113, 
        114, 
        117, 
        118, 
        119, 
        120, 
        121, 
        122, 
        123, 
        124, 
        125, 
        126, 
        127, 
        128, 
        129, 
        130, 
        131, 
        132, 
        133, 
        134, 
        135, 
        140, 
        141, 
        142, 
        143, 
        145, 
        146, 
        147, 
        148, 
        149, 
        150, 
        151, 
        152, 
        153, 
        154, 
        155, 
        156, 
        157, 
        158, 
        159, 
        161, 
        162, 
        163, 
        164, 
        165, 
        166, 
        167, 
        168, 
        169, 
        170, 
        171, 
        172, 
        174, 
        175, 
        176, 
        177, 
        179, 
        191, 
        192, 
        194, 
        195, 
        196, 
        197, 
        198, 
        199], 
      "name2": "R:R154", 
      "name1": "A:S29"
    }, 
    {
      "frames": [99, 
        100, 
        101, 
        102, 
        137, 
        138, 
        146, 
        173, 
        180, 
        181, 
        182, 
        183, 
        184, 
        185, 
        186, 
        187, 
        188, 
        189, 
        190, 
        193], 
      "name2": "R:R154", 
      "name1": "A:I28"
    }, 
    {
      "frames": [101, 
        156, 
        179, 
        180, 
        182, 
        183, 
        186, 
        188, 
        190, 
        191, 
        196, 
        199], 
      "name2": "R:A77", 
      "name1": "B:D312"
    }, 
    {
      "frames": [103, 
        104, 
        105, 
        106, 
        107, 
        108, 
        117, 
        123, 
        127, 
        128, 
        131, 
        134, 
        137, 
        138, 
        139, 
        140, 
        142, 
        143, 
        149, 
        152, 
        158, 
        159, 
        161, 
        164, 
        166, 
        172, 
        174, 
        177, 
        181, 
        183, 
        184, 
        185], 
      "name2": "R:R160", 
      "name1": "A:S29"
    }, 
    {
      "frames": [103, 
        110, 
        111, 
        112, 
        113, 
        114, 
        115, 
        116, 
        117, 
        118, 
        119, 
        120, 
        121, 
        122, 
        123, 
        125, 
        126, 
        128, 
        129, 
        130, 
        131, 
        132, 
        133, 
        135, 
        136, 
        143, 
        145, 
        148, 
        149, 
        151, 
        153, 
        155, 
        158, 
        159, 
        161, 
        166, 
        168, 
        169, 
        170, 
        171, 
        172, 
        173, 
        174, 
        175, 
        176, 
        177, 
        178, 
        179, 
        180, 
        181, 
        182, 
        183, 
        184, 
        185, 
        186, 
        187, 
        188, 
        189, 
        191, 
        192, 
        193, 
        197, 
        198], 
      "name2": "R:R160", 
      "name1": "A:E25"
    }, 
    {
      "frames": [104, 
        105, 
        107, 
        109, 
        110, 
        111, 
        112, 
        113, 
        114, 
        115, 
        116, 
        117, 
        118, 
        119, 
        120, 
        121, 
        122, 
        123, 
        124, 
        125, 
        126, 
        127, 
        128, 
        129, 
        130, 
        131, 
        132, 
        133, 
        134, 
        135, 
        136, 
        137, 
        138, 
        139, 
        140, 
        141, 
        142, 
        143, 
        144, 
        145, 
        147, 
        149, 
        150, 
        151, 
        152, 
        154, 
        156, 
        157, 
        158, 
        159, 
        160, 
        161, 
        162, 
        164, 
        165, 
        166, 
        168, 
        169, 
        170, 
        171, 
        172, 
        173, 
        174, 
        175, 
        176, 
        178, 
        180, 
        181, 
        183, 
        184, 
        185, 
        188, 
        190, 
        192, 
        193, 
        194, 
        195], 
      "name2": "R:W335", 
      "name1": "B:A309"
    }, 
    {
      "frames": [106, 
        108, 
        124, 
        131, 
        132, 
        134, 
        138, 
        150, 
        157, 
        159, 
        180], 
      "name2": "R:Q321", 
      "name1": "A:G350"
    }, 
    {
      "frames": [108, 
        115, 
        117, 
        120, 
        121, 
        122, 
        124, 
        125, 
        126, 
        127, 
        129, 
        134, 
        135, 
        137, 
        138, 
        139, 
        140, 
        141, 
        146, 
        147, 
        150, 
        156, 
        157, 
        165, 
        166, 
        191, 
        197], 
      "name2": "R:K76", 
      "name1": "B:T50"
    }, 
    {
      "frames": [109, 
        110, 
        111, 
        112, 
        113, 
        116, 
        117, 
        118, 
        119, 
        120, 
        121, 
        122, 
        124, 
        125, 
        126, 
        127, 
        128, 
        130, 
        131, 
        133, 
        134, 
        135, 
        136, 
        138, 
        139, 
        140, 
        141, 
        142, 
        143, 
        144, 
        145, 
        146, 
        147, 
        148, 
        149, 
        150, 
        151, 
        152, 
        153, 
        154, 
        155, 
        156, 
        157, 
        158, 
        159, 
        160, 
        161, 
        162, 
        163, 
        164, 
        165, 
        166, 
        167, 
        168, 
        169, 
        170, 
        174, 
        175, 
        176, 
        177, 
        178, 
        179, 
        180, 
        186, 
        187, 
        188, 
        190, 
        191, 
        193, 
        195, 
        196, 
        197, 
        198, 
        199], 
      "name2": "R:R160", 
      "name1": "A:K24"
    }, 
    {
      "frames": [122, 
        132, 
        143, 
        155, 
        158, 
        159, 
        167], 
      "name2": "R:Q157", 
      "name1": "A:D26"
    }, 
    {
      "frames": [138, 
        156, 
        159, 
        189, 
        190, 
        192], 
      "name2": "R:N246", 
      "name1": "A:R349"
    }, 
    {
      "frames": [148], 
      "name2": "R:K159", 
      "name1": "A:N346"
    }, 
    {
      "frames": [185], 
      "name2": "R:K76", 
      "name1": "B:K337"
    }, 
    {
      "frames": [188, 
        189, 
        190, 
        191, 
        192, 
        193, 
        194, 
        195, 
        196, 
        197], 
      "name2": "R:S247", 
      "name1": "A:P315"
    }, 
    {
      "frames": [191, 
        199], 
      "name2": "R:R324", 
      "name1": "A:L353"
    }, 
    {
      "frames": [191], 
      "name2": "R:K248", 
      "name1": "A:N316"
    }, 
    {
      "frames": [198, 
        199], 
      "name2": "R:W335", 
      "name1": "B:N293"
    }
  ], 
  "trees": [
    {
      "treeLabel": "DefaultTree", 
      "treePaths": [
        " R.R0248.R:K248", 
        " R.R0324.R:R324", 
        " R.R0322.R:K322", 
        " A.A0029.A:S29", 
        " A.A0321.A:C321", 
        " A.A0352.A:G352", 
        " B.B0309.B:A309", 
        " A.A0350.A:G350", 
        " B.B0312.B:D312", 
        " A.A0194.A:N194", 
        " A.A0024.A:K24", 
        " A.A0030.A:A30", 
        " A.A0026.A:D26", 
        " R.R0319.R:I319", 
        " R.R0335.R:W335", 
        " A.A0346.A:N346", 
        " A.A0341.A:D341", 
        " B.B0050.B:T50", 
        " A.A0318.A:E318", 
        " B.B0310.B:G310", 
        " R.R0077.R:A77", 
        " R.R0316.R:Y316", 
        " A.A0349.A:R349", 
        " R.R0157.R:Q157", 
        " R.R0315.R:L315", 
        " R.R0160.R:R160", 
        " B.B0337.B:K337", 
        " A.A0334.A:V334", 
        " R.R0154.R:R154", 
        " R.R0159.R:K159", 
        " A.A0320.A:Y320", 
        " R.R0326.R:Y326", 
        " A.A0338.A:A338", 
        " A.A0316.A:N316", 
        " R.R0246.R:N246", 
        " A.A0348.A:L348", 
        " A.A0028.A:I28", 
        " R.R0251.R:K251", 
        " R.R0146.R:A146", 
        " A.A0351.A:C351", 
        " B.B0293.B:N293", 
        " A.A0032.A:K32", 
        " A.A0033.A:D33", 
        " A.A0025.A:E25", 
        " R.R0081.R:T81", 
        " R.R0142.R:D142", 
        " B.B0313.B:N313", 
        " R.R0076.R:K76", 
        " R.R0245.R:Q245", 
        " R.R0318.R:F318", 
        " R.R0075.R:K75", 
        " A.A0345.A:A345", 
        " R.R0079.R:S79", 
        " A.A0353.A:L353", 
        " B.B0333.B:D333", 
        " R.R0152.R:K152", 
        " A.A0315.A:P315", 
        " A.A0193.A:K193", 
        " R.R0151.R:T151", 
        " A.A0317.A:K317", 
        " R.R0320.R:G320", 
        " R.R0143.R:R143", 
        " A.A0347.A:N347", 
        " A.A0031.A:A31", 
        " A.A0337.A:D337", 
        " R.R0321.R:Q321", 
        " A.A0354.A:Y354", 
        " R.R0247.R:S247", 
        " R.R0155.R:M155", 
        " R.R0254.R:R254"
      ]
    }
  ]
}