#	total_frames:200	interaction_types:vdw
#	Columns:	residue_1,	residue_2	frame_count	contact_frequency
A:TYR:354	R:LEU:315	0.100
A:ILE:28	R:GLN:157	0.035
B:ALA:309	R:TRP:335	0.425
A:ASN:346	R:LYS:159	0.005
A:LYS:193	R:MET:155	0.015
B:ASN:313	R:ILE:330	0.065
A:GLY:352	R:TYR:316	0.070
A:TYR:354	R:TYR:316	0.020
A:ILE:343	R:LYS:159	0.030
B:GLY:310	R:TRP:335	0.185
A:CYS:351	R:TYR:316	0.010
B:ASN:313	R:LYS:329	0.005
A:ARG:349	R:ASN:246	0.030
A:ARG:349	R:LYS:322	0.280
A:LEU:353	R:TYR:316	0.005
A:CYS:351	R:SER:79	0.215
A:LEU:195	R:THR:151	0.155
A:ASP:26	R:GLN:157	0.055
A:LEU:353	R:ILE:256	0.055
A:GLY:350	R:THR:81	0.180
A:TYR:320	R:GLN:245	0.815
A:ASN:194	R:THR:151	0.635
A:ASP:341	R:ALA:244	0.435
A:TYR:354	R:GLY:320	0.270
A:PHE:336	R:LYS:152	0.005
A:THR:340	R:ALA:150	0.270
B:ARG:52	R:LYS:76	0.005
B:ASP:312	R:ALA:77	0.230
B:THR:50	R:LYS:76	0.190
B:ASP:312	R:LYS:75	0.015
A:LEU:348	R:LEU:241	0.320
A:ARG:349	R:LYS:248	0.245
B:PHE:292	R:TRP:335	0.015
A:ASN:347	R:ARG:143	0.015
A:LEU:353	R:ILE:147	0.010
A:VAL:34	R:ARG:154	0.045
A:CYS:351	R:ASP:142	0.180
A:CYS:351	R:ARG:143	0.785
A:TYR:354	R:LYS:251	0.850
A:LEU:348	R:GLN:321	0.060
A:LEU:353	R:PHE:318	0.005
A:THR:220	R:ARG:154	0.005
A:CYS:351	R:ILE:139	0.070
A:ILE:344	R:ALA:150	0.045
A:GLY:352	R:ALA:252	0.490
A:GLY:352	R:ILE:319	0.190
B:ASP:312	R:ILE:330	0.125
A:LEU:348	R:ARG:143	0.010
A:ASP:341	R:GLN:245	0.825
A:GLY:352	R:LYS:251	0.005
A:GLY:352	R:ILE:256	0.015
A:LYS:317	R:LYS:248	0.005
A:GLY:350	R:SER:79	0.285
A:LYS:32	R:ARG:154	0.290
A:ARG:349	R:GLN:321	0.925
A:ILE:343	R:THR:151	0.025
A:VAL:339	R:ARG:154	0.015
A:LYS:32	R:MET:155	0.325
A:ILE:344	R:LEU:241	0.355
A:TYR:354	R:PHE:318	0.720
A:LEU:348	R:ALA:252	0.080
B:LYS:337	R:LYS:76	0.090
A:ILE:344	R:ILE:147	0.550
A:ASN:347	R:LYS:159	0.600
A:ALA:345	R:LYS:248	0.085
A:ILE:343	R:ALA:150	0.445
B:THR:47	R:LYS:75	0.010
B:ASP:312	R:TYR:74	0.025
A:ALA:31	R:ARG:154	0.805
A:ILE:343	R:ALA:146	0.210
A:LEU:353	R:LYS:248	0.680
B:ASN:293	R:LEU:334	0.105
A:LYS:193	R:THR:151	0.100
A:GLU:318	R:GLN:245	0.055
B:ASP:312	R:LYS:76	0.380
A:CYS:351	R:THR:81	0.515
A:GLY:352	R:GLY:320	0.040
A:GLU:25	R:ARG:160	0.355
A:PHE:336	R:THR:151	0.510
A:CYS:351	R:GLN:321	0.025
A:LEU:353	R:ARG:249	0.025
B:THR:47	R:LYS:76	0.010
A:LEU:353	R:VAL:255	0.060
A:SER:29	R:ARG:160	0.280
A:GLU:318	R:SER:247	0.740
A:GLU:318	R:LYS:248	0.145
A:LEU:353	R:GLN:321	0.965
A:TYR:354	R:PHE:323	0.005
B:ASP:312	R:TYR:326	0.005
A:LEU:353	R:TYR:234	0.010
B:PHE:292	R:LYS:329	0.070
A:GLY:352	R:ARG:143	0.720
A:CYS:351	R:MET:80	0.185
A:LYS:193	R:LYS:152	0.005
B:PHE:335	R:ALA:77	0.030
B:GLY:310	R:LYS:75	0.075
A:ILE:344	R:THR:240	0.005
A:ALA:345	R:ASN:246	0.240
A:ASN:347	R:MET:80	0.060
A:LYS:24	R:ARG:160	0.425
A:ASP:337	R:GLN:245	0.595
A:TYR:320	R:ASN:246	0.055
B:ALA:309	R:LYS:75	0.030
A:ALA:31	R:GLN:157	0.030
A:GLU:318	R:ASN:246	0.555
A:ILE:28	R:ARG:154	0.100
A:VAL:334	R:GLN:245	0.025
A:HIS:196	R:MET:155	0.005
A:ILE:344	R:ASN:246	0.035
A:LEU:353	R:GLY:320	0.675
A:LEU:353	R:LYS:251	0.570
A:TYR:354	R:VAL:255	0.375
A:LEU:195	R:ARG:154	0.175
A:LEU:348	R:LYS:248	0.080
A:LEU:348	R:ILE:147	0.165
A:LEU:195	R:MET:155	0.090
A:PRO:315	R:SER:247	0.050
A:PRO:315	R:LYS:248	0.680
A:GLY:352	R:VAL:255	0.040
A:ALA:338	R:GLN:245	0.015
A:LEU:348	R:ILE:237	0.005
A:ILE:343	R:ALA:153	0.005
A:LEU:353	R:ILE:319	0.080
A:HIS:322	R:GLN:245	0.040
A:ASN:194	R:LYS:152	0.090
A:LEU:348	R:ARG:249	0.040
A:GLY:350	R:GLN:321	0.445
B:ASN:293	R:TRP:335	0.010
A:ASN:194	R:MET:155	0.475
A:GLY:352	R:THR:81	0.055
B:ALA:309	R:LEU:334	0.035
A:ASP:33	R:MET:155	0.005
A:GLY:350	R:GLY:320	0.420
A:GLY:350	R:LYS:322	0.630
A:LEU:353	R:ALA:252	0.555
A:ASP:33	R:ARG:154	0.030
A:LEU:353	R:ARG:143	0.140
B:ASN:313	R:LYS:76	0.120
A:ASP:341	R:ASN:246	0.285
A:SER:29	R:GLN:157	0.410
A:CYS:351	R:GLY:320	0.160
B:GLY:310	R:LEU:334	0.190
A:GLU:25	R:GLN:157	0.155
A:ILE:28	R:ARG:160	0.025
A:ILE:343	R:ARG:154	0.125
A:LEU:348	R:ASN:246	0.225
A:ASN:316	R:LYS:248	0.055
A:TYR:354	R:ILE:319	0.365
A:ASN:346	R:MET:80	0.005
B:GLY:310	R:LYS:76	0.030
A:GLY:350	R:ILE:319	0.005
A:ARG:349	R:SER:247	0.015
A:ALA:30	R:ARG:154	0.120
A:ILE:344	R:ALA:146	0.260
A:VAL:339	R:THR:151	0.005
A:LEU:353	R:ARG:324	0.015
A:CYS:351	R:LYS:322	0.055
B:PHE:292	R:TYR:326	0.005
B:PHE:335	R:LYS:76	0.305
A:LYS:32	R:GLN:157	0.040
A:ILE:344	R:ALA:244	0.085
A:TYR:354	R:ARG:324	0.845
A:CYS:351	R:ILE:319	0.215
B:ASP:333	R:LYS:76	0.145
A:ARG:349	R:GLY:320	0.100
A:ASN:347	R:ILE:147	0.035
A:CYS:321	R:GLN:245	0.020
A:ALA:30	R:GLN:157	0.075
A:TYR:354	R:GLN:321	0.225
A:ASN:316	R:SER:247	0.005
A:ASN:346	R:LYS:322	0.050
A:TYR:354	R:ALA:252	0.010
A:SER:29	R:ARG:154	0.470
B:PHE:292	R:ILE:330	0.080
B:PHE:292	R:LEU:334	0.355
A:TYR:354	R:ARG:254	0.030
A:TYR:354	R:LYS:248	0.035
B:ASN:313	R:TYR:326	0.035
A:LEU:348	R:LYS:251	0.020
A:THR:340	R:THR:151	0.090
A:ASN:347	R:ALA:146	0.730
A:ASN:347	R:ASP:142	0.595
