#	total_frames:200	interaction_types:hbbb,hbsb,hbss
#	Columns:	residue_1,	residue_2	frame_count	contact_frequency
A:GLY:352	R:THR:81	0.015
A:TYR:354	R:LEU:315	0.095
A:SER:29	R:ARG:160	0.160
A:GLY:350	R:LYS:322	0.460
A:GLU:318	R:LYS:248	0.080
A:LEU:353	R:GLN:321	0.705
A:ASP:341	R:GLN:245	0.495
A:ASN:346	R:LYS:159	0.005
A:ASP:33	R:ARG:154	0.020
A:LYS:32	R:ARG:154	0.115
A:GLY:352	R:ARG:143	0.280
B:ASN:313	R:LYS:76	0.090
A:ASP:341	R:ASN:246	0.210
A:GLY:352	R:TYR:316	0.040
B:GLY:310	R:LYS:75	0.070
A:GLY:350	R:SER:79	0.270
A:ARG:349	R:GLN:321	0.600
A:CYS:351	R:TYR:316	0.010
A:LYS:24	R:ARG:160	0.370
A:ARG:349	R:LYS:248	0.040
A:ARG:349	R:ASN:246	0.030
A:GLU:25	R:GLN:157	0.130
A:LYS:32	R:MET:155	0.150
A:TYR:320	R:ASN:246	0.040
A:TYR:354	R:ARG:254	0.005
B:ALA:309	R:LYS:75	0.030
A:ASP:26	R:GLN:157	0.035
A:ASN:316	R:LYS:248	0.005
A:GLY:350	R:THR:81	0.010
A:GLU:318	R:SER:247	0.655
A:TYR:320	R:GLN:245	0.650
B:GLY:310	R:LYS:76	0.030
A:SER:29	R:GLN:157	0.375
A:PRO:315	R:SER:247	0.050
A:ALA:345	R:LYS:248	0.060
B:ALA:309	R:TRP:335	0.385
A:GLY:350	R:GLN:321	0.055
A:ALA:30	R:ARG:154	0.005
A:ASN:347	R:ALA:146	0.100
A:ILE:28	R:ARG:154	0.100
A:ASN:347	R:LYS:159	0.480
B:LYS:337	R:LYS:76	0.005
A:CYS:351	R:ARG:143	0.755
B:THR:50	R:LYS:76	0.135
B:ASP:312	R:LYS:75	0.015
A:TYR:354	R:PHE:318	0.030
A:CYS:351	R:LYS:322	0.010
A:ASN:347	R:ASP:142	0.515
A:ASP:337	R:GLN:245	0.355
A:ASN:194	R:THR:151	0.585
A:TYR:354	R:ARG:324	0.720
A:PRO:315	R:LYS:248	0.670
A:GLY:352	R:ILE:319	0.010
A:GLU:318	R:ASN:246	0.110
A:ALA:31	R:ARG:154	0.710
B:ASP:312	R:ALA:77	0.060
A:TYR:354	R:LYS:251	0.700
A:LEU:348	R:GLN:321	0.045
A:ALA:338	R:GLN:245	0.005
A:CYS:321	R:GLN:245	0.020
A:LYS:193	R:THR:151	0.075
B:ASN:293	R:TRP:335	0.010
A:ASN:346	R:LYS:322	0.050
B:ASP:312	R:LYS:76	0.185
A:SER:29	R:ARG:154	0.400
A:LYS:317	R:LYS:248	0.005
A:LEU:353	R:GLY:320	0.180
A:ASN:194	R:LYS:152	0.055
A:LEU:353	R:ARG:324	0.010
A:CYS:351	R:THR:81	0.015
A:ARG:349	R:LYS:322	0.255
A:GLU:25	R:ARG:160	0.315
B:ASN:313	R:TYR:326	0.035
A:TYR:354	R:GLN:321	0.155
B:ASP:333	R:LYS:76	0.115
A:VAL:334	R:GLN:245	0.015
A:CYS:351	R:GLN:321	0.015
