#	total_frames:200	interaction_types:hbbb,hbsb,hbss
#	Columns:	residue_1,	residue_2	frame_count	contact_frequency
A:ILE:28	R:GLN:157	0.365
A:GLU:318	R:SER:247	0.230
A:GLU:318	R:LYS:248	0.095
A:LEU:353	R:GLN:321	0.060
A:ASN:316	R:GLN:321	0.030
A:ASP:341	R:GLN:245	0.395
A:PRO:315	R:ASN:246	0.060
A:ASP:33	R:ARG:154	0.125
A:GLY:352	R:ARG:143	0.075
B:ASN:313	R:LYS:76	0.060
A:CYS:351	R:THR:81	0.135
A:ILE:319	R:SER:247	0.030
A:SER:29	R:GLN:157	0.005
A:ASP:341	R:ASN:246	0.205
A:ALA:345	R:ASN:246	0.080
A:ARG:349	R:GLN:321	0.170
B:GLY:310	R:TRP:335	0.445
A:ASN:347	R:THR:158	0.230
A:ARG:349	R:LYS:322	0.315
A:SER:314	R:LYS:329	0.010
A:LYS:32	R:MET:155	0.240
A:ILE:28	R:ARG:160	0.010
A:TYR:320	R:SER:247	0.205
A:TYR:320	R:ASN:246	0.405
A:GLY:350	R:SER:79	0.390
A:LYS:317	R:SER:247	0.010
A:ALA:31	R:GLN:157	0.010
A:ARG:349	R:ASN:325	0.005
A:TYR:320	R:LYS:248	0.015
A:ASN:316	R:LYS:248	0.005
B:ARG:52	R:LYS:75	0.520
A:TYR:354	R:ILE:319	0.330
A:ILE:344	R:ASN:246	0.005
A:TYR:320	R:GLN:245	0.010
A:LYS:32	R:ARG:154	0.020
A:ASN:194	R:LYS:152	0.120
A:PRO:315	R:SER:247	0.100
B:ASN:313	R:LYS:75	0.005
B:ARG:52	R:LYS:76	0.560
A:GLY:350	R:THR:81	0.380
A:ASN:312	R:SER:247	0.055
A:ASN:347	R:LYS:159	0.205
A:ALA:345	R:LYS:248	0.465
A:GLU:318	R:GLN:321	0.010
B:ASP:312	R:TRP:335	0.045
A:CYS:351	R:ARG:143	0.915
B:ASP:312	R:LYS:75	0.055
A:TYR:354	R:PHE:318	0.030
A:ARG:349	R:LYS:248	0.275
A:ASP:218	R:ARG:154	0.015
A:LYS:32	R:GLN:157	0.020
A:GLY:27	R:ARG:160	0.525
A:TYR:354	R:ARG:324	0.275
A:PRO:315	R:GLN:321	0.040
A:GLU:318	R:ASN:246	0.075
A:ALA:31	R:ARG:154	0.970
A:ASN:346	R:LYS:159	0.070
B:ASP:333	R:LYS:76	0.380
A:TYR:354	R:LYS:251	0.175
A:PRO:315	R:LYS:248	0.200
A:ASN:194	R:THR:151	0.615
A:ASN:347	R:ILE:147	0.005
A:ASP:262	R:LYS:159	0.015
A:LYS:193	R:THR:151	0.280
B:ASP:312	R:TYR:326	0.005
A:CYS:321	R:GLN:245	0.500
A:ASN:346	R:LYS:322	0.120
B:ASP:312	R:LYS:76	0.880
A:HIS:322	R:GLN:245	0.050
A:TYR:354	R:LYS:248	0.380
A:THR:220	R:ARG:154	0.035
A:ASP:337	R:GLN:245	0.060
A:GLY:27	R:GLN:157	0.140
A:TYR:354	R:GLN:321	0.680
A:ARG:349	R:SER:79	0.010
A:ASN:347	R:ALA:146	0.550
A:GLY:350	R:MET:80	0.235
