{
  "tracks": [
    {
      "trackProperties": [
        {
          "color": " #CC33EE", 
          "nodeName": "R:K248", 
          "size": 1.0
        }, 
        {
          "color": " #CC33EE", 
          "nodeName": "R:K322", 
          "size": 1.0
        }, 
        {
          "color": " #00FF00", 
          "nodeName": "A:D218", 
          "size": 1.0
        }, 
        {
          "color": " #CC33EE", 
          "nodeName": "R:K75", 
          "size": 1.0
        }, 
        {
          "color": " #FFEC2B", 
          "nodeName": "B:D333", 
          "size": 1.0
        }, 
        {
          "color": " #CC33EE", 
          "nodeName": "R:K76", 
          "size": 1.0
        }, 
        {
          "color": " #FFEC2B", 
          "nodeName": "B:D312", 
          "size": 1.0
        }, 
        {
          "color": " #CC33EE", 
          "nodeName": "R:R154", 
          "size": 1.0
        }, 
        {
          "color": " #CC33EE", 
          "nodeName": "R:K159", 
          "size": 1.0
        }, 
        {
          "color": " #00FF00", 
          "nodeName": "A:D262", 
          "size": 1.0
        }, 
        {
          "color": " #00FF00", 
          "nodeName": "A:E318", 
          "size": 1.0
        }
      ], 
      "trackLabel": "DefaultTrack"
    }
  ], 
  "edges": [
    {
      "frames": [2, 
        3, 
        4, 
        5, 
        6, 
        30, 
        33, 
        35, 
        36, 
        37, 
        59, 
        61, 
        63, 
        66], 
      "name2": "R:K75", 
      "name1": "B:D312"
    }, 
    {
      "frames": [8, 
        9, 
        10, 
        11, 
        12], 
      "name2": "R:R154", 
      "name1": "A:D218"
    }, 
    {
      "frames": [31, 
        33, 
        48, 
        49, 
        50, 
        51, 
        52, 
        53, 
        54, 
        55, 
        56, 
        57, 
        58, 
        59, 
        60, 
        61, 
        63, 
        68, 
        73, 
        77, 
        92, 
        116, 
        117, 
        119, 
        120, 
        124, 
        148, 
        161, 
        164], 
      "name2": "R:K248", 
      "name1": "A:E318"
    }, 
    {
      "frames": [40, 
        41, 
        42, 
        43, 
        54, 
        180], 
      "name2": "R:K159", 
      "name1": "A:D262"
    }, 
    {
      "frames": [43, 
        44, 
        45, 
        46, 
        47, 
        48, 
        66, 
        68, 
        69, 
        71, 
        72, 
        73, 
        74, 
        75, 
        76, 
        77, 
        78, 
        79, 
        80, 
        81, 
        83, 
        84, 
        85, 
        86, 
        87, 
        88, 
        91, 
        93, 
        94, 
        96, 
        97, 
        98, 
        99, 
        100, 
        102, 
        107, 
        108, 
        109, 
        112, 
        113, 
        114, 
        116, 
        117, 
        118, 
        119, 
        120, 
        127, 
        129, 
        130, 
        134, 
        135, 
        136, 
        140, 
        143, 
        144, 
        145, 
        146, 
        147, 
        148, 
        150, 
        153, 
        154, 
        155, 
        156, 
        157, 
        158, 
        159, 
        160, 
        162, 
        163, 
        164, 
        165, 
        166, 
        167, 
        168, 
        170, 
        171, 
        172, 
        173, 
        174, 
        175, 
        176, 
        177, 
        178, 
        179, 
        180, 
        181, 
        182, 
        185, 
        186, 
        187, 
        188, 
        189, 
        190, 
        191, 
        192, 
        193, 
        195, 
        196, 
        197, 
        198, 
        199], 
      "name2": "R:K76", 
      "name1": "B:D333"
    }, 
    {
      "frames": [74], 
      "name2": "R:K322", 
      "name1": "A:D262"
    }, 
    {
      "frames": [91, 
        92, 
        93, 
        95, 
        96, 
        98, 
        99, 
        101, 
        103, 
        104, 
        105, 
        106, 
        107, 
        108, 
        109, 
        110, 
        112, 
        114, 
        115, 
        116, 
        118], 
      "name2": "R:K76", 
      "name1": "B:D312"
    }
  ], 
  "trees": [
    {
      "treeLabel": "DefaultTree", 
      "treePaths": [
        " R.R0248.R:K248", 
        " R.R0322.R:K322", 
        " A.A0218.A:D218", 
        " R.R0075.R:K75", 
        " B.B0333.B:D333", 
        " R.R0076.R:K76", 
        " B.B0312.B:D312", 
        " R.R0154.R:R154", 
        " R.R0159.R:K159", 
        " A.A0262.A:D262", 
        " A.A0318.A:E318"
      ]
    }
  ]
}