#	total_frames:200	interaction_types:vdw
#	Columns:	residue_1,	residue_2	frame_count	contact_frequency
B:HIS:311	R:LEU:334	0.035
A:ILE:28	R:GLN:157	0.485
A:PRO:315	R:HIS:250	0.010
A:PRO:315	R:ASN:246	0.075
A:ASN:347	R:ALA:150	0.015
A:GLY:352	R:TYR:316	0.340
B:LEU:55	R:ARG:160	0.130
B:ARG:52	R:LYS:75	0.540
A:ILE:343	R:LYS:159	0.005
B:GLY:310	R:TRP:335	0.455
A:CYS:351	R:TYR:316	0.005
A:ARG:349	R:LYS:322	0.690
A:ILE:344	R:LEU:241	0.235
A:LEU:353	R:TYR:316	0.035
A:PRO:315	R:GLN:321	0.260
A:LEU:195	R:THR:151	0.155
A:LEU:353	R:ILE:256	0.400
A:GLY:350	R:THR:81	0.605
A:TYR:320	R:GLN:245	0.610
A:ASN:194	R:THR:151	0.760
A:ASP:341	R:ALA:244	0.550
A:CYS:351	R:ILE:147	0.060
A:ASN:347	R:ALA:153	0.025
A:LEU:353	R:ALA:252	0.360
A:ASN:347	R:ALA:146	0.880
B:ARG:52	R:LYS:76	0.580
A:ALA:345	R:SER:247	0.015
B:ASP:312	R:LYS:75	0.070
A:LEU:348	R:LEU:241	0.230
A:ARG:349	R:LYS:248	0.535
A:GLY:350	R:MET:80	0.485
A:LEU:353	R:ILE:147	0.090
A:ALA:31	R:MET:155	0.025
A:VAL:34	R:ARG:154	0.205
A:CYS:351	R:ASP:142	0.200
A:CYS:351	R:ARG:143	0.935
A:TYR:354	R:LYS:251	0.640
A:GLY:352	R:ARG:143	0.575
B:ASP:312	R:ASP:333	0.005
A:ALA:31	R:LYS:159	0.010
A:THR:220	R:ARG:154	0.055
A:CYS:351	R:ILE:139	0.005
B:PHE:292	R:ASN:325	0.025
A:ILE:343	R:ALA:146	0.010
B:ASP:312	R:ILE:330	0.315
A:ASN:316	R:LYS:248	0.020
A:ASP:341	R:GLN:245	0.945
B:LEU:308	R:LEU:334	0.075
A:ASP:337	R:ALA:244	0.005
A:GLY:350	R:SER:79	0.755
A:ARG:349	R:GLN:321	0.510
A:LYS:32	R:MET:155	0.525
A:GLY:350	R:LYS:159	0.010
A:ARG:349	R:ASN:325	0.005
B:LEU:55	R:GLN:157	0.045
A:TYR:354	R:PHE:318	0.045
A:LEU:348	R:ALA:252	0.005
A:LYS:32	R:CYS:156	0.005
B:LYS:337	R:LYS:76	0.010
A:ASN:347	R:LYS:159	0.245
A:ALA:345	R:LYS:248	0.520
A:ILE:343	R:ALA:150	0.450
A:LEU:353	R:LEU:241	0.005
A:TYR:320	R:LYS:248	0.020
B:ASP:312	R:TYR:74	0.120
A:ALA:31	R:ARG:154	0.990
A:ILE:344	R:ALA:150	0.075
A:LEU:353	R:LYS:248	0.010
A:LYS:193	R:THR:151	0.385
A:GLU:318	R:GLN:245	0.005
B:ASP:312	R:TRP:335	0.425
B:ASP:312	R:LYS:76	0.895
B:ASP:291	R:LEU:334	0.005
A:CYS:351	R:THR:81	0.680
A:GLY:352	R:GLY:320	0.460
A:GLY:27	R:GLN:157	0.155
A:PHE:336	R:THR:151	0.265
A:ARG:349	R:SER:79	0.010
A:ILE:343	R:THR:151	0.005
A:LEU:353	R:VAL:255	0.130
A:GLU:318	R:SER:247	0.300
A:GLU:318	R:LYS:248	0.190
A:ILE:344	R:ALA:244	0.110
A:LEU:353	R:GLN:321	0.065
A:ASN:316	R:GLN:321	0.040
B:LEU:55	R:LYS:159	0.020
A:LEU:353	R:TYR:234	0.080
B:PHE:292	R:LYS:329	0.005
A:ILE:28	R:MET:155	0.010
A:CYS:351	R:MET:80	0.365
A:ILE:319	R:SER:247	0.030
A:TYR:354	R:ILE:319	0.965
A:ILE:344	R:THR:240	0.015
A:ALA:345	R:ASN:246	0.530
A:ASN:347	R:MET:80	0.030
A:SER:314	R:LYS:329	0.010
A:ASP:337	R:GLN:245	0.100
A:TYR:320	R:ASN:246	0.705
A:LYS:317	R:SER:247	0.015
A:ALA:31	R:GLN:157	0.370
B:LEU:308	R:TRP:335	0.045
A:GLU:318	R:ASN:246	0.225
A:GLY:350	R:LYS:322	0.150
B:PHE:335	R:LYS:75	0.060
B:PHE:335	R:ALA:77	0.015
A:PRO:315	R:SER:247	0.135
A:LEU:353	R:ARG:143	0.540
A:ILE:344	R:ASN:246	0.095
A:LEU:353	R:ILE:237	0.065
A:ASP:262	R:LYS:159	0.025
A:LEU:353	R:GLY:320	0.015
A:TYR:354	R:VAL:255	0.130
A:ASP:218	R:ARG:154	0.015
A:ASN:312	R:LYS:248	0.005
B:HIS:311	R:ILE:330	0.045
A:GLY:352	R:ILE:319	0.620
A:LEU:348	R:ILE:147	0.475
A:LEU:195	R:MET:155	0.135
A:VAL:334	R:GLN:245	0.005
A:PRO:315	R:LYS:248	0.305
A:GLY:352	R:VAL:255	0.005
A:LEU:348	R:LYS:248	0.300
A:ILE:343	R:ALA:153	0.010
A:LEU:353	R:ILE:319	0.185
A:HIS:322	R:GLN:245	0.580
A:ASN:194	R:LYS:152	0.170
A:ASN:194	R:MET:155	0.695
A:GLY:352	R:THR:81	0.030
A:PRO:315	R:ARG:324	0.015
A:ILE:344	R:ILE:147	0.330
A:PRO:315	R:ASN:325	0.045
B:ASP:312	R:LEU:334	0.055
A:TYR:354	R:GLY:320	0.095
A:ASP:33	R:ARG:154	0.190
A:ILE:343	R:ARG:154	0.530
B:ASN:313	R:LYS:76	0.300
A:ASP:341	R:ASN:246	0.350
A:SER:29	R:GLN:157	0.015
A:THR:340	R:ALA:150	0.150
A:ASN:346	R:LYS:159	0.085
B:GLY:310	R:LEU:334	0.095
A:ILE:28	R:ARG:160	0.120
A:ASN:312	R:SER:247	0.065
A:ASN:347	R:THR:158	0.410
A:LEU:348	R:ASN:246	0.180
B:LEU:308	R:ASP:333	0.005
A:LYS:32	R:ARG:154	0.090
A:GLU:318	R:GLN:321	0.010
B:GLY:310	R:ILE:330	0.005
B:ASN:313	R:LYS:75	0.005
B:ASP:312	R:TYR:326	0.235
A:ALA:30	R:ARG:154	0.005
A:PRO:315	R:LYS:251	0.015
A:TYR:320	R:SER:247	0.315
B:ASN:293	R:LEU:334	0.205
B:ASP:312	R:PHE:73	0.020
B:PHE:335	R:LYS:76	0.450
A:LYS:32	R:GLN:157	0.075
A:GLY:27	R:ARG:160	0.565
A:TYR:354	R:ARG:324	0.460
B:ASP:333	R:LYS:76	0.440
A:CYS:351	R:ALA:146	0.270
A:ARG:349	R:GLY:320	0.135
A:ASN:347	R:ILE:147	0.100
A:CYS:321	R:GLN:245	0.505
A:TYR:354	R:GLN:321	0.895
B:ALA:309	R:LEU:334	0.010
A:ASN:346	R:LYS:322	0.130
A:TYR:354	R:ALA:252	0.060
B:PHE:292	R:ILE:330	0.195
B:PHE:292	R:LEU:334	0.155
A:TYR:354	R:LYS:248	0.765
A:THR:340	R:THR:151	0.015
A:LEU:195	R:ARG:154	0.435
