{
  "tracks": [
    {
      "trackProperties": [
        {
          "color": " #CC33EE", 
          "nodeName": "R:K248", 
          "size": 1.0
        }, 
        {
          "color": " #CC33EE", 
          "nodeName": "R:R324", 
          "size": 1.0
        }, 
        {
          "color": " #CC33EE", 
          "nodeName": "R:K76", 
          "size": 1.0
        }, 
        {
          "color": " #CC33EE", 
          "nodeName": "R:K251", 
          "size": 1.0
        }, 
        {
          "color": " #FFEC2B", 
          "nodeName": "B:F335", 
          "size": 1.0
        }, 
        {
          "color": " #00FF00", 
          "nodeName": "A:Y354", 
          "size": 1.0
        }, 
        {
          "color": " #FFEC2B", 
          "nodeName": "B:F292", 
          "size": 1.0
        }
      ], 
      "trackLabel": "DefaultTrack"
    }
  ], 
  "edges": [
    {
      "frames": [0, 
        4, 
        5, 
        7, 
        8, 
        9, 
        10, 
        12, 
        14, 
        15, 
        16, 
        18, 
        20, 
        21, 
        22, 
        23, 
        24, 
        25, 
        27, 
        28, 
        30, 
        72, 
        73, 
        74, 
        78, 
        79, 
        80, 
        81, 
        82, 
        84, 
        86, 
        89, 
        97, 
        98, 
        101, 
        102, 
        103, 
        156, 
        160, 
        168, 
        170, 
        178, 
        191], 
      "name2": "R:K248", 
      "name1": "A:Y354"
    }, 
    {
      "frames": [0, 
        1, 
        97, 
        112, 
        115, 
        127, 
        149, 
        161, 
        181], 
      "name2": "R:K76", 
      "name1": "B:F335"
    }, 
    {
      "frames": [3, 
        7, 
        9, 
        12, 
        13, 
        15, 
        16, 
        20, 
        21, 
        22, 
        28, 
        29, 
        30, 
        32, 
        33, 
        34, 
        38, 
        58, 
        61, 
        62, 
        64, 
        75, 
        80, 
        92, 
        93, 
        96, 
        97, 
        98, 
        101, 
        103, 
        105, 
        106, 
        107, 
        108, 
        117, 
        124, 
        126, 
        127, 
        128, 
        130, 
        131, 
        132, 
        136, 
        139, 
        140, 
        142, 
        145, 
        146, 
        147, 
        149, 
        150, 
        151, 
        153, 
        157, 
        158, 
        159, 
        164, 
        165, 
        166, 
        167, 
        171, 
        174, 
        176, 
        178, 
        179, 
        182, 
        183, 
        184, 
        185, 
        186, 
        191, 
        193, 
        195], 
      "name2": "R:K251", 
      "name1": "A:Y354"
    }, 
    {
      "frames": [9, 
        10, 
        11, 
        12, 
        13, 
        14, 
        15, 
        16, 
        17, 
        18, 
        19, 
        20, 
        21, 
        22, 
        23, 
        24, 
        25, 
        26, 
        31, 
        33, 
        34, 
        36, 
        38, 
        40, 
        45, 
        46, 
        50, 
        64, 
        65, 
        71, 
        73, 
        76, 
        81, 
        84, 
        86, 
        93, 
        114, 
        115, 
        119, 
        120, 
        122, 
        123, 
        124, 
        127, 
        131, 
        137, 
        138, 
        140, 
        141, 
        142, 
        143, 
        144, 
        145, 
        146, 
        154, 
        156, 
        157, 
        158, 
        159, 
        160, 
        161, 
        162, 
        163, 
        164, 
        165, 
        166, 
        167, 
        168, 
        169, 
        170, 
        171, 
        172, 
        173, 
        174, 
        175, 
        176, 
        177, 
        178, 
        179, 
        180, 
        181, 
        182, 
        183, 
        184, 
        185, 
        186, 
        187, 
        188, 
        189, 
        190, 
        191, 
        192, 
        194], 
      "name2": "R:R324", 
      "name1": "A:Y354"
    }, 
    {
      "frames": [53, 
        59], 
      "name2": "R:K76", 
      "name1": "B:F292"
    }
  ], 
  "trees": [
    {
      "treeLabel": "DefaultTree", 
      "treePaths": [
        " R.R0248.R:K248", 
        " R.R0324.R:R324", 
        " R.R0076.R:K76", 
        " R.R0251.R:K251", 
        " B.B0335.B:F335", 
        " A.A0354.A:Y354", 
        " B.B0292.B:F292"
      ]
    }
  ]
}