{
  "tracks": [
    {
      "trackProperties": [
        {
          "color": " #CC33EE", 
          "nodeName": "R:K248", 
          "size": 1.0
        }, 
        {
          "color": " #CC33EE", 
          "nodeName": "R:R324", 
          "size": 1.0
        }, 
        {
          "color": " #CC33EE", 
          "nodeName": "R:K76", 
          "size": 1.0
        }, 
        {
          "color": " #CC33EE", 
          "nodeName": "R:K75", 
          "size": 1.0
        }, 
        {
          "color": " #CC33EE", 
          "nodeName": "R:K251", 
          "size": 1.0
        }, 
        {
          "color": " #FFEC2B", 
          "nodeName": "B:F335", 
          "size": 1.0
        }, 
        {
          "color": " #00FF00", 
          "nodeName": "A:Y354", 
          "size": 1.0
        }, 
        {
          "color": " #FFEC2B", 
          "nodeName": "B:F292", 
          "size": 1.0
        }
      ], 
      "trackLabel": "DefaultTrack"
    }
  ], 
  "edges": [
    {
      "frames": [0, 
        1, 
        3, 
        4, 
        5, 
        14, 
        22, 
        24, 
        25, 
        26, 
        27, 
        29, 
        30, 
        31, 
        34, 
        41, 
        46, 
        47, 
        50, 
        80, 
        90, 
        91, 
        92, 
        93, 
        95, 
        97, 
        101, 
        103, 
        104, 
        107, 
        108, 
        109, 
        110, 
        114, 
        115, 
        116, 
        117, 
        118, 
        119, 
        120, 
        124, 
        125, 
        128, 
        129, 
        130, 
        133, 
        138, 
        139, 
        144, 
        145, 
        147, 
        148, 
        154, 
        155, 
        157, 
        158, 
        159, 
        161, 
        162, 
        165, 
        170, 
        171, 
        173, 
        174, 
        177, 
        182, 
        183, 
        184, 
        185, 
        186, 
        192, 
        195, 
        197, 
        198], 
      "name2": "R:K251", 
      "name1": "A:Y354"
    }, 
    {
      "frames": [1, 
        3, 
        5, 
        10, 
        12, 
        22, 
        23, 
        25, 
        27, 
        104, 
        115, 
        118, 
        127, 
        140, 
        144, 
        152, 
        164, 
        165, 
        166, 
        174, 
        176, 
        179, 
        184, 
        195, 
        197, 
        199], 
      "name2": "R:K248", 
      "name1": "A:Y354"
    }, 
    {
      "frames": [7, 
        8, 
        9, 
        11, 
        12, 
        13, 
        26, 
        28, 
        31, 
        35, 
        36, 
        42, 
        43, 
        44, 
        57, 
        63, 
        65, 
        66, 
        67, 
        68, 
        72, 
        73, 
        74, 
        75, 
        84, 
        86, 
        100, 
        102, 
        104, 
        107, 
        108, 
        109, 
        110, 
        125, 
        128, 
        131, 
        132, 
        133, 
        134, 
        135, 
        137, 
        140, 
        142, 
        143, 
        145, 
        148, 
        149, 
        155, 
        156, 
        157, 
        158, 
        161, 
        162, 
        163, 
        167, 
        169, 
        177, 
        179, 
        180, 
        187, 
        196, 
        197], 
      "name2": "R:R324", 
      "name1": "A:Y354"
    }, 
    {
      "frames": [17, 
        47, 
        49, 
        78, 
        81, 
        82, 
        89, 
        95, 
        98, 
        100, 
        106, 
        110, 
        112], 
      "name2": "R:K75", 
      "name1": "B:F292"
    }, 
    {
      "frames": [28], 
      "name2": "R:K76", 
      "name1": "B:F292"
    }, 
    {
      "frames": [39, 
        42], 
      "name2": "R:K75", 
      "name1": "B:F335"
    }
  ], 
  "trees": [
    {
      "treeLabel": "DefaultTree", 
      "treePaths": [
        " R.R0248.R:K248", 
        " R.R0324.R:R324", 
        " R.R0076.R:K76", 
        " R.R0075.R:K75", 
        " R.R0251.R:K251", 
        " B.B0335.B:F335", 
        " A.A0354.A:Y354", 
        " B.B0292.B:F292"
      ]
    }
  ]
}