#	total_frames:200	interaction_types:vdw
#	Columns:	residue_1,	residue_2	frame_count	contact_frequency
A:PRO:315	R:ASN:246	0.060
A:ILE:28	R:GLN:157	0.020
A:ASN:346	R:LYS:159	0.005
A:LYS:35	R:ARG:154	0.030
A:ASN:347	R:ALA:150	0.040
A:GLY:352	R:TYR:316	0.165
A:ASN:316	R:ASN:246	0.030
A:CYS:351	R:TYR:316	0.060
A:ARG:349	R:LYS:322	0.770
A:ILE:344	R:LEU:241	0.255
A:LEU:353	R:TYR:316	0.100
A:PRO:315	R:GLN:321	0.045
A:LEU:195	R:THR:151	0.565
A:LEU:353	R:ILE:256	0.405
A:GLY:350	R:THR:81	0.730
A:TYR:320	R:GLN:245	0.890
A:ASN:194	R:THR:151	0.365
A:ASP:341	R:ALA:244	0.795
A:LEU:353	R:ALA:252	0.370
A:CYS:351	R:GLY:320	0.005
B:ASP:312	R:LYS:75	0.040
A:LEU:348	R:LEU:241	0.260
A:ARG:349	R:LYS:248	0.625
A:GLY:350	R:MET:80	0.480
A:LEU:353	R:ILE:147	0.090
A:ASN:347	R:THR:153	0.030
A:CYS:351	R:ASP:142	0.095
A:CYS:351	R:ARG:143	0.945
A:TYR:354	R:LYS:251	0.615
A:HIS:196	R:ILE:155	0.275
A:THR:220	R:ARG:154	0.075
A:CYS:351	R:ILE:139	0.035
A:ILE:344	R:ALA:150	0.190
B:PHE:292	R:LYS:76	0.035
A:GLY:352	R:ILE:319	0.705
A:GLY:350	R:LYS:322	0.115
A:ASP:341	R:GLN:245	0.900
A:ASP:337	R:ALA:244	0.005
A:ILE:343	R:THR:153	0.045
A:GLY:350	R:SER:79	0.620
A:ARG:349	R:GLN:321	0.590
A:ASN:347	R:VAL:146	0.930
A:ARG:349	R:ASN:325	0.260
A:TYR:354	R:PHE:318	0.105
A:LEU:348	R:ALA:252	0.005
A:ALA:345	R:LYS:248	0.900
A:ASN:347	R:LYS:159	0.800
A:CYS:351	R:VAL:146	0.530
A:LYS:32	R:ARG:160	0.075
A:ILE:343	R:ALA:150	0.445
A:GLU:318	R:ASN:246	0.755
A:ALA:31	R:ARG:154	0.820
A:LEU:353	R:LYS:248	0.005
A:LYS:193	R:THR:151	0.325
A:GLU:318	R:GLN:245	0.095
B:ASP:312	R:LYS:76	0.005
A:CYS:351	R:THR:81	0.500
A:GLY:352	R:GLY:320	0.610
A:LYS:32	R:ILE:155	0.620
A:PHE:336	R:THR:151	0.345
A:ARG:349	R:SER:79	0.005
A:LEU:353	R:VAL:255	0.145
A:GLU:318	R:SER:247	0.890
A:CYS:351	R:ILE:147	0.365
A:LEU:353	R:GLN:321	0.025
A:LEU:195	R:ILE:155	0.125
A:LEU:353	R:TYR:234	0.140
A:LYS:32	R:ARG:154	0.515
A:GLY:352	R:ARG:143	0.390
A:CYS:351	R:MET:80	0.430
A:LYS:193	R:LYS:152	0.005
A:TYR:354	R:ILE:319	0.820
A:ILE:344	R:THR:240	0.070
A:ALA:345	R:ASN:246	0.525
A:LYS:32	R:SER:156	0.010
A:ASP:337	R:GLN:245	0.040
A:TYR:320	R:ASN:246	0.085
A:LEU:353	R:ARG:143	0.620
A:ILE:344	R:ASN:246	0.045
B:PHE:335	R:LYS:75	0.005
A:PRO:315	R:SER:247	0.760
A:GLY:352	R:GLN:321	0.075
A:LEU:353	R:ILE:237	0.175
A:TYR:354	R:ALA:252	0.065
A:TYR:354	R:VAL:255	0.175
A:LEU:195	R:ARG:154	0.115
A:ARG:349	R:THR:81	0.010
A:CYS:351	R:SER:79	0.005
A:LEU:348	R:ILE:147	0.530
A:LYS:32	R:LYS:159	0.045
A:PRO:315	R:LYS:248	0.125
A:VAL:34	R:ARG:154	0.270
A:LEU:348	R:LYS:248	0.165
A:LEU:348	R:ILE:237	0.005
A:LEU:353	R:ILE:319	0.050
A:ASN:194	R:LYS:152	0.190
A:GLY:352	R:THR:81	0.040
A:ILE:344	R:ILE:147	0.270
A:ASP:33	R:ARG:154	0.725
A:ASP:33	R:ILE:155	0.035
B:ASN:313	R:LYS:76	0.020
A:ASP:341	R:ASN:246	0.550
A:THR:340	R:ALA:150	0.175
A:THR:340	R:ALA:244	0.005
A:ILE:28	R:ARG:160	0.025
A:ILE:343	R:ARG:154	0.045
A:LEU:348	R:ASN:246	0.030
A:ASN:316	R:LYS:248	0.235
A:ASN:194	R:ILE:155	0.415
B:ASN:313	R:LYS:75	0.040
A:PRO:315	R:LYS:251	0.005
A:THR:340	R:GLN:243	0.005
A:ILE:343	R:THR:151	0.015
A:LYS:32	R:GLN:157	0.235
A:ILE:344	R:ALA:244	0.195
A:TYR:354	R:ARG:324	0.225
A:LEU:195	R:ALA:150	0.015
A:ARG:349	R:GLY:320	0.110
A:ASN:347	R:ILE:147	0.295
B:PHE:292	R:LYS:75	0.065
A:TYR:354	R:GLN:321	0.990
A:ASN:316	R:SER:247	0.005
A:ASN:346	R:LYS:322	0.010
A:LEU:353	R:GLY:320	0.005
A:TYR:354	R:LYS:248	0.850
A:THR:340	R:THR:151	0.075
A:ASP:218	R:ARG:154	0.010
