{
  "tracks": [
    {
      "trackProperties": [
        {
          "color": " #FFEC2B", 
          "nodeName": "B:D312", 
          "size": 1.0
        }, 
        {
          "color": " #CC33EE", 
          "nodeName": "R:K75", 
          "size": 1.0
        }
      ], 
      "trackLabel": "DefaultTrack"
    }
  ], 
  "edges": [
    {
      "frames": [5, 
        6, 
        11, 
        18, 
        42, 
        43, 
        44], 
      "name2": "R:K75", 
      "name1": "B:D312"
    }
  ], 
  "trees": [
    {
      "treeLabel": "DefaultTree", 
      "treePaths": [
        " B.B0312.B:D312", 
        " R.R0075.R:K75"
      ]
    }
  ]
}