#	total_frames:200	interaction_types:hbbb,hbsb,hbss
#	Columns:	residue_1,	residue_2	frame_count	contact_frequency
B:ASN:313	R:LYS:76	0.020
A:GLU:318	R:SER:247	0.775
A:LEU:353	R:GLN:321	0.020
A:ASP:341	R:GLN:245	0.415
A:ASN:346	R:LYS:159	0.005
A:ASP:33	R:ARG:154	0.635
A:LYS:35	R:ARG:154	0.010
A:GLY:352	R:ARG:143	0.060
A:ASN:347	R:ALA:150	0.020
A:ASP:341	R:ASN:246	0.315
A:TYR:354	R:ILE:319	0.380
A:GLY:350	R:SER:79	0.270
A:ALA:345	R:ASN:246	0.060
A:ARG:349	R:GLN:321	0.080
A:ASN:316	R:ASN:246	0.030
A:CYS:351	R:TYR:316	0.005
A:ASN:347	R:VAL:146	0.780
A:ASP:337	R:GLN:245	0.030
A:TYR:320	R:ASN:246	0.070
A:LEU:195	R:THR:151	0.080
A:ARG:349	R:ASN:325	0.225
A:LYS:32	R:ARG:154	0.095
A:GLY:350	R:THR:81	0.555
A:TYR:320	R:GLN:245	0.865
A:ASN:194	R:THR:151	0.315
A:ASN:194	R:LYS:152	0.085
A:PRO:315	R:SER:247	0.735
A:GLY:352	R:GLN:321	0.065
B:ASN:313	R:LYS:75	0.030
A:THR:220	R:ARG:154	0.045
A:ASN:347	R:LYS:159	0.785
A:ALA:345	R:LYS:248	0.870
A:LYS:32	R:ARG:160	0.030
B:ASP:312	R:LYS:75	0.020
A:TYR:354	R:PHE:318	0.050
A:ARG:349	R:LYS:248	0.085
A:TYR:354	R:LYS:251	0.195
A:GLY:350	R:MET:80	0.050
A:LYS:32	R:GLN:157	0.135
A:LYS:32	R:SER:156	0.005
A:TYR:354	R:ARG:324	0.080
A:ASP:341	R:ALA:244	0.005
A:GLU:318	R:ASN:246	0.020
A:ALA:31	R:ARG:154	0.705
A:PRO:315	R:ASN:246	0.050
A:CYS:351	R:ARG:143	0.915
A:LYS:32	R:LYS:159	0.040
A:PRO:315	R:LYS:248	0.010
A:LYS:193	R:THR:151	0.270
A:GLU:318	R:GLN:245	0.015
A:ASN:316	R:SER:247	0.005
A:ASN:346	R:LYS:322	0.010
B:ASP:312	R:LYS:76	0.005
A:TYR:354	R:LYS:248	0.635
A:CYS:351	R:THR:81	0.045
A:ARG:349	R:LYS:322	0.445
A:LYS:32	R:ILE:155	0.445
A:TYR:354	R:GLN:321	0.805
A:ARG:349	R:SER:79	0.005
A:ASP:218	R:ARG:154	0.010
