#	total_frames:200	interaction_types:vdw
#	Columns:	residue_1,	residue_2	frame_count	contact_frequency
A:VAL:34	R:ARG:155	0.040
A:ILE:343	R:PHE:154	0.285
A:PHE:336	R:ARG:155	0.055
A:PRO:315	R:ASN:246	0.540
A:ASN:347	R:ALA:150	0.375
A:GLY:352	R:TYR:316	0.020
A:ASN:316	R:ASN:246	0.180
A:ILE:344	R:THR:151	0.110
A:ARG:349	R:LYS:322	0.845
A:GLY:350	R:ARG:159	0.045
A:ASP:33	R:ARG:155	0.590
A:PRO:315	R:GLN:321	0.025
A:LEU:353	R:ILE:256	0.330
A:GLY:350	R:THR:81	0.490
A:TYR:320	R:GLN:245	0.655
A:ASP:341	R:ALA:244	0.755
A:CYS:351	R:ILE:147	0.060
A:LEU:353	R:ALA:252	0.250
A:ASN:347	R:ALA:146	0.515
A:ASN:194	R:SER:153	0.050
A:ASN:347	R:ARG:159	0.490
A:ILE:343	R:ARG:157	0.010
B:ASP:312	R:LYS:75	0.340
A:LYS:32	R:ARG:157	0.090
A:ARG:349	R:LYS:248	0.420
A:ASN:346	R:ARG:157	0.215
A:ASN:194	R:ARG:155	0.325
A:LEU:353	R:ILE:147	0.010
A:CYS:351	R:ASP:142	0.195
A:CYS:351	R:ARG:143	0.850
A:TYR:354	R:LYS:251	0.560
A:ASN:194	R:PHE:154	0.210
A:LEU:348	R:LYS:248	0.275
A:CYS:351	R:ILE:139	0.010
A:ILE:344	R:ALA:150	0.230
B:PHE:292	R:LYS:76	0.020
A:GLY:352	R:ILE:319	0.580
A:GLY:350	R:LYS:322	0.355
A:LYS:193	R:PHE:154	0.055
A:LEU:348	R:ARG:143	0.040
A:ASP:341	R:GLN:245	0.935
A:THR:191	R:ARG:155	0.010
A:GLY:350	R:SER:79	0.875
A:PHE:336	R:PHE:154	0.280
A:ARG:349	R:GLN:321	0.625
A:TYR:354	R:ILE:319	0.695
A:ILE:344	R:LEU:241	0.010
A:ALA:31	R:ARG:157	0.115
A:LEU:348	R:LEU:241	0.460
A:LEU:348	R:ALA:252	0.005
A:ALA:345	R:LYS:248	0.505
A:ILE:343	R:ALA:150	0.470
A:LEU:353	R:LEU:241	0.030
A:ILE:319	R:GLN:245	0.005
B:ARG:314	R:LYS:76	0.040
A:GLU:318	R:ASN:246	0.780
A:LEU:353	R:LYS:248	0.095
A:GLU:318	R:GLN:245	0.295
A:ALA:31	R:PHE:154	0.015
B:ASP:312	R:LYS:76	0.295
A:VAL:34	R:PHE:154	0.045
A:CYS:351	R:THR:81	0.655
A:GLY:352	R:GLY:320	0.730
A:TYR:354	R:GLN:321	0.830
A:ILE:343	R:THR:151	0.005
A:LYS:32	R:LEU:156	0.020
A:LEU:195	R:PHE:154	0.680
A:LEU:353	R:VAL:255	0.055
A:GLU:318	R:SER:247	0.445
A:GLU:318	R:LYS:248	0.055
A:LEU:353	R:GLN:321	0.175
A:ASN:316	R:GLN:321	0.030
A:LEU:353	R:TYR:234	0.215
A:GLY:352	R:ARG:143	0.895
A:CYS:351	R:MET:80	0.020
A:LYS:32	R:ARG:155	0.920
B:GLY:310	R:LYS:75	0.030
A:ILE:344	R:THR:240	0.020
A:ALA:345	R:ASN:246	0.225
A:ILE:28	R:ARG:155	0.710
A:ASP:337	R:GLN:245	0.135
A:LEU:348	R:ILE:147	0.440
A:TYR:320	R:ASN:246	0.770
A:LEU:353	R:ARG:143	0.540
A:ILE:344	R:ASN:246	0.005
A:PRO:315	R:SER:247	0.280
A:GLY:352	R:GLN:321	0.385
A:TYR:354	R:PHE:318	0.105
A:LEU:353	R:ILE:237	0.180
A:SER:29	R:ARG:155	0.085
A:LEU:353	R:GLY:320	0.095
A:TYR:354	R:VAL:255	0.200
A:CYS:351	R:SER:79	0.060
A:ARG:349	R:GLY:320	0.080
A:PRO:315	R:LYS:248	0.325
A:ASP:218	R:LYS:76	0.010
A:ALA:338	R:GLN:245	0.070
A:LEU:348	R:ILE:237	0.095
A:LEU:353	R:ILE:319	0.215
A:CYS:351	R:ARG:159	0.095
A:ASN:194	R:LYS:152	0.115
A:LEU:353	R:TYR:316	0.025
A:GLY:352	R:THR:81	0.005
A:ASN:347	R:ARG:157	0.685
A:ASN:346	R:ARG:159	0.125
A:ILE:261	R:LYS:76	0.005
B:ASN:313	R:LYS:76	0.135
A:ASP:341	R:ASN:246	0.840
A:THR:340	R:PHE:154	0.460
A:CYS:351	R:GLY:320	0.010
A:ASP:262	R:LYS:76	0.005
A:HIS:196	R:ARG:155	0.435
A:LYS:32	R:PHE:154	0.035
A:LEU:348	R:ASN:246	0.005
A:ASN:316	R:LYS:248	0.135
A:PRO:315	R:LYS:251	0.055
A:ILE:28	R:LEU:156	0.045
A:ILE:344	R:ALA:244	0.020
A:TYR:354	R:ARG:324	0.590
A:TYR:354	R:ALA:252	0.080
B:ASP:333	R:LYS:76	0.210
A:ASP:262	R:LYS:322	0.030
A:ASN:347	R:ILE:147	0.115
A:PHE:336	R:THR:151	0.010
A:ILE:344	R:ILE:147	0.160
A:ASN:346	R:LYS:322	0.020
A:ILE:261	R:LYS:322	0.005
A:CYS:351	R:ALA:146	0.380
A:LEU:195	R:ARG:155	0.440
A:TYR:354	R:LYS:248	0.840
A:THR:340	R:ALA:150	0.025
A:LYS:193	R:ARG:155	0.120
A:THR:340	R:THR:151	0.055
