{
  "tracks": [
    {
      "trackProperties": [
        {
          "color": " #CC33EE", 
          "nodeName": "R:K248", 
          "size": 1.0
        }, 
        {
          "color": " #CC33EE", 
          "nodeName": "R:K322", 
          "size": 1.0
        }, 
        {
          "color": " #00FF00", 
          "nodeName": "A:D218", 
          "size": 1.0
        }, 
        {
          "color": " #00FF00", 
          "nodeName": "A:E318", 
          "size": 1.0
        }, 
        {
          "color": " #CC33EE", 
          "nodeName": "R:K75", 
          "size": 1.0
        }, 
        {
          "color": " #FFEC2B", 
          "nodeName": "B:D333", 
          "size": 1.0
        }, 
        {
          "color": " #FFEC2B", 
          "nodeName": "B:D312", 
          "size": 1.0
        }, 
        {
          "color": " #00FF00", 
          "nodeName": "A:D33", 
          "size": 1.0
        }, 
        {
          "color": " #CC33EE", 
          "nodeName": "R:R155", 
          "size": 1.0
        }, 
        {
          "color": " #00FF00", 
          "nodeName": "A:D262", 
          "size": 1.0
        }, 
        {
          "color": " #CC33EE", 
          "nodeName": "R:K76", 
          "size": 1.0
        }
      ], 
      "trackLabel": "DefaultTrack"
    }
  ], 
  "edges": [
    {
      "frames": [3, 
        14, 
        15, 
        17, 
        20, 
        21, 
        22, 
        23, 
        24, 
        25, 
        26, 
        27, 
        30, 
        35, 
        37, 
        38, 
        39, 
        40, 
        41, 
        42, 
        43, 
        44, 
        45, 
        49, 
        50, 
        51, 
        57, 
        59, 
        62, 
        63, 
        65, 
        68, 
        70, 
        77, 
        78, 
        80, 
        83, 
        84, 
        85, 
        86, 
        88, 
        89, 
        90, 
        91, 
        92, 
        93, 
        94, 
        98, 
        99, 
        100, 
        101, 
        102, 
        103, 
        104, 
        105, 
        106, 
        107, 
        108, 
        123, 
        143, 
        149, 
        152, 
        154, 
        155, 
        156, 
        159, 
        160, 
        171, 
        179, 
        187, 
        190, 
        191, 
        192, 
        199], 
      "name2": "R:K75", 
      "name1": "B:D312"
    }, 
    {
      "frames": [5, 
        6, 
        11], 
      "name2": "R:K76", 
      "name1": "A:D218"
    }, 
    {
      "frames": [32, 
        33, 
        35, 
        36, 
        37, 
        38, 
        39, 
        40, 
        41, 
        42, 
        43, 
        44, 
        45, 
        47, 
        48, 
        49, 
        50, 
        51, 
        52, 
        53, 
        54, 
        55, 
        57, 
        58, 
        59, 
        60, 
        61, 
        62, 
        63, 
        64, 
        65, 
        66, 
        67, 
        68, 
        69, 
        70, 
        71, 
        72, 
        73, 
        74, 
        75, 
        77, 
        78, 
        79, 
        81, 
        82, 
        83, 
        84, 
        85, 
        86, 
        87, 
        88, 
        89, 
        90, 
        91, 
        92, 
        93, 
        94, 
        98, 
        100, 
        101, 
        102, 
        103, 
        104, 
        105, 
        106, 
        107, 
        108, 
        109, 
        110, 
        111, 
        112, 
        113, 
        114, 
        115, 
        116, 
        117, 
        118, 
        119, 
        120, 
        121, 
        122, 
        123, 
        124, 
        126, 
        127, 
        128, 
        129, 
        131, 
        132, 
        133, 
        134, 
        135, 
        137, 
        138, 
        139, 
        141, 
        142, 
        143, 
        144, 
        145, 
        146, 
        147, 
        148, 
        149, 
        150, 
        151, 
        152, 
        153, 
        154, 
        155, 
        156, 
        157, 
        158, 
        159, 
        160, 
        161, 
        162, 
        163, 
        164, 
        165, 
        166, 
        167, 
        168, 
        169, 
        170, 
        171, 
        176, 
        177, 
        178, 
        179, 
        180, 
        181, 
        182, 
        183, 
        184, 
        185, 
        186, 
        187, 
        188, 
        189, 
        191, 
        192, 
        193, 
        194, 
        195, 
        199], 
      "name2": "R:R155", 
      "name1": "A:D33"
    }, 
    {
      "frames": [80], 
      "name2": "R:K76", 
      "name1": "B:D312"
    }, 
    {
      "frames": [92, 
        93, 
        111, 
        112, 
        113, 
        116, 
        117, 
        118, 
        119, 
        120, 
        121, 
        123, 
        124, 
        125, 
        126, 
        127, 
        128, 
        129, 
        143, 
        144, 
        148, 
        149, 
        151, 
        152, 
        153, 
        154, 
        155, 
        156, 
        157, 
        159, 
        165, 
        167, 
        168, 
        169, 
        171, 
        173, 
        177, 
        178, 
        179, 
        180, 
        181, 
        182, 
        183, 
        184, 
        193], 
      "name2": "R:K76", 
      "name1": "B:D333"
    }, 
    {
      "frames": [111, 
        158, 
        169, 
        178, 
        182, 
        183, 
        185, 
        188, 
        189, 
        194], 
      "name2": "R:K248", 
      "name1": "A:E318"
    }, 
    {
      "frames": [187, 
        194, 
        195, 
        197, 
        198, 
        199], 
      "name2": "R:K322", 
      "name1": "A:D262"
    }, 
    {
      "frames": [196], 
      "name2": "R:K76", 
      "name1": "A:D262"
    }
  ], 
  "trees": [
    {
      "treeLabel": "DefaultTree", 
      "treePaths": [
        " R.R0248.R:K248", 
        " R.R0322.R:K322", 
        " A.A0218.A:D218", 
        " A.A0318.A:E318", 
        " R.R0075.R:K75", 
        " B.B0333.B:D333", 
        " B.B0312.B:D312", 
        " A.A0033.A:D33", 
        " R.R0155.R:R155", 
        " A.A0262.A:D262", 
        " R.R0076.R:K76"
      ]
    }
  ]
}