#	total_frames:200	interaction_types:hbbb,hbsb,hbss
#	Columns:	residue_1,	residue_2	frame_count	contact_frequency
A:ASN:347	R:ARG:157	0.665
B:ASN:313	R:LYS:76	0.090
B:GLY:310	R:LYS:75	0.030
A:GLY:350	R:LYS:322	0.005
A:GLU:318	R:LYS:248	0.020
A:LEU:353	R:GLN:321	0.145
A:ASP:341	R:GLN:245	0.860
A:PRO:315	R:ASN:246	0.505
B:ASP:333	R:LYS:76	0.180
A:GLY:352	R:ARG:143	0.305
A:THR:191	R:ARG:155	0.005
A:LYS:32	R:ARG:155	0.885
A:ASP:341	R:ASN:246	0.165
A:TYR:354	R:ILE:319	0.075
A:GLY:350	R:SER:79	0.850
A:ARG:349	R:GLN:321	0.020
A:ASN:316	R:ASN:246	0.095
A:ASP:262	R:LYS:76	0.005
A:HIS:196	R:ARG:155	0.055
A:ILE:28	R:ARG:155	0.625
A:LYS:32	R:PHE:154	0.015
A:ARG:349	R:LYS:322	0.590
A:TYR:320	R:ASN:246	0.630
A:GLY:350	R:ARG:159	0.005
A:ASP:33	R:ARG:155	0.130
A:LEU:353	R:ARG:143	0.060
A:ALA:31	R:ARG:157	0.105
A:GLU:318	R:SER:247	0.410
A:TYR:320	R:GLN:245	0.240
A:ASN:194	R:LYS:152	0.100
A:PRO:315	R:SER:247	0.040
A:GLY:352	R:GLN:321	0.355
A:ASN:347	R:ALA:146	0.160
A:ASN:194	R:SER:153	0.040
A:ASN:347	R:ARG:159	0.460
A:ALA:345	R:LYS:248	0.345
A:LYS:32	R:ARG:157	0.025
A:ILE:343	R:ARG:157	0.005
B:ASP:312	R:LYS:75	0.265
A:TYR:354	R:PHE:318	0.090
A:ARG:349	R:LYS:248	0.080
A:ASN:346	R:ARG:157	0.205
A:ASN:194	R:ARG:155	0.095
A:TYR:354	R:ARG:324	0.340
A:ILE:319	R:GLN:245	0.005
B:ARG:314	R:LYS:76	0.010
A:GLU:318	R:ASN:246	0.195
A:ASP:218	R:LYS:76	0.010
A:ASN:346	R:ARG:159	0.120
A:CYS:351	R:ARG:143	0.775
A:TYR:354	R:LYS:251	0.150
A:PRO:315	R:LYS:248	0.095
A:LEU:353	R:LYS:248	0.075
A:ALA:338	R:GLN:245	0.005
A:SER:29	R:ARG:155	0.065
A:THR:340	R:THR:151	0.005
A:GLU:318	R:GLN:245	0.090
A:ASN:346	R:LYS:322	0.015
B:ASP:312	R:LYS:76	0.255
A:TYR:354	R:LYS:248	0.550
A:CYS:351	R:THR:81	0.355
A:ASP:337	R:GLN:245	0.040
A:LYS:193	R:ARG:155	0.110
A:ASP:262	R:LYS:322	0.020
A:TYR:354	R:GLN:321	0.530
