{
  "tracks": [
    {
      "trackProperties": [
        {
          "color": " #CC33EE", 
          "nodeName": "R:K248", 
          "size": 1.0
        }, 
        {
          "color": " #CC33EE", 
          "nodeName": "R:R324", 
          "size": 1.0
        }, 
        {
          "color": " #CC33EE", 
          "nodeName": "R:S153", 
          "size": 1.0
        }, 
        {
          "color": " #00FF00", 
          "nodeName": "A:S29", 
          "size": 1.0
        }, 
        {
          "color": " #CC33EE", 
          "nodeName": "R:K75", 
          "size": 1.0
        }, 
        {
          "color": " #00FF00", 
          "nodeName": "A:G352", 
          "size": 1.0
        }, 
        {
          "color": " #00FF00", 
          "nodeName": "A:G350", 
          "size": 1.0
        }, 
        {
          "color": " #FFEC2B", 
          "nodeName": "B:D312", 
          "size": 1.0
        }, 
        {
          "color": " #00FF00", 
          "nodeName": "A:N194", 
          "size": 1.0
        }, 
        {
          "color": " #00FF00", 
          "nodeName": "A:A31", 
          "size": 1.0
        }, 
        {
          "color": " #CC33EE", 
          "nodeName": "R:I319", 
          "size": 1.0
        }, 
        {
          "color": " #CC33EE", 
          "nodeName": "R:K322", 
          "size": 1.0
        }, 
        {
          "color": " #00FF00", 
          "nodeName": "A:D341", 
          "size": 1.0
        }, 
        {
          "color": " #00FF00", 
          "nodeName": "A:E318", 
          "size": 1.0
        }, 
        {
          "color": " #CC33EE", 
          "nodeName": "R:R143", 
          "size": 1.0
        }, 
        {
          "color": " #FFEC2B", 
          "nodeName": "B:G310", 
          "size": 1.0
        }, 
        {
          "color": " #00FF00", 
          "nodeName": "A:D262", 
          "size": 1.0
        }, 
        {
          "color": " #00FF00", 
          "nodeName": "A:H196", 
          "size": 1.0
        }, 
        {
          "color": " #00FF00", 
          "nodeName": "A:R349", 
          "size": 1.0
        }, 
        {
          "color": " #CC33EE", 
          "nodeName": "R:K152", 
          "size": 1.0
        }, 
        {
          "color": " #CC33EE", 
          "nodeName": "R:R155", 
          "size": 1.0
        }, 
        {
          "color": " #CC33EE", 
          "nodeName": "R:R157", 
          "size": 1.0
        }, 
        {
          "color": " #00FF00", 
          "nodeName": "A:Y320", 
          "size": 1.0
        }, 
        {
          "color": " #00FF00", 
          "nodeName": "A:A338", 
          "size": 1.0
        }, 
        {
          "color": " #00FF00", 
          "nodeName": "A:I343", 
          "size": 1.0
        }, 
        {
          "color": " #CC33EE", 
          "nodeName": "R:N246", 
          "size": 1.0
        }, 
        {
          "color": " #00FF00", 
          "nodeName": "A:I28", 
          "size": 1.0
        }, 
        {
          "color": " #CC33EE", 
          "nodeName": "R:K251", 
          "size": 1.0
        }, 
        {
          "color": " #CC33EE", 
          "nodeName": "R:A146", 
          "size": 1.0
        }, 
        {
          "color": " #00FF00", 
          "nodeName": "A:C351", 
          "size": 1.0
        }, 
        {
          "color": " #00FF00", 
          "nodeName": "A:K32", 
          "size": 1.0
        }, 
        {
          "color": " #00FF00", 
          "nodeName": "A:D33", 
          "size": 1.0
        }, 
        {
          "color": " #CC33EE", 
          "nodeName": "R:T81", 
          "size": 1.0
        }, 
        {
          "color": " #00FF00", 
          "nodeName": "A:T191", 
          "size": 1.0
        }, 
        {
          "color": " #CC33EE", 
          "nodeName": "R:R159", 
          "size": 1.0
        }, 
        {
          "color": " #FFEC2B", 
          "nodeName": "B:N313", 
          "size": 1.0
        }, 
        {
          "color": " #00FF00", 
          "nodeName": "A:D218", 
          "size": 1.0
        }, 
        {
          "color": " #CC33EE", 
          "nodeName": "R:Q245", 
          "size": 1.0
        }, 
        {
          "color": " #CC33EE", 
          "nodeName": "R:F318", 
          "size": 1.0
        }, 
        {
          "color": " #CC33EE", 
          "nodeName": "R:F154", 
          "size": 1.0
        }, 
        {
          "color": " #00FF00", 
          "nodeName": "A:I319", 
          "size": 1.0
        }, 
        {
          "color": " #00FF00", 
          "nodeName": "A:A345", 
          "size": 1.0
        }, 
        {
          "color": " #CC33EE", 
          "nodeName": "R:S79", 
          "size": 1.0
        }, 
        {
          "color": " #00FF00", 
          "nodeName": "A:N316", 
          "size": 1.0
        }, 
        {
          "color": " #FFEC2B", 
          "nodeName": "B:D333", 
          "size": 1.0
        }, 
        {
          "color": " #CC33EE", 
          "nodeName": "R:K76", 
          "size": 1.0
        }, 
        {
          "color": " #00FF00", 
          "nodeName": "A:P315", 
          "size": 1.0
        }, 
        {
          "color": " #00FF00", 
          "nodeName": "A:K193", 
          "size": 1.0
        }, 
        {
          "color": " #CC33EE", 
          "nodeName": "R:T151", 
          "size": 1.0
        }, 
        {
          "color": " #FFEC2B", 
          "nodeName": "B:R314", 
          "size": 1.0
        }, 
        {
          "color": " #00FF00", 
          "nodeName": "A:T340", 
          "size": 1.0
        }, 
        {
          "color": " #00FF00", 
          "nodeName": "A:N347", 
          "size": 1.0
        }, 
        {
          "color": " #00FF00", 
          "nodeName": "A:N346", 
          "size": 1.0
        }, 
        {
          "color": " #00FF00", 
          "nodeName": "A:D337", 
          "size": 1.0
        }, 
        {
          "color": " #CC33EE", 
          "nodeName": "R:Q321", 
          "size": 1.0
        }, 
        {
          "color": " #00FF00", 
          "nodeName": "A:L353", 
          "size": 1.0
        }, 
        {
          "color": " #00FF00", 
          "nodeName": "A:Y354", 
          "size": 1.0
        }, 
        {
          "color": " #CC33EE", 
          "nodeName": "R:S247", 
          "size": 1.0
        }
      ], 
      "trackLabel": "DefaultTrack"
    }
  ], 
  "edges": [
    {
      "frames": [0, 
        1, 
        2, 
        6, 
        7, 
        9, 
        10, 
        12, 
        14, 
        16, 
        20, 
        21, 
        22, 
        24, 
        26, 
        33, 
        34, 
        35, 
        36, 
        37, 
        38, 
        41, 
        42, 
        47, 
        58, 
        62, 
        64, 
        71, 
        144, 
        153], 
      "name2": "R:K251", 
      "name1": "A:Y354"
    }, 
    {
      "frames": [0, 
        1, 
        4, 
        12, 
        17, 
        18, 
        62, 
        64, 
        75, 
        93, 
        98, 
        135, 
        138, 
        139, 
        142, 
        143, 
        156, 
        159, 
        161, 
        163, 
        164, 
        168, 
        171, 
        172, 
        174, 
        175, 
        176, 
        186, 
        188, 
        190, 
        191, 
        198], 
      "name2": "R:A146", 
      "name1": "A:N347"
    }, 
    {
      "frames": [0, 
        1, 
        2, 
        4, 
        5, 
        6, 
        7, 
        8, 
        9, 
        10, 
        11, 
        12, 
        13, 
        14, 
        15, 
        16, 
        17, 
        18, 
        19, 
        20, 
        21, 
        22, 
        23, 
        24, 
        25, 
        26, 
        27, 
        28, 
        29, 
        30, 
        31, 
        32, 
        33, 
        35, 
        36, 
        37, 
        38, 
        39, 
        40, 
        41, 
        42, 
        44, 
        45, 
        46, 
        47, 
        48, 
        49, 
        50, 
        51, 
        52, 
        53, 
        54, 
        55, 
        56, 
        57, 
        58, 
        156, 
        157, 
        158, 
        160, 
        161, 
        163, 
        165, 
        166, 
        168, 
        169, 
        170, 
        171, 
        173, 
        174, 
        175, 
        176, 
        179, 
        180, 
        181, 
        182, 
        183, 
        184, 
        185, 
        186, 
        187, 
        189, 
        190, 
        191, 
        192, 
        193, 
        194, 
        195, 
        196, 
        197, 
        198, 
        199], 
      "name2": "R:R159", 
      "name1": "A:N347"
    }, 
    {
      "frames": [0, 
        3, 
        4, 
        5, 
        6, 
        7, 
        8, 
        9, 
        10, 
        11, 
        12, 
        13, 
        14, 
        15, 
        16, 
        17, 
        18, 
        19, 
        21, 
        22, 
        23, 
        24, 
        25, 
        26, 
        27, 
        28, 
        29, 
        30, 
        31, 
        34, 
        40, 
        42, 
        44, 
        46, 
        47, 
        48, 
        49, 
        50, 
        51, 
        52, 
        53, 
        54, 
        60, 
        68, 
        70, 
        77, 
        80, 
        83, 
        85, 
        86, 
        87, 
        88, 
        89, 
        90, 
        92, 
        93, 
        96, 
        97, 
        98, 
        99, 
        100, 
        101, 
        103, 
        104, 
        105, 
        106, 
        107, 
        108, 
        109, 
        114, 
        116, 
        117, 
        118, 
        119, 
        120, 
        121, 
        122, 
        123, 
        124, 
        126, 
        127, 
        128, 
        129, 
        130, 
        131, 
        132, 
        133, 
        135, 
        136, 
        137, 
        138, 
        139, 
        140, 
        141, 
        142, 
        143, 
        144, 
        145, 
        146, 
        147, 
        148, 
        149, 
        150, 
        151, 
        152, 
        153, 
        162, 
        166, 
        167, 
        171, 
        172, 
        174, 
        175, 
        177, 
        178, 
        179, 
        180, 
        181, 
        182, 
        183, 
        187, 
        188, 
        189, 
        194, 
        195, 
        198], 
      "name2": "R:N246", 
      "name1": "A:Y320"
    }, 
    {
      "frames": [0, 
        1, 
        2, 
        3, 
        4, 
        5, 
        6, 
        7, 
        8, 
        9, 
        10, 
        11, 
        12, 
        13, 
        14, 
        15, 
        16, 
        17, 
        18, 
        19, 
        20, 
        21, 
        22, 
        23, 
        25, 
        26, 
        27, 
        28, 
        29, 
        30, 
        31, 
        32, 
        33, 
        34, 
        35, 
        36, 
        37, 
        38, 
        39, 
        40, 
        41, 
        42, 
        44, 
        45, 
        46, 
        47, 
        48, 
        49, 
        50, 
        55, 
        56, 
        60, 
        61, 
        63, 
        64, 
        68, 
        70, 
        72, 
        85, 
        92, 
        98, 
        103, 
        109, 
        110, 
        116, 
        137, 
        147, 
        148, 
        154], 
      "name2": "R:K248", 
      "name1": "A:A345"
    }, 
    {
      "frames": [0, 
        1, 
        2, 
        3, 
        4, 
        5, 
        9, 
        12, 
        14, 
        15, 
        18, 
        19, 
        20, 
        21, 
        23, 
        25, 
        28, 
        31, 
        34, 
        40, 
        49, 
        50, 
        51, 
        52, 
        53, 
        54, 
        72, 
        180, 
        182], 
      "name2": "R:Q321", 
      "name1": "A:L353"
    }, 
    {
      "frames": [0, 
        1, 
        2, 
        4, 
        5, 
        7, 
        9, 
        12, 
        14, 
        15, 
        18, 
        20, 
        21, 
        23, 
        25, 
        27, 
        28, 
        31, 
        32, 
        33, 
        35, 
        37, 
        40, 
        42, 
        43, 
        44, 
        45, 
        46, 
        47, 
        48, 
        49, 
        51, 
        52, 
        53, 
        54, 
        55, 
        56, 
        59, 
        61, 
        64, 
        65, 
        66, 
        70, 
        71, 
        72, 
        73, 
        81, 
        106, 
        108, 
        116, 
        133, 
        134, 
        136, 
        144, 
        170, 
        173, 
        183, 
        187, 
        192, 
        196, 
        199], 
      "name2": "R:R143", 
      "name1": "A:G352"
    }, 
    {
      "frames": [0, 
        1, 
        7, 
        8, 
        9, 
        10, 
        11, 
        12, 
        13, 
        14, 
        15, 
        16, 
        19, 
        21, 
        23, 
        24, 
        25, 
        27, 
        29, 
        31, 
        32, 
        33, 
        34, 
        35, 
        36, 
        37, 
        38, 
        39, 
        40, 
        41, 
        43, 
        44, 
        45, 
        46, 
        47, 
        48, 
        49, 
        50, 
        51, 
        53, 
        54, 
        55, 
        56, 
        57, 
        58, 
        59, 
        60, 
        61, 
        62, 
        63, 
        64, 
        65, 
        66, 
        67, 
        68, 
        70, 
        71, 
        72, 
        73, 
        75, 
        76, 
        77, 
        78, 
        79, 
        80, 
        81, 
        82, 
        83, 
        84, 
        86, 
        87, 
        88, 
        89, 
        90, 
        91, 
        93, 
        94, 
        95, 
        96, 
        97, 
        98, 
        99, 
        100, 
        101, 
        102, 
        103, 
        104, 
        105, 
        106, 
        107, 
        108, 
        109, 
        110, 
        111, 
        112, 
        113, 
        114, 
        115, 
        116, 
        117, 
        118, 
        119, 
        120, 
        121, 
        122, 
        123, 
        124, 
        125, 
        126, 
        127, 
        128, 
        129, 
        133, 
        134, 
        135, 
        136, 
        137, 
        138, 
        139, 
        140, 
        141, 
        142, 
        143, 
        144, 
        145, 
        146, 
        147, 
        148, 
        149, 
        150, 
        151, 
        152, 
        153, 
        154, 
        155, 
        156, 
        158, 
        159, 
        160, 
        161, 
        162, 
        163, 
        164, 
        165, 
        166, 
        167, 
        168, 
        170, 
        171, 
        172, 
        173, 
        174, 
        175, 
        176, 
        177, 
        178, 
        179, 
        180, 
        181, 
        182, 
        183, 
        184, 
        185, 
        186, 
        187, 
        188, 
        189, 
        190, 
        191, 
        192, 
        193, 
        194, 
        195, 
        196, 
        197, 
        198, 
        199], 
      "name2": "R:R155", 
      "name1": "A:K32"
    }, 
    {
      "frames": [0, 
        1, 
        2, 
        35, 
        36, 
        37, 
        38, 
        54, 
        55, 
        56, 
        58, 
        59, 
        61, 
        62, 
        63, 
        65, 
        66, 
        67, 
        69, 
        72, 
        73, 
        75, 
        76, 
        81, 
        82, 
        84, 
        91, 
        94, 
        102, 
        111, 
        112, 
        113, 
        115, 
        154, 
        155, 
        156, 
        157, 
        158, 
        161, 
        162, 
        163, 
        164, 
        168, 
        170, 
        173, 
        190, 
        191, 
        193], 
      "name2": "R:Q245", 
      "name1": "A:Y320"
    }, 
    {
      "frames": [0, 
        22, 
        44, 
        54, 
        57, 
        58, 
        59, 
        60, 
        61, 
        62, 
        63, 
        64, 
        66, 
        68, 
        69, 
        70, 
        71, 
        72, 
        73, 
        74, 
        75, 
        76, 
        78, 
        80, 
        81, 
        82, 
        84, 
        86, 
        87, 
        88, 
        89, 
        90, 
        91, 
        92, 
        94, 
        95, 
        97, 
        98, 
        99, 
        100, 
        101, 
        103, 
        104, 
        108, 
        109, 
        110, 
        111, 
        113, 
        114, 
        115, 
        116, 
        118, 
        119, 
        120, 
        121, 
        122, 
        124, 
        128, 
        129, 
        131, 
        136, 
        137, 
        139, 
        140, 
        141, 
        142, 
        143, 
        144, 
        145, 
        156, 
        157, 
        158, 
        159, 
        160, 
        161, 
        162, 
        163, 
        164, 
        165, 
        166, 
        167, 
        168, 
        169, 
        170, 
        171, 
        172, 
        173, 
        174, 
        176, 
        178, 
        179, 
        180, 
        181, 
        182, 
        184, 
        187, 
        188, 
        189, 
        190, 
        191, 
        192, 
        194, 
        195, 
        197, 
        198, 
        199], 
      "name2": "R:Q321", 
      "name1": "A:Y354"
    }, 
    {
      "frames": [1, 
        4, 
        8, 
        9, 
        11, 
        12, 
        13, 
        15, 
        16, 
        17, 
        20, 
        22, 
        23, 
        24, 
        25, 
        34, 
        36, 
        37], 
      "name2": "R:Q245", 
      "name1": "A:E318"
    }, 
    {
      "frames": [1, 
        2, 
        3, 
        4, 
        5, 
        6, 
        7, 
        8, 
        9, 
        10, 
        11, 
        12, 
        13, 
        14, 
        15, 
        16, 
        17, 
        18, 
        20, 
        21, 
        22, 
        23, 
        24, 
        25, 
        26, 
        27, 
        28, 
        29, 
        30, 
        31, 
        32, 
        34, 
        35, 
        36, 
        37, 
        38, 
        39, 
        40, 
        41, 
        42, 
        43, 
        44, 
        45, 
        46, 
        47, 
        48, 
        49, 
        50, 
        51, 
        52, 
        53, 
        54, 
        55, 
        56, 
        77, 
        85, 
        106, 
        118, 
        119, 
        121, 
        123, 
        125, 
        131, 
        134, 
        135, 
        137, 
        147, 
        163], 
      "name2": "R:R324", 
      "name1": "A:Y354"
    }, 
    {
      "frames": [1, 
        2, 
        3, 
        4, 
        5, 
        6, 
        8, 
        9, 
        10, 
        11, 
        13, 
        14, 
        17, 
        20, 
        21, 
        23, 
        24, 
        27, 
        28, 
        29, 
        30, 
        32, 
        35, 
        36, 
        39, 
        42, 
        44, 
        46, 
        47, 
        48, 
        49, 
        50, 
        51, 
        52, 
        53, 
        55, 
        56, 
        57, 
        58, 
        59, 
        60, 
        61, 
        62, 
        63, 
        66, 
        70, 
        71, 
        72, 
        78, 
        79, 
        80, 
        81, 
        84, 
        86, 
        87, 
        88, 
        90, 
        95, 
        96, 
        99, 
        100, 
        101, 
        106, 
        108, 
        109, 
        110, 
        111, 
        112, 
        113, 
        115, 
        117, 
        118, 
        119, 
        121, 
        122, 
        123, 
        125, 
        130, 
        131, 
        133, 
        134, 
        135, 
        137, 
        138, 
        139, 
        141, 
        144, 
        145, 
        146, 
        151, 
        157, 
        158, 
        163, 
        164, 
        166, 
        168, 
        169, 
        170, 
        171, 
        173, 
        174, 
        175, 
        179, 
        180, 
        181, 
        182, 
        183, 
        184, 
        187, 
        188, 
        189, 
        190, 
        191, 
        193, 
        194, 
        196, 
        197, 
        199], 
      "name2": "R:K322", 
      "name1": "A:R349"
    }, 
    {
      "frames": [1, 
        2, 
        62, 
        64, 
        65, 
        66, 
        67, 
        71, 
        83, 
        86, 
        98, 
        110, 
        111, 
        112, 
        135, 
        137, 
        154, 
        155, 
        156, 
        159, 
        160, 
        161, 
        163, 
        164, 
        165, 
        169, 
        170, 
        183, 
        190, 
        194, 
        196, 
        197, 
        199], 
      "name2": "R:N246", 
      "name1": "A:D341"
    }, 
    {
      "frames": [2, 
        3, 
        5, 
        51, 
        52, 
        53, 
        55, 
        56, 
        57, 
        58, 
        59, 
        60, 
        61, 
        62, 
        63, 
        64, 
        66, 
        67, 
        68, 
        69, 
        71, 
        73, 
        74, 
        75, 
        76, 
        78, 
        81, 
        82, 
        84, 
        85, 
        86, 
        87, 
        89, 
        90, 
        91, 
        92, 
        93, 
        94, 
        99, 
        101, 
        102, 
        110, 
        113, 
        115, 
        116, 
        118, 
        120, 
        121, 
        122, 
        123, 
        132, 
        144, 
        147, 
        154, 
        155, 
        156, 
        157, 
        158, 
        159, 
        160, 
        161, 
        162, 
        163, 
        164, 
        168, 
        169, 
        170, 
        172, 
        173, 
        174, 
        175, 
        186, 
        189, 
        190, 
        191, 
        192, 
        193, 
        194, 
        195, 
        197, 
        198, 
        199], 
      "name2": "R:S247", 
      "name1": "A:E318"
    }, 
    {
      "frames": [2, 
        3, 
        5, 
        6, 
        7, 
        8, 
        9, 
        12, 
        13, 
        14, 
        15, 
        17, 
        18, 
        19, 
        20, 
        22, 
        24, 
        26, 
        27, 
        29, 
        30, 
        31, 
        32, 
        33, 
        36, 
        40, 
        41, 
        42, 
        43, 
        45, 
        46, 
        47, 
        49, 
        50, 
        51, 
        52, 
        53, 
        55, 
        56, 
        57, 
        58, 
        59, 
        60, 
        61, 
        62, 
        63, 
        64, 
        65, 
        66, 
        67, 
        68, 
        69, 
        70, 
        71, 
        73, 
        74, 
        75, 
        76, 
        79, 
        80, 
        81, 
        82, 
        83, 
        84, 
        85, 
        87, 
        90, 
        92, 
        93, 
        94, 
        95, 
        96, 
        97, 
        98, 
        99, 
        100, 
        101, 
        102, 
        103, 
        104, 
        105, 
        106, 
        107, 
        108, 
        109, 
        110, 
        111, 
        112, 
        113, 
        114, 
        115, 
        116, 
        117, 
        118, 
        119, 
        120, 
        122, 
        123, 
        124, 
        125, 
        126, 
        127, 
        128, 
        129, 
        130, 
        131, 
        132, 
        133, 
        134, 
        135, 
        136, 
        137, 
        138, 
        139, 
        140, 
        141, 
        142, 
        143, 
        144, 
        145, 
        146, 
        147, 
        148, 
        149, 
        150, 
        152, 
        153, 
        154, 
        155, 
        156, 
        157, 
        158, 
        159, 
        160, 
        161, 
        162, 
        163, 
        164, 
        165, 
        166, 
        167, 
        168, 
        169, 
        170, 
        171, 
        172, 
        173, 
        174, 
        175, 
        176, 
        177, 
        178, 
        179, 
        180, 
        181, 
        182, 
        183, 
        184, 
        185, 
        186, 
        188, 
        189, 
        190, 
        191, 
        192, 
        193, 
        194, 
        195, 
        196, 
        197, 
        198, 
        199], 
      "name2": "R:Q245", 
      "name1": "A:D341"
    }, 
    {
      "frames": [2, 
        3, 
        4, 
        6, 
        7, 
        8, 
        9, 
        10, 
        11, 
        12, 
        13, 
        14, 
        15, 
        16, 
        17, 
        18, 
        19, 
        20, 
        21, 
        22, 
        23, 
        24], 
      "name2": "R:R155", 
      "name1": "A:K193"
    }, 
    {
      "frames": [3, 
        14, 
        17, 
        22, 
        23, 
        24, 
        25, 
        26, 
        27, 
        35, 
        37, 
        39, 
        40, 
        42, 
        43, 
        45, 
        62, 
        63, 
        65, 
        68, 
        70, 
        78, 
        80, 
        83, 
        85, 
        86, 
        88, 
        89, 
        90, 
        91, 
        93, 
        94, 
        98, 
        99, 
        100, 
        102, 
        103, 
        106, 
        107, 
        108, 
        113, 
        123, 
        143, 
        149, 
        152, 
        154, 
        159, 
        160, 
        179, 
        187, 
        190, 
        191, 
        192], 
      "name2": "R:K75", 
      "name1": "B:D312"
    }, 
    {
      "frames": [3, 
        12, 
        17, 
        19, 
        21, 
        22, 
        23, 
        26, 
        30, 
        31, 
        34, 
        35, 
        37, 
        38, 
        40, 
        41, 
        42, 
        43, 
        45, 
        47, 
        48, 
        49, 
        50, 
        51, 
        53, 
        54, 
        56, 
        62, 
        63, 
        67, 
        70, 
        71, 
        73, 
        77, 
        78, 
        81, 
        84, 
        89, 
        93, 
        100, 
        103, 
        105, 
        115, 
        117, 
        120, 
        122, 
        123, 
        124, 
        127, 
        128, 
        129, 
        130, 
        131, 
        132, 
        133, 
        136, 
        139, 
        142, 
        143, 
        145, 
        147, 
        148, 
        150, 
        161, 
        170, 
        176, 
        185, 
        186, 
        189, 
        198, 
        199], 
      "name2": "R:T81", 
      "name1": "A:C351"
    }, 
    {
      "frames": [3], 
      "name2": "R:K322", 
      "name1": "A:G350"
    }, 
    {
      "frames": [3], 
      "name2": "R:T151", 
      "name1": "A:T340"
    }, 
    {
      "frames": [4, 
        17, 
        18, 
        31, 
        49, 
        50, 
        51, 
        53, 
        54, 
        77, 
        87, 
        97, 
        116, 
        119, 
        120, 
        122, 
        127, 
        141, 
        153], 
      "name2": "R:N246", 
      "name1": "A:N316"
    }, 
    {
      "frames": [4, 
        5, 
        6, 
        7, 
        8, 
        10, 
        11, 
        13, 
        14, 
        16, 
        19, 
        21, 
        22, 
        23, 
        24, 
        25, 
        26, 
        29, 
        30, 
        31, 
        32, 
        33, 
        34, 
        36, 
        38, 
        39, 
        41, 
        46, 
        60, 
        63, 
        67, 
        68, 
        69, 
        74, 
        77, 
        78, 
        79, 
        80, 
        81, 
        82, 
        83, 
        84, 
        85, 
        86, 
        87, 
        88, 
        89, 
        90, 
        91, 
        92, 
        93, 
        94, 
        95, 
        96, 
        97, 
        98, 
        99, 
        100, 
        101, 
        102, 
        103, 
        104, 
        105, 
        106, 
        107, 
        108, 
        109, 
        110, 
        111, 
        112, 
        113, 
        114, 
        115, 
        116, 
        117, 
        119, 
        120, 
        121, 
        122, 
        123, 
        124, 
        125, 
        126, 
        127, 
        128, 
        129, 
        130, 
        131, 
        132, 
        133, 
        134, 
        135, 
        136, 
        137, 
        138, 
        139, 
        140, 
        141, 
        142, 
        143, 
        144, 
        145, 
        146, 
        147, 
        148, 
        149, 
        150, 
        151, 
        152, 
        153, 
        154, 
        155, 
        156, 
        157, 
        158, 
        159, 
        160, 
        161, 
        162, 
        163, 
        164, 
        165, 
        166, 
        167, 
        168, 
        169, 
        170, 
        171, 
        172, 
        173, 
        174, 
        175, 
        176, 
        177, 
        178, 
        179, 
        180, 
        181, 
        182, 
        183, 
        184, 
        185, 
        186, 
        187, 
        188, 
        189, 
        190, 
        191, 
        192, 
        193, 
        195, 
        196, 
        197, 
        198, 
        199], 
      "name2": "R:R143", 
      "name1": "A:C351"
    }, 
    {
      "frames": [5, 
        6], 
      "name2": "R:K76", 
      "name1": "A:D218"
    }, 
    {
      "frames": [5, 
        47, 
        49, 
        167, 
        168, 
        177, 
        180, 
        181, 
        182, 
        183, 
        185, 
        189, 
        190, 
        191, 
        198, 
        199], 
      "name2": "R:K248", 
      "name1": "A:R349"
    }, 
    {
      "frames": [6, 
        7, 
        8, 
        9, 
        10, 
        11, 
        12, 
        13, 
        14, 
        15, 
        16, 
        18, 
        19, 
        20, 
        21, 
        22, 
        23, 
        24, 
        25, 
        26, 
        27, 
        28, 
        29, 
        32, 
        33, 
        34, 
        35, 
        36, 
        37, 
        38, 
        39, 
        40, 
        41, 
        42, 
        43, 
        44, 
        45, 
        46, 
        47, 
        76, 
        79, 
        80, 
        83, 
        85, 
        87, 
        90, 
        92, 
        93, 
        94, 
        95, 
        96, 
        98, 
        99, 
        100, 
        101, 
        102, 
        103, 
        104, 
        105, 
        106, 
        107, 
        108, 
        109, 
        114, 
        115, 
        116, 
        117, 
        118, 
        119, 
        121, 
        122, 
        123, 
        124, 
        125, 
        126, 
        127, 
        128, 
        129, 
        130, 
        131, 
        132, 
        133, 
        134, 
        135, 
        136, 
        137, 
        138, 
        139, 
        140, 
        141, 
        142, 
        143, 
        144, 
        145, 
        146, 
        147, 
        148, 
        149, 
        150, 
        151, 
        152], 
      "name2": "R:N246", 
      "name1": "A:P315"
    }, 
    {
      "frames": [8, 
        9, 
        10], 
      "name2": "R:F154", 
      "name1": "A:K32"
    }, 
    {
      "frames": [11, 
        12, 
        13, 
        14, 
        15, 
        16, 
        17, 
        18, 
        19, 
        20, 
        21, 
        22, 
        23, 
        24, 
        25, 
        26, 
        27, 
        28, 
        30, 
        33, 
        34], 
      "name2": "R:R157", 
      "name1": "A:A31"
    }, 
    {
      "frames": [13, 
        14, 
        15, 
        17, 
        18, 
        19, 
        20, 
        22, 
        25, 
        26, 
        27, 
        28, 
        29, 
        30, 
        31, 
        32, 
        33, 
        34, 
        35, 
        36, 
        37, 
        38, 
        40, 
        41, 
        42, 
        43, 
        44, 
        45, 
        46, 
        47, 
        49, 
        50, 
        51, 
        52, 
        53, 
        54, 
        55, 
        56, 
        59, 
        60, 
        61, 
        62, 
        63, 
        64, 
        65, 
        66, 
        67, 
        68, 
        69, 
        71, 
        72, 
        73, 
        74, 
        75, 
        76, 
        78, 
        79, 
        80, 
        81, 
        82, 
        83, 
        84, 
        85, 
        87, 
        88, 
        89, 
        91, 
        92, 
        93, 
        94, 
        95, 
        96, 
        97, 
        98, 
        99, 
        100, 
        101, 
        102, 
        104, 
        105, 
        106, 
        107, 
        108, 
        109, 
        110, 
        112, 
        113, 
        114, 
        115, 
        116, 
        117, 
        118, 
        119, 
        120, 
        121, 
        122, 
        123, 
        124, 
        125, 
        127, 
        128, 
        129, 
        130, 
        131, 
        132, 
        134, 
        135, 
        136, 
        137, 
        138, 
        140, 
        141, 
        142, 
        143, 
        144, 
        145, 
        146, 
        147, 
        148, 
        149, 
        150, 
        151, 
        152, 
        153, 
        154, 
        155, 
        156, 
        157, 
        158, 
        159, 
        160, 
        161, 
        162, 
        163, 
        164, 
        165, 
        166, 
        167, 
        168, 
        169, 
        170, 
        171, 
        172, 
        173, 
        174, 
        175, 
        176, 
        177, 
        178, 
        179, 
        180, 
        181, 
        182, 
        183, 
        184, 
        185, 
        186, 
        187, 
        188, 
        189, 
        190, 
        191, 
        192, 
        193, 
        194, 
        195, 
        196, 
        197, 
        198, 
        199], 
      "name2": "R:S79", 
      "name1": "A:G350"
    }, 
    {
      "frames": [21, 
        23, 
        28, 
        32, 
        34], 
      "name2": "R:R157", 
      "name1": "A:K32"
    }, 
    {
      "frames": [25, 
        27, 
        28, 
        29, 
        30, 
        31, 
        131, 
        148, 
        149, 
        150, 
        151, 
        152, 
        155, 
        156, 
        157, 
        161, 
        163, 
        166, 
        178], 
      "name2": "R:R155", 
      "name1": "A:N194"
    }, 
    {
      "frames": [25], 
      "name2": "R:Q245", 
      "name1": "A:I319"
    }, 
    {
      "frames": [26, 
        31, 
        43, 
        51, 
        53, 
        72, 
        78, 
        94, 
        113, 
        115, 
        116, 
        117, 
        144, 
        147, 
        149, 
        150, 
        159, 
        171, 
        184, 
        187], 
      "name2": "R:K152", 
      "name1": "A:N194"
    }, 
    {
      "frames": [29], 
      "name2": "R:R155", 
      "name1": "A:T191"
    }, 
    {
      "frames": [30, 
        74, 
        75, 
        77, 
        81, 
        84, 
        85, 
        87, 
        91, 
        102, 
        169], 
      "name2": "R:R155", 
      "name1": "A:H196"
    }, 
    {
      "frames": [31, 
        49, 
        50, 
        53, 
        54, 
        81, 
        82, 
        87], 
      "name2": "R:S247", 
      "name1": "A:P315"
    }, 
    {
      "frames": [32, 
        33, 
        38, 
        42, 
        44, 
        48, 
        52, 
        69, 
        73, 
        83, 
        87, 
        91, 
        102, 
        111, 
        117, 
        132, 
        133, 
        135, 
        138, 
        157, 
        161, 
        167, 
        168, 
        169, 
        184, 
        185], 
      "name2": "R:R155", 
      "name1": "A:D33"
    }, 
    {
      "frames": [35, 
        71, 
        74, 
        79, 
        80, 
        84, 
        85, 
        86, 
        87, 
        88, 
        91, 
        131, 
        169], 
      "name2": "R:R155", 
      "name1": "A:S29"
    }, 
    {
      "frames": [43, 
        59, 
        60, 
        61, 
        62, 
        63, 
        65, 
        66, 
        67, 
        68, 
        69, 
        70, 
        71, 
        72, 
        73, 
        75, 
        76, 
        77, 
        78, 
        79, 
        80, 
        81, 
        82, 
        83, 
        84, 
        85, 
        86, 
        87, 
        88, 
        89, 
        90, 
        91, 
        92, 
        93, 
        94, 
        95, 
        96, 
        97, 
        98, 
        99, 
        100, 
        101, 
        102, 
        103, 
        104, 
        105, 
        106, 
        107, 
        108, 
        109, 
        110, 
        111, 
        112, 
        113, 
        114, 
        115, 
        116, 
        117, 
        118, 
        119, 
        120, 
        121, 
        122, 
        123, 
        124, 
        125, 
        126, 
        127, 
        128, 
        129, 
        130, 
        131, 
        132, 
        133, 
        134, 
        135, 
        136, 
        137, 
        138, 
        139, 
        140, 
        141, 
        142, 
        143, 
        144, 
        145, 
        146, 
        147, 
        148, 
        149, 
        150, 
        151, 
        152, 
        153, 
        154, 
        155, 
        156, 
        157, 
        158, 
        159, 
        160, 
        161, 
        162, 
        163, 
        164, 
        165, 
        166, 
        167, 
        168, 
        171, 
        172, 
        174, 
        175, 
        176, 
        177, 
        178, 
        179, 
        181, 
        182, 
        183, 
        185, 
        186, 
        188, 
        190, 
        191, 
        192, 
        193, 
        194, 
        195, 
        196, 
        197, 
        198, 
        199], 
      "name2": "R:R157", 
      "name1": "A:N347"
    }, 
    {
      "frames": [43, 
        57, 
        62, 
        63, 
        64, 
        65, 
        66, 
        69, 
        71, 
        73, 
        74, 
        76, 
        152, 
        153, 
        154], 
      "name2": "R:K248", 
      "name1": "A:L353"
    }, 
    {
      "frames": [47, 
        51, 
        183], 
      "name2": "R:K322", 
      "name1": "A:N346"
    }, 
    {
      "frames": [50, 
        59, 
        76, 
        77, 
        80, 
        105, 
        176, 
        178], 
      "name2": "R:Q245", 
      "name1": "A:D337"
    }, 
    {
      "frames": [51, 
        52, 
        53, 
        56, 
        58, 
        59, 
        60, 
        61, 
        62, 
        63, 
        64, 
        65, 
        66, 
        67, 
        68, 
        69, 
        70, 
        71, 
        72, 
        73, 
        74, 
        76, 
        78, 
        79, 
        81, 
        82, 
        83, 
        85, 
        89, 
        90, 
        92, 
        93, 
        94, 
        95, 
        96, 
        97, 
        98, 
        99, 
        100, 
        101, 
        103, 
        104, 
        105, 
        106, 
        107, 
        108, 
        109, 
        110, 
        111, 
        112, 
        113, 
        114, 
        115, 
        117, 
        118, 
        119, 
        120, 
        121, 
        124, 
        125, 
        127, 
        128, 
        129, 
        130, 
        131, 
        132, 
        133, 
        134, 
        135, 
        136, 
        137, 
        138, 
        139, 
        140, 
        141, 
        142, 
        143, 
        144, 
        145, 
        146, 
        147, 
        148, 
        150, 
        151, 
        154, 
        155, 
        156, 
        157, 
        158, 
        159, 
        160, 
        161, 
        163, 
        164, 
        165, 
        167, 
        168, 
        169, 
        170, 
        171, 
        172, 
        173, 
        174, 
        175, 
        176, 
        177, 
        179, 
        180, 
        181, 
        182, 
        183, 
        185, 
        187, 
        188, 
        189, 
        190, 
        191, 
        192, 
        193, 
        194, 
        195, 
        196, 
        197, 
        198, 
        199], 
      "name2": "R:R155", 
      "name1": "A:I28"
    }, 
    {
      "frames": [54, 
        125, 
        127, 
        128, 
        132, 
        135, 
        164, 
        166], 
      "name2": "R:S153", 
      "name1": "A:N194"
    }, 
    {
      "frames": [55, 
        62, 
        63, 
        66, 
        67, 
        68, 
        69, 
        70, 
        71, 
        72, 
        78, 
        79, 
        80, 
        81, 
        82, 
        83, 
        84, 
        85, 
        86, 
        87, 
        114, 
        115, 
        121, 
        122, 
        123, 
        124, 
        125, 
        126, 
        131, 
        132, 
        141, 
        144, 
        145, 
        146, 
        147, 
        148, 
        149, 
        150, 
        151, 
        152, 
        153, 
        154, 
        156, 
        159, 
        168, 
        169, 
        170, 
        172, 
        174, 
        185, 
        186], 
      "name2": "R:K76", 
      "name1": "B:D312"
    }, 
    {
      "frames": [55, 
        56, 
        59, 
        60, 
        61, 
        63, 
        68, 
        74, 
        81, 
        88, 
        110, 
        113, 
        156, 
        157, 
        158, 
        161, 
        162, 
        165, 
        166, 
        167, 
        168, 
        169, 
        170, 
        171, 
        172, 
        174, 
        176, 
        177, 
        179, 
        180, 
        182, 
        185, 
        186, 
        191, 
        193, 
        196, 
        197, 
        198, 
        199], 
      "name2": "R:N246", 
      "name1": "A:E318"
    }, 
    {
      "frames": [58, 
        59, 
        60, 
        61, 
        62, 
        63, 
        70, 
        71, 
        73, 
        75, 
        121, 
        136, 
        191, 
        193, 
        194], 
      "name2": "R:I319", 
      "name1": "A:Y354"
    }, 
    {
      "frames": [58, 
        59, 
        67, 
        77, 
        78, 
        79, 
        80, 
        81, 
        82, 
        83, 
        84, 
        85, 
        86, 
        87, 
        88, 
        89, 
        90, 
        91, 
        93, 
        94, 
        95, 
        96, 
        97, 
        98, 
        100, 
        101, 
        102, 
        103, 
        104, 
        105, 
        106, 
        107, 
        108, 
        109, 
        110, 
        113, 
        114, 
        115, 
        116, 
        117, 
        118, 
        119, 
        120, 
        121, 
        122, 
        123, 
        124, 
        125, 
        126, 
        127, 
        128, 
        129, 
        130, 
        131, 
        132, 
        133, 
        134, 
        135, 
        136, 
        137, 
        138, 
        139, 
        140, 
        141, 
        142, 
        143, 
        144, 
        145, 
        146, 
        147, 
        148, 
        149, 
        150, 
        151, 
        155, 
        156, 
        157, 
        158, 
        159, 
        160, 
        162, 
        163, 
        165, 
        166, 
        167, 
        168, 
        169, 
        170, 
        171, 
        172, 
        174, 
        175, 
        176, 
        177, 
        178, 
        181, 
        182, 
        184, 
        187, 
        188, 
        189, 
        190, 
        191, 
        192, 
        193, 
        195, 
        196, 
        197, 
        198, 
        199], 
      "name2": "R:K248", 
      "name1": "A:Y354"
    }, 
    {
      "frames": [60, 
        68, 
        85, 
        112, 
        118, 
        119, 
        124, 
        125, 
        126, 
        127, 
        128, 
        129, 
        130, 
        172, 
        179, 
        180, 
        181, 
        186], 
      "name2": "R:K76", 
      "name1": "B:N313"
    }, 
    {
      "frames": [67, 
        111, 
        112, 
        155, 
        156, 
        161, 
        163, 
        164, 
        169, 
        171, 
        172, 
        173, 
        179, 
        187, 
        188, 
        189, 
        193, 
        195, 
        198], 
      "name2": "R:K248", 
      "name1": "A:P315"
    }, 
    {
      "frames": [67, 
        78, 
        84, 
        91, 
        93, 
        94, 
        97, 
        98, 
        100, 
        102, 
        103, 
        104, 
        109, 
        110, 
        111, 
        112, 
        113, 
        114, 
        115, 
        116, 
        117, 
        119, 
        120, 
        121, 
        122, 
        123, 
        124, 
        125, 
        127, 
        128, 
        129, 
        130, 
        131, 
        133, 
        135, 
        140, 
        141, 
        142, 
        143, 
        145, 
        146, 
        148, 
        149, 
        150, 
        152, 
        154, 
        155, 
        156, 
        159, 
        160, 
        161, 
        163, 
        165, 
        166, 
        167, 
        169, 
        170, 
        171, 
        172, 
        174, 
        175, 
        176, 
        177, 
        179, 
        184, 
        185, 
        186, 
        187, 
        190, 
        191, 
        195], 
      "name2": "R:Q321", 
      "name1": "A:G352"
    }, 
    {
      "frames": [74, 
        136, 
        183, 
        186], 
      "name2": "R:Q321", 
      "name1": "A:R349"
    }, 
    {
      "frames": [93, 
        111, 
        112, 
        113, 
        116, 
        117, 
        118, 
        119, 
        120, 
        121, 
        123, 
        125, 
        126, 
        127, 
        129, 
        143, 
        144, 
        148, 
        152, 
        153, 
        154, 
        155, 
        156, 
        157, 
        159, 
        165, 
        167, 
        168, 
        169, 
        177, 
        178, 
        180, 
        181, 
        183, 
        184, 
        193], 
      "name2": "R:K76", 
      "name1": "B:D333"
    }, 
    {
      "frames": [93, 
        98, 
        103, 
        114, 
        116, 
        123, 
        133, 
        147, 
        165, 
        170, 
        188, 
        199], 
      "name2": "R:R143", 
      "name1": "A:L353"
    }, 
    {
      "frames": [111, 
        169, 
        183, 
        185], 
      "name2": "R:K248", 
      "name1": "A:E318"
    }, 
    {
      "frames": [112, 
        113, 
        133, 
        140, 
        141, 
        142, 
        165, 
        166, 
        179, 
        180, 
        181, 
        183, 
        189, 
        191, 
        193, 
        195, 
        197, 
        199], 
      "name2": "R:F318", 
      "name1": "A:Y354"
    }, 
    {
      "frames": [119], 
      "name2": "R:Q245", 
      "name1": "A:A338"
    }, 
    {
      "frames": [136, 
        137, 
        159, 
        177, 
        178, 
        179], 
      "name2": "R:K75", 
      "name1": "B:G310"
    }, 
    {
      "frames": [151, 
        156, 
        157, 
        158, 
        159, 
        160, 
        161, 
        162, 
        163, 
        164, 
        165, 
        166, 
        167, 
        168, 
        169, 
        170, 
        171, 
        172, 
        173, 
        175, 
        176, 
        178, 
        179, 
        180, 
        181, 
        182, 
        183, 
        184, 
        185, 
        186, 
        188, 
        190, 
        191, 
        192, 
        193, 
        194, 
        195, 
        196, 
        197, 
        198, 
        199], 
      "name2": "R:R157", 
      "name1": "A:N346"
    }, 
    {
      "frames": [155, 
        156, 
        159, 
        161, 
        162, 
        164, 
        167, 
        168, 
        171, 
        172, 
        173, 
        174, 
        175, 
        176, 
        177, 
        178, 
        186, 
        187, 
        188, 
        189, 
        190, 
        191, 
        192, 
        198], 
      "name2": "R:R159", 
      "name1": "A:N346"
    }, 
    {
      "frames": [160], 
      "name2": "R:R159", 
      "name1": "A:G350"
    }, 
    {
      "frames": [166, 
        169], 
      "name2": "R:K76", 
      "name1": "B:R314"
    }, 
    {
      "frames": [173], 
      "name2": "R:R157", 
      "name1": "A:I343"
    }, 
    {
      "frames": [195, 
        197, 
        198, 
        199], 
      "name2": "R:K322", 
      "name1": "A:D262"
    }, 
    {
      "frames": [196], 
      "name2": "R:K76", 
      "name1": "A:D262"
    }
  ], 
  "trees": [
    {
      "treeLabel": "DefaultTree", 
      "treePaths": [
        " R.R0248.R:K248", 
        " R.R0324.R:R324", 
        " R.R0153.R:S153", 
        " A.A0029.A:S29", 
        " R.R0075.R:K75", 
        " A.A0352.A:G352", 
        " A.A0350.A:G350", 
        " B.B0312.B:D312", 
        " A.A0194.A:N194", 
        " A.A0031.A:A31", 
        " R.R0319.R:I319", 
        " R.R0322.R:K322", 
        " A.A0341.A:D341", 
        " A.A0318.A:E318", 
        " R.R0143.R:R143", 
        " B.B0310.B:G310", 
        " A.A0262.A:D262", 
        " A.A0196.A:H196", 
        " A.A0349.A:R349", 
        " R.R0152.R:K152", 
        " R.R0155.R:R155", 
        " R.R0157.R:R157", 
        " A.A0320.A:Y320", 
        " A.A0338.A:A338", 
        " A.A0343.A:I343", 
        " R.R0246.R:N246", 
        " A.A0028.A:I28", 
        " R.R0251.R:K251", 
        " R.R0146.R:A146", 
        " A.A0351.A:C351", 
        " A.A0032.A:K32", 
        " A.A0033.A:D33", 
        " R.R0081.R:T81", 
        " A.A0191.A:T191", 
        " R.R0159.R:R159", 
        " B.B0313.B:N313", 
        " A.A0218.A:D218", 
        " R.R0245.R:Q245", 
        " R.R0318.R:F318", 
        " R.R0154.R:F154", 
        " A.A0319.A:I319", 
        " A.A0345.A:A345", 
        " R.R0079.R:S79", 
        " A.A0316.A:N316", 
        " B.B0333.B:D333", 
        " R.R0076.R:K76", 
        " A.A0315.A:P315", 
        " A.A0193.A:K193", 
        " R.R0151.R:T151", 
        " B.B0314.B:R314", 
        " A.A0340.A:T340", 
        " A.A0347.A:N347", 
        " A.A0346.A:N346", 
        " A.A0337.A:D337", 
        " R.R0321.R:Q321", 
        " A.A0353.A:L353", 
        " A.A0354.A:Y354", 
        " R.R0247.R:S247"
      ]
    }
  ]
}