{
  "tracks": [
    {
      "trackProperties": [
        {
          "color": " #CC33EE", 
          "nodeName": "R:K248", 
          "size": 1.0
        }, 
        {
          "color": " #CC33EE", 
          "nodeName": "R:R324", 
          "size": 1.0
        }, 
        {
          "color": " #FFEC2B", 
          "nodeName": "B:F292", 
          "size": 1.0
        }, 
        {
          "color": " #CC33EE", 
          "nodeName": "R:K75", 
          "size": 1.0
        }, 
        {
          "color": " #CC33EE", 
          "nodeName": "R:K251", 
          "size": 1.0
        }, 
        {
          "color": " #00FF00", 
          "nodeName": "A:H196", 
          "size": 1.0
        }, 
        {
          "color": " #CC33EE", 
          "nodeName": "R:H250", 
          "size": 1.0
        }, 
        {
          "color": " #00FF00", 
          "nodeName": "A:R349", 
          "size": 1.0
        }, 
        {
          "color": " #00FF00", 
          "nodeName": "A:F336", 
          "size": 1.0
        }, 
        {
          "color": " #CC33EE", 
          "nodeName": "R:R155", 
          "size": 1.0
        }, 
        {
          "color": " #00FF00", 
          "nodeName": "A:F192", 
          "size": 1.0
        }, 
        {
          "color": " #CC33EE", 
          "nodeName": "R:Y326", 
          "size": 1.0
        }, 
        {
          "color": " #00FF00", 
          "nodeName": "A:Y354", 
          "size": 1.0
        }, 
        {
          "color": " #CC33EE", 
          "nodeName": "R:K76", 
          "size": 1.0
        }
      ], 
      "trackLabel": "DefaultTrack"
    }
  ], 
  "edges": [
    {
      "frames": [0, 
        1, 
        2, 
        3, 
        5, 
        7, 
        11, 
        12, 
        16, 
        21, 
        27, 
        29, 
        30, 
        31, 
        41, 
        45, 
        46, 
        49, 
        51, 
        68, 
        71, 
        73, 
        77], 
      "name2": "R:K251", 
      "name1": "A:Y354"
    }, 
    {
      "frames": [2, 
        3, 
        4, 
        5, 
        6, 
        8, 
        9, 
        10, 
        13, 
        14, 
        15, 
        16, 
        17, 
        18, 
        19, 
        20, 
        21, 
        22, 
        23, 
        24, 
        25, 
        26, 
        27, 
        28, 
        29, 
        30, 
        32, 
        33, 
        34, 
        35, 
        36, 
        37, 
        38, 
        39, 
        40, 
        41, 
        42, 
        43, 
        44, 
        45, 
        46, 
        47, 
        48, 
        49, 
        50, 
        51, 
        52, 
        53, 
        54, 
        55, 
        56, 
        57, 
        58, 
        59, 
        60, 
        61, 
        62, 
        63, 
        64, 
        65, 
        66, 
        67, 
        68, 
        69, 
        70, 
        71, 
        72, 
        73, 
        74, 
        75, 
        76, 
        77, 
        78, 
        79, 
        80, 
        112, 
        118, 
        130, 
        137], 
      "name2": "R:R324", 
      "name1": "A:Y354"
    }, 
    {
      "frames": [2, 
        5, 
        7, 
        8, 
        9, 
        10, 
        11, 
        12, 
        13, 
        14, 
        15, 
        16, 
        17, 
        18, 
        20, 
        21, 
        23, 
        25, 
        26, 
        27, 
        29, 
        30, 
        32, 
        34, 
        36, 
        38, 
        41, 
        43, 
        47, 
        48, 
        54, 
        56, 
        57, 
        61, 
        62, 
        63, 
        64, 
        65, 
        69, 
        70, 
        71, 
        72, 
        73, 
        74, 
        76, 
        77, 
        78, 
        80, 
        82, 
        89, 
        96, 
        104, 
        111, 
        120, 
        122, 
        131, 
        142, 
        143, 
        144, 
        171, 
        180, 
        196], 
      "name2": "R:K248", 
      "name1": "A:Y354"
    }, 
    {
      "frames": [3, 
        4, 
        6, 
        20], 
      "name2": "R:R155", 
      "name1": "A:F336"
    }, 
    {
      "frames": [4], 
      "name2": "R:R155", 
      "name1": "A:F192"
    }, 
    {
      "frames": [25, 
        105, 
        161, 
        163, 
        164, 
        165, 
        166, 
        167, 
        168, 
        169, 
        171, 
        173, 
        175, 
        176, 
        184, 
        187, 
        189, 
        190], 
      "name2": "R:K76", 
      "name1": "B:F292"
    }, 
    {
      "frames": [40, 
        46, 
        47, 
        68, 
        73, 
        86, 
        105, 
        109, 
        113, 
        115, 
        120, 
        149, 
        152, 
        160, 
        167, 
        170, 
        173, 
        188, 
        199], 
      "name2": "R:K75", 
      "name1": "B:F292"
    }, 
    {
      "frames": [88, 
        131], 
      "name2": "R:R155", 
      "name1": "A:H196"
    }, 
    {
      "frames": [93], 
      "name2": "R:Y326", 
      "name1": "A:R349"
    }, 
    {
      "frames": [185], 
      "name2": "R:H250", 
      "name1": "A:Y354"
    }
  ], 
  "trees": [
    {
      "treeLabel": "DefaultTree", 
      "treePaths": [
        " R.R0248.R:K248", 
        " R.R0324.R:R324", 
        " B.B0292.B:F292", 
        " R.R0075.R:K75", 
        " R.R0251.R:K251", 
        " A.A0196.A:H196", 
        " R.R0250.R:H250", 
        " A.A0349.A:R349", 
        " A.A0336.A:F336", 
        " R.R0155.R:R155", 
        " A.A0192.A:F192", 
        " R.R0326.R:Y326", 
        " A.A0354.A:Y354", 
        " R.R0076.R:K76"
      ]
    }
  ]
}