#	total_frames:200	interaction_types:hbbb,hbsb,hbss
#	Columns:	residue_1,	residue_2	frame_count	contact_frequency
A:GLY:350	R:LYS:322	0.005
A:GLU:318	R:LYS:248	0.025
A:LEU:353	R:GLN:321	0.390
A:ASN:316	R:GLN:321	0.020
A:ASP:341	R:GLN:245	0.810
B:ASP:291	R:LYS:76	0.125
A:ASN:346	R:ARG:159	0.105
A:GLY:352	R:ARG:143	0.290
B:ASN:313	R:LYS:76	0.265
A:LYS:32	R:ARG:155	0.350
A:CYS:351	R:THR:81	0.125
A:ASP:341	R:ASN:246	0.120
B:GLY:310	R:LYS:75	0.005
A:GLY:350	R:SER:79	0.590
A:ALA:345	R:ASN:246	0.005
A:ARG:349	R:GLN:321	0.015
A:HIS:196	R:ARG:155	0.030
A:LYS:32	R:PHE:154	0.095
A:ARG:349	R:LYS:322	0.460
A:TYR:320	R:ASN:246	0.035
A:ASP:33	R:ARG:155	0.015
A:ARG:349	R:ASN:325	0.125
A:ASN:316	R:LYS:248	0.030
A:ALA:31	R:ARG:157	0.935
A:GLU:318	R:SER:247	0.595
A:TYR:320	R:GLN:245	0.830
A:ASN:194	R:THR:151	0.355
A:ASN:194	R:LYS:152	0.075
A:PRO:315	R:SER:247	0.015
A:ILE:28	R:ARG:157	0.020
B:ASN:313	R:LYS:75	0.425
A:GLY:27	R:ARG:157	0.005
A:ASN:347	R:ARG:159	0.710
A:ALA:345	R:LYS:248	0.265
A:PHE:192	R:ARG:155	0.020
B:ASP:312	R:LYS:75	0.055
A:LYS:32	R:ARG:157	0.020
A:ARG:349	R:LYS:248	0.065
A:GLY:350	R:MET:80	0.140
A:ASN:194	R:ARG:155	0.745
A:TYR:354	R:ARG:324	0.975
B:ARG:314	R:LYS:76	0.010
A:LYS:193	R:ARG:155	0.220
A:GLU:318	R:ASN:246	0.080
A:CYS:351	R:ARG:143	0.880
A:TYR:354	R:LYS:251	0.345
A:PRO:315	R:LYS:248	0.360
A:ASP:262	R:ARG:159	0.015
A:ASN:347	R:SER:158	0.220
A:GLU:318	R:GLN:245	0.085
A:ASN:316	R:SER:247	0.295
A:ASN:346	R:LYS:322	0.005
A:ASN:347	R:SER:153	0.150
A:LYS:317	R:LYS:248	0.005
A:LYS:193	R:THR:151	0.035
A:LEU:195	R:ARG:155	0.015
A:TYR:354	R:LYS:248	0.015
A:ASP:262	R:LYS:248	0.005
A:ASP:337	R:GLN:245	0.010
A:TYR:354	R:ASN:246	0.205
A:GLY:350	R:THR:81	0.200
A:TYR:354	R:GLN:321	0.015
A:ARG:349	R:SER:79	0.005
A:ASN:347	R:ALA:146	0.745
