#	total_frames:200	interaction_types:vdw
#	Columns:	residue_1,	residue_2	frame_count	contact_frequency
A:ILE:343	R:PHE:154	0.560
A:PHE:336	R:ARG:155	0.125
B:ASP:291	R:LYS:76	0.130
A:ASN:347	R:ALA:150	0.015
A:GLY:352	R:TYR:316	0.300
A:TYR:354	R:LEU:241	0.015
A:CYS:351	R:TYR:316	0.005
A:ARG:349	R:LYS:322	0.890
A:ILE:344	R:LEU:241	0.160
A:LEU:353	R:TYR:316	0.005
A:GLY:352	R:ILE:319	0.370
A:LEU:195	R:THR:151	0.280
A:LEU:353	R:ILE:256	0.315
A:GLY:350	R:THR:81	0.525
A:TYR:320	R:GLN:245	0.905
A:ASN:194	R:THR:151	0.450
A:ASP:341	R:ALA:244	0.620
A:CYS:351	R:ILE:147	0.195
A:LEU:353	R:ALA:252	0.295
A:ASN:347	R:ALA:146	0.950
A:ASN:347	R:ARG:159	0.760
A:CYS:351	R:ARG:143	0.945
B:ASP:312	R:LYS:75	0.080
A:LYS:32	R:ARG:157	0.280
A:ARG:349	R:LYS:248	0.270
A:GLY:350	R:MET:80	0.295
A:ASN:194	R:ARG:155	0.865
A:LEU:353	R:ILE:147	0.070
A:CYS:351	R:ASP:142	0.250
A:PHE:192	R:ARG:155	0.020
A:TYR:354	R:LYS:251	0.665
A:ILE:343	R:ALA:146	0.005
B:PHE:292	R:LYS:76	0.050
A:GLY:350	R:LYS:322	0.235
A:ASP:341	R:GLN:245	0.985
A:VAL:339	R:PHE:154	0.025
A:GLY:350	R:SER:79	0.805
A:ARG:349	R:GLN:321	0.550
A:TYR:354	R:ILE:319	0.950
A:TYR:354	R:HIS:250	0.010
A:ARG:349	R:ASN:325	0.145
A:ALA:31	R:ARG:157	0.970
A:LEU:348	R:LEU:241	0.530
A:LEU:348	R:ALA:252	0.020
A:THR:220	R:PHE:154	0.040
A:ALA:345	R:LYS:248	0.315
A:ILE:343	R:ALA:150	0.470
A:LEU:353	R:LEU:241	0.010
A:ASP:262	R:ARG:159	0.020
A:ILE:343	R:SER:153	0.175
B:ARG:314	R:LYS:76	0.040
A:GLU:318	R:ASN:246	0.700
A:ILE:344	R:ALA:150	0.170
A:LYS:193	R:THR:151	0.050
A:GLU:318	R:GLN:245	0.270
A:ALA:31	R:PHE:154	0.195
A:VAL:34	R:PHE:154	0.505
A:CYS:351	R:THR:81	0.490
A:GLY:352	R:GLY:320	0.650
A:PHE:336	R:THR:151	0.195
A:ARG:349	R:SER:79	0.005
A:LEU:195	R:PHE:154	0.395
A:LEU:353	R:VAL:255	0.105
A:GLU:318	R:SER:247	0.765
A:GLU:318	R:LYS:248	0.055
A:LEU:353	R:GLN:321	0.470
A:ASN:316	R:GLN:321	0.025
A:GLY:350	R:ARG:159	0.010
A:TYR:354	R:ARG:249	0.005
A:GLY:352	R:ARG:143	0.540
A:CYS:351	R:MET:80	0.260
A:LYS:32	R:ARG:155	0.490
B:GLY:310	R:LYS:75	0.010
A:ILE:344	R:THR:240	0.045
A:ALA:345	R:ASN:246	0.380
A:ASN:347	R:MET:80	0.005
B:LEU:55	R:THR:160	0.005
A:ASP:337	R:GLN:245	0.045
A:TYR:320	R:ASN:246	0.045
A:LEU:353	R:ARG:143	0.320
A:ILE:344	R:ASN:246	0.035
A:PRO:315	R:SER:247	0.015
A:ASP:33	R:PHE:154	0.060
A:GLY:27	R:ARG:157	0.005
A:TYR:354	R:ASN:246	0.230
A:LEU:353	R:ILE:237	0.060
A:LEU:353	R:GLY:320	0.250
A:LEU:353	R:LYS:251	0.040
A:CYS:351	R:SER:79	0.015
A:ARG:349	R:GLY:320	0.030
A:PRO:315	R:LYS:248	0.360
A:GLY:352	R:VAL:255	0.005
A:LEU:348	R:LYS:248	0.095
A:LEU:348	R:ILE:237	0.080
A:LEU:353	R:ILE:319	0.760
A:ASN:347	R:SER:153	0.190
A:LYS:317	R:LYS:248	0.005
B:PHE:292	R:LYS:75	0.140
A:ASN:194	R:LYS:152	0.075
A:LEU:348	R:ARG:249	0.015
A:GLY:352	R:THR:81	0.090
A:ILE:344	R:ILE:147	0.165
A:ASN:346	R:LYS:322	0.005
A:ASN:346	R:ARG:159	0.130
B:ASN:313	R:LYS:76	0.345
A:ASP:341	R:ASN:246	0.165
A:CYS:351	R:GLY:320	0.010
A:HIS:196	R:ARG:155	0.035
A:LYS:32	R:PHE:154	0.365
A:CYS:351	R:TYR:84	0.010
A:LEU:348	R:ASN:246	0.130
A:ASN:316	R:LYS:248	0.145
A:ILE:343	R:ARG:159	0.035
B:ASN:313	R:LYS:75	0.610
A:ASP:262	R:LYS:248	0.005
A:ILE:344	R:ALA:244	0.145
A:TYR:354	R:ARG:324	0.980
A:TYR:354	R:ALA:252	0.100
A:ASP:33	R:ARG:155	0.015
A:LEU:348	R:ILE:147	0.695
A:ASN:347	R:ILE:147	0.145
A:ASN:347	R:SER:158	0.245
A:TYR:354	R:GLN:321	0.565
A:ASN:316	R:SER:247	0.310
A:ILE:28	R:ARG:157	0.025
A:ILE:261	R:LYS:322	0.005
A:CYS:351	R:ALA:146	0.465
A:LEU:195	R:ARG:155	0.150
A:TYR:354	R:LYS:248	0.690
A:THR:340	R:ALA:150	0.060
A:LYS:193	R:ARG:155	0.240
A:THR:340	R:THR:151	0.025
