{
  "tracks": [
    {
      "trackProperties": [
        {
          "color": " #CC33EE", 
          "nodeName": "R:K248", 
          "size": 1.0
        }, 
        {
          "color": " #CC33EE", 
          "nodeName": "R:K322", 
          "size": 1.0
        }, 
        {
          "color": " #CC33EE", 
          "nodeName": "R:K75", 
          "size": 1.0
        }, 
        {
          "color": " #00FF00", 
          "nodeName": "A:E318", 
          "size": 1.0
        }, 
        {
          "color": " #FFEC2B", 
          "nodeName": "B:D333", 
          "size": 1.0
        }, 
        {
          "color": " #FFEC2B", 
          "nodeName": "B:D312", 
          "size": 1.0
        }, 
        {
          "color": " #00FF00", 
          "nodeName": "A:D33", 
          "size": 1.0
        }, 
        {
          "color": " #FFEC2B", 
          "nodeName": "B:D291", 
          "size": 1.0
        }, 
        {
          "color": " #CC33EE", 
          "nodeName": "R:R155", 
          "size": 1.0
        }, 
        {
          "color": " #CC33EE", 
          "nodeName": "R:R159", 
          "size": 1.0
        }, 
        {
          "color": " #00FF00", 
          "nodeName": "A:D262", 
          "size": 1.0
        }, 
        {
          "color": " #CC33EE", 
          "nodeName": "R:K76", 
          "size": 1.0
        }
      ], 
      "trackLabel": "DefaultTrack"
    }
  ], 
  "edges": [
    {
      "frames": [2, 
        9, 
        10, 
        12, 
        13, 
        14, 
        24, 
        26, 
        28, 
        30, 
        31], 
      "name2": "R:K75", 
      "name1": "B:D312"
    }, 
    {
      "frames": [28], 
      "name2": "R:K75", 
      "name1": "B:D333"
    }, 
    {
      "frames": [66], 
      "name2": "R:K248", 
      "name1": "A:D262"
    }, 
    {
      "frames": [78, 
        79, 
        81, 
        82, 
        92, 
        130, 
        131], 
      "name2": "R:K248", 
      "name1": "A:E318"
    }, 
    {
      "frames": [90, 
        147], 
      "name2": "R:K322", 
      "name1": "A:D262"
    }, 
    {
      "frames": [128, 
        129, 
        130, 
        143], 
      "name2": "R:R155", 
      "name1": "A:D33"
    }, 
    {
      "frames": [132, 
        143, 
        144, 
        148, 
        156, 
        158, 
        161, 
        162, 
        163, 
        164, 
        165, 
        166, 
        167, 
        168, 
        170, 
        171, 
        172, 
        173, 
        174, 
        175, 
        176, 
        177, 
        178, 
        179, 
        181, 
        184, 
        186, 
        187, 
        188, 
        189, 
        190, 
        193, 
        196, 
        199], 
      "name2": "R:K76", 
      "name1": "B:D291"
    }, 
    {
      "frames": [134, 
        135, 
        137, 
        138, 
        139], 
      "name2": "R:R159", 
      "name1": "A:D262"
    }
  ], 
  "trees": [
    {
      "treeLabel": "DefaultTree", 
      "treePaths": [
        " R.R0248.R:K248", 
        " R.R0322.R:K322", 
        " R.R0075.R:K75", 
        " A.A0318.A:E318", 
        " B.B0333.B:D333", 
        " B.B0312.B:D312", 
        " A.A0033.A:D33", 
        " B.B0291.B:D291", 
        " R.R0155.R:R155", 
        " R.R0159.R:R159", 
        " A.A0262.A:D262", 
        " R.R0076.R:K76"
      ]
    }
  ]
}