#	total_frames:200	interaction_types:hbbb,hbsb,hbss
#	Columns:	residue_1,	residue_2	frame_count	contact_frequency
A:LYS:32	R:TYR:154	0.480
A:LEU:195	R:ASN:155	0.005
A:ASN:347	R:ALA:150	0.005
A:ILE:28	R:GLN:157	0.005
A:GLU:318	R:SER:247	0.780
A:GLU:318	R:LYS:248	0.010
B:ASP:333	R:LYS:75	0.025
A:LEU:353	R:GLN:321	0.020
A:ASP:341	R:GLN:245	0.275
A:PRO:315	R:ASN:246	0.020
A:GLY:352	R:ARG:143	0.140
A:TYR:354	R:GLN:321	0.590
B:ASN:313	R:LYS:76	0.185
A:ASP:341	R:ASN:246	0.575
A:GLY:352	R:TYR:316	0.025
A:GLY:350	R:SER:79	0.680
A:ALA:345	R:ASN:246	0.005
A:ARG:349	R:GLN:321	0.060
A:GLU:25	R:ARG:160	0.085
A:CYS:351	R:TYR:316	0.255
A:LYS:24	R:ARG:160	0.020
A:LYS:32	R:ASN:155	0.310
A:ASN:347	R:VAL:146	0.230
A:ALA:31	R:GLN:157	0.035
A:GLU:25	R:GLN:157	0.395
A:ARG:349	R:LYS:322	0.430
A:ILE:28	R:ARG:160	0.005
A:ASN:312	R:SER:247	0.340
A:TYR:320	R:ASN:246	0.005
A:LYS:317	R:SER:247	0.005
A:ASP:26	R:GLN:157	0.025
A:ARG:349	R:ASN:325	0.150
A:LEU:353	R:ARG:143	0.015
A:GLY:350	R:THR:81	0.255
A:GLY:350	R:LYS:322	0.015
A:TYR:320	R:GLN:245	0.940
A:LYS:32	R:GLN:156	0.030
A:ASN:194	R:LYS:152	0.020
A:PRO:315	R:SER:247	0.110
A:ALA:31	R:TYR:154	0.145
A:GLY:352	R:GLN:321	0.235
B:ASN:313	R:LYS:75	0.010
A:LYS:24	R:GLN:157	0.175
B:ARG:52	R:LYS:76	0.015
A:GLU:217	R:LYS:76	0.010
A:ASN:347	R:LYS:159	0.565
A:ALA:345	R:LYS:248	0.345
A:CYS:351	R:ARG:143	0.750
B:ASP:312	R:LYS:75	0.070
B:HIS:54	R:LYS:76	0.005
A:ARG:349	R:LYS:248	0.110
A:GLY:350	R:MET:80	0.100
A:LYS:32	R:GLN:157	0.200
A:ASN:194	R:THR:151	0.160
A:TYR:354	R:ARG:324	0.060
A:GLU:318	R:ASN:246	0.060
A:LEU:353	R:LYS:248	0.365
B:ASP:333	R:LYS:76	0.045
A:TYR:354	R:LYS:251	0.205
A:PRO:315	R:LYS:248	0.040
A:ASN:194	R:ASN:155	0.845
A:LYS:193	R:THR:151	0.045
A:THR:340	R:THR:151	0.015
A:ASN:346	R:LYS:322	0.150
A:ASP:33	R:TYR:154	0.025
A:ARG:313	R:LYS:251	0.210
A:LYS:193	R:GLN:156	0.010
A:TYR:354	R:ARG:254	0.025
A:TYR:354	R:LYS:248	0.455
A:CYS:351	R:THR:81	0.065
A:ASP:337	R:GLN:245	0.045
A:ASN:194	R:GLN:156	0.215
A:GLY:27	R:GLN:157	0.020
A:ASP:218	R:LYS:76	0.010
A:LYS:193	R:ASN:155	0.510
B:SER:334	R:LYS:76	0.015
A:SER:314	R:SER:247	0.005
