{
  "tracks": [
    {
      "trackProperties": [
        {
          "color": " #CC33EE", 
          "nodeName": "R:K248", 
          "size": 1.0
        }, 
        {
          "color": " #00FF00", 
          "nodeName": "A:E217", 
          "size": 1.0
        }, 
        {
          "color": " #00FF00", 
          "nodeName": "A:D218", 
          "size": 1.0
        }, 
        {
          "color": " #00FF00", 
          "nodeName": "A:E318", 
          "size": 1.0
        }, 
        {
          "color": " #CC33EE", 
          "nodeName": "R:R160", 
          "size": 1.0
        }, 
        {
          "color": " #CC33EE", 
          "nodeName": "R:K75", 
          "size": 1.0
        }, 
        {
          "color": " #FFEC2B", 
          "nodeName": "B:D333", 
          "size": 1.0
        }, 
        {
          "color": " #FFEC2B", 
          "nodeName": "B:D312", 
          "size": 1.0
        }, 
        {
          "color": " #00FF00", 
          "nodeName": "A:E25", 
          "size": 1.0
        }, 
        {
          "color": " #CC33EE", 
          "nodeName": "R:K76", 
          "size": 1.0
        }
      ], 
      "trackLabel": "DefaultTrack"
    }
  ], 
  "edges": [
    {
      "frames": [12, 
        17], 
      "name2": "R:K248", 
      "name1": "A:E318"
    }, 
    {
      "frames": [19, 
        152], 
      "name2": "R:K76", 
      "name1": "A:E217"
    }, 
    {
      "frames": [27, 
        61, 
        68, 
        71, 
        78, 
        86, 
        91, 
        93, 
        94, 
        96, 
        131, 
        133, 
        134, 
        136, 
        138, 
        140, 
        143, 
        144], 
      "name2": "R:K76", 
      "name1": "B:D333"
    }, 
    {
      "frames": [31, 
        34, 
        38, 
        73, 
        80, 
        82, 
        86, 
        87, 
        89, 
        90, 
        91, 
        92, 
        95, 
        96, 
        131, 
        139, 
        140], 
      "name2": "R:K75", 
      "name1": "B:D312"
    }, 
    {
      "frames": [73, 
        77, 
        83, 
        86, 
        100, 
        104, 
        105, 
        106, 
        107, 
        111, 
        114, 
        124, 
        125, 
        126, 
        127, 
        132, 
        133, 
        134, 
        140, 
        141, 
        152, 
        163, 
        166, 
        167, 
        168, 
        169, 
        170, 
        175, 
        176], 
      "name2": "R:R160", 
      "name1": "A:E25"
    }, 
    {
      "frames": [93], 
      "name2": "R:K76", 
      "name1": "B:D312"
    }, 
    {
      "frames": [139, 
        145, 
        146, 
        147, 
        149], 
      "name2": "R:K75", 
      "name1": "B:D333"
    }, 
    {
      "frames": [182, 
        183, 
        195], 
      "name2": "R:K76", 
      "name1": "A:D218"
    }
  ], 
  "trees": [
    {
      "treeLabel": "DefaultTree", 
      "treePaths": [
        " R.R0248.R:K248", 
        " A.A0217.A:E217", 
        " A.A0218.A:D218", 
        " A.A0318.A:E318", 
        " R.R0160.R:R160", 
        " R.R0075.R:K75", 
        " B.B0333.B:D333", 
        " B.B0312.B:D312", 
        " A.A0025.A:E25", 
        " R.R0076.R:K76"
      ]
    }
  ]
}