#	total_frames:200	interaction_types:vdw
#	Columns:	residue_1,	residue_2	frame_count	contact_frequency
A:GLY:350	R:ARG:78	0.030
A:ILE:261	R:TYR:326	0.055
A:ILE:28	R:GLN:157	0.275
A:ARG:313	R:SER:247	0.020
A:ASN:347	R:VAL:147	0.155
B:ASP:333	R:LYS:75	0.025
A:PRO:315	R:ASN:246	0.030
A:LEU:353	R:VAL:259	0.055
A:ASN:347	R:ALA:150	0.085
A:LEU:353	R:VAL:255	0.280
A:GLY:352	R:TYR:316	0.150
A:CYS:351	R:TYR:316	0.305
A:LEU:348	R:VAL:146	0.055
A:ILE:344	R:THR:151	0.190
A:ARG:349	R:LYS:322	0.635
A:ASN:347	R:THR:151	0.020
A:CYS:351	R:VAL:147	0.020
A:CYS:351	R:SER:79	0.065
A:LEU:195	R:THR:151	0.060
A:ASP:26	R:GLN:157	0.050
A:LEU:353	R:ILE:256	0.335
A:GLY:350	R:THR:81	0.500
A:TYR:320	R:GLN:245	0.980
A:ASN:194	R:THR:151	0.205
A:ASP:341	R:ALA:244	0.505
A:ASN:347	R:ALA:153	0.005
A:LEU:353	R:ALA:252	0.135
A:THR:340	R:ALA:150	0.040
B:ARG:52	R:LYS:76	0.040
A:ILE:344	R:VAL:147	0.150
A:ASP:341	R:LEU:241	0.005
B:ASP:312	R:LYS:75	0.075
A:ARG:349	R:LYS:248	0.455
A:GLY:350	R:MET:80	0.270
A:PRO:315	R:GLN:321	0.020
A:ASN:194	R:ASN:155	0.965
A:CYS:351	R:ASP:142	0.300
A:CYS:351	R:ARG:143	0.870
A:TYR:354	R:LYS:251	0.685
A:ASP:33	R:TYR:154	0.025
A:CYS:351	R:ILE:139	0.200
A:ASN:194	R:GLN:156	0.425
A:ILE:344	R:ALA:150	0.085
A:GLY:352	R:ILE:319	0.275
A:GLY:350	R:LYS:322	0.315
A:ASN:312	R:SER:247	0.345
A:LEU:348	R:ARG:143	0.045
A:ASP:341	R:GLN:245	0.920
A:GLY:350	R:SER:79	0.880
A:ARG:349	R:GLN:321	0.550
A:ILE:28	R:GLN:156	0.050
A:LYS:32	R:ASN:155	0.405
A:ASN:347	R:VAL:146	0.820
A:ILE:343	R:ASN:155	0.005
A:ARG:349	R:ASN:325	0.165
A:PHE:336	R:THR:151	0.140
A:LEU:348	R:LEU:241	0.210
A:CYS:351	R:VAL:146	0.265
A:LEU:348	R:VAL:147	0.350
A:ASP:218	R:LYS:76	0.010
A:ASN:347	R:LYS:159	0.580
A:ALA:345	R:LYS:248	0.420
A:ILE:343	R:ALA:150	0.175
A:LEU:353	R:LEU:241	0.040
A:ILE:343	R:TYR:154	0.595
A:LYS:32	R:TYR:154	0.580
A:GLU:318	R:ASN:246	0.830
A:LEU:353	R:LYS:248	0.370
A:ILE:344	R:LEU:241	0.025
A:LYS:193	R:THR:151	0.050
A:GLU:318	R:GLN:245	0.095
B:ASP:312	R:LYS:76	0.005
A:CYS:351	R:THR:81	0.455
A:GLY:352	R:GLY:320	0.380
A:GLU:25	R:ARG:160	0.115
A:GLY:27	R:GLN:157	0.020
A:TYR:354	R:GLN:321	0.935
A:ASN:347	R:TYR:154	0.010
B:PHE:335	R:LYS:76	0.025
A:LEU:195	R:ASN:155	0.270
A:GLU:318	R:SER:247	0.830
A:GLU:318	R:LYS:248	0.010
A:LEU:353	R:GLN:321	0.025
A:LEU:353	R:TYR:234	0.215
A:GLY:352	R:ARG:143	0.540
A:CYS:351	R:MET:80	0.200
A:TYR:354	R:ILE:319	0.055
A:ILE:344	R:THR:240	0.005
A:ALA:345	R:ASN:246	0.370
A:ASN:347	R:MET:80	0.055
A:LYS:24	R:ARG:160	0.020
A:ASP:337	R:GLN:245	0.190
A:TYR:320	R:ASN:246	0.020
A:LEU:195	R:TYR:154	0.215
A:LYS:317	R:SER:247	0.005
A:ALA:31	R:GLN:157	0.145
A:LEU:353	R:ARG:143	0.500
A:ILE:344	R:ASN:246	0.020
B:PHE:335	R:LYS:75	0.020
A:LYS:32	R:GLN:156	0.050
A:LEU:353	R:VAL:147	0.005
A:PRO:315	R:SER:247	0.215
A:GLY:352	R:GLN:321	0.280
A:THR:340	R:LYS:152	0.005
A:GLU:217	R:LYS:76	0.010
A:ASN:312	R:HIS:250	0.035
A:LEU:353	R:ILE:237	0.325
A:TYR:354	R:ALA:252	0.180
A:TYR:354	R:VAL:255	0.470
A:LEU:348	R:LYS:248	0.200
A:PRO:315	R:LYS:248	0.195
A:GLY:352	R:VAL:255	0.360
A:ALA:338	R:GLN:245	0.015
A:LEU:348	R:ILE:237	0.040
A:ILE:343	R:ALA:153	0.010
A:LEU:353	R:ILE:319	0.015
A:PHE:336	R:ASN:155	0.235
A:ASN:194	R:LYS:152	0.040
A:ILE:343	R:VAL:146	0.005
A:LYS:24	R:GLN:157	0.230
A:GLY:352	R:THR:81	0.005
A:ILE:261	R:ASN:325	0.005
A:ILE:261	R:LYS:76	0.010
B:ASN:313	R:LYS:76	0.190
A:ASP:341	R:ASN:246	0.705
A:GLU:25	R:GLN:157	0.485
A:ARG:313	R:LYS:251	0.225
A:ILE:28	R:ARG:160	0.050
A:ILE:344	R:VAL:146	0.045
A:LEU:348	R:ASN:246	0.005
B:SER:334	R:LYS:76	0.015
A:ALA:31	R:TYR:154	0.225
B:ASN:313	R:LYS:75	0.015
A:VAL:34	R:TYR:154	0.045
A:PRO:315	R:LYS:251	0.045
A:ILE:28	R:ASN:155	0.210
A:ILE:343	R:THR:151	0.085
A:LYS:32	R:GLN:157	0.295
A:ILE:344	R:ALA:244	0.045
A:TYR:354	R:ARG:324	0.120
A:ARG:313	R:HIS:250	0.010
B:ASP:333	R:LYS:76	0.060
A:ARG:349	R:GLY:320	0.110
A:LYS:193	R:ASN:155	0.550
A:ASN:346	R:LYS:322	0.175
A:ILE:261	R:LYS:322	0.010
A:LYS:193	R:GLN:156	0.015
A:TYR:354	R:ARG:254	0.030
A:TYR:354	R:LYS:248	0.740
B:HIS:54	R:LYS:76	0.005
A:THR:340	R:THR:151	0.340
A:SER:314	R:SER:247	0.005
