{
  "tracks": [
    {
      "trackProperties": [
        {
          "color": " #CC33EE", 
          "nodeName": "R:K248", 
          "size": 1.0
        }, 
        {
          "color": " #CC33EE", 
          "nodeName": "R:R324", 
          "size": 1.0
        }, 
        {
          "color": " #CC33EE", 
          "nodeName": "R:K322", 
          "size": 1.0
        }, 
        {
          "color": " #CC33EE", 
          "nodeName": "R:N246", 
          "size": 1.0
        }, 
        {
          "color": " #CC33EE", 
          "nodeName": "R:K75", 
          "size": 1.0
        }, 
        {
          "color": " #00FF00", 
          "nodeName": "A:G352", 
          "size": 1.0
        }, 
        {
          "color": " #00FF00", 
          "nodeName": "A:G350", 
          "size": 1.0
        }, 
        {
          "color": " #00FF00", 
          "nodeName": "A:N312", 
          "size": 1.0
        }, 
        {
          "color": " #00FF00", 
          "nodeName": "A:N194", 
          "size": 1.0
        }, 
        {
          "color": " #00FF00", 
          "nodeName": "A:K24", 
          "size": 1.0
        }, 
        {
          "color": " #00FF00", 
          "nodeName": "A:D26", 
          "size": 1.0
        }, 
        {
          "color": " #CC33EE", 
          "nodeName": "R:Q156", 
          "size": 1.0
        }, 
        {
          "color": " #CC33EE", 
          "nodeName": "R:V146", 
          "size": 1.0
        }, 
        {
          "color": " #FFEC2B", 
          "nodeName": "B:H54", 
          "size": 1.0
        }, 
        {
          "color": " #CC33EE", 
          "nodeName": "R:K152", 
          "size": 1.0
        }, 
        {
          "color": " #00FF00", 
          "nodeName": "A:D341", 
          "size": 1.0
        }, 
        {
          "color": " #00FF00", 
          "nodeName": "A:E217", 
          "size": 1.0
        }, 
        {
          "color": " #00FF00", 
          "nodeName": "A:E318", 
          "size": 1.0
        }, 
        {
          "color": " #CC33EE", 
          "nodeName": "R:R143", 
          "size": 1.0
        }, 
        {
          "color": " #CC33EE", 
          "nodeName": "R:Y316", 
          "size": 1.0
        }, 
        {
          "color": " #00FF00", 
          "nodeName": "A:R349", 
          "size": 1.0
        }, 
        {
          "color": " #CC33EE", 
          "nodeName": "R:Q157", 
          "size": 1.0
        }, 
        {
          "color": " #CC33EE", 
          "nodeName": "R:R160", 
          "size": 1.0
        }, 
        {
          "color": " #00FF00", 
          "nodeName": "A:S314", 
          "size": 1.0
        }, 
        {
          "color": " #00FF00", 
          "nodeName": "A:N346", 
          "size": 1.0
        }, 
        {
          "color": " #00FF00", 
          "nodeName": "A:G27", 
          "size": 1.0
        }, 
        {
          "color": " #CC33EE", 
          "nodeName": "R:A150", 
          "size": 1.0
        }, 
        {
          "color": " #00FF00", 
          "nodeName": "A:Y320", 
          "size": 1.0
        }, 
        {
          "color": " #CC33EE", 
          "nodeName": "R:M80", 
          "size": 1.0
        }, 
        {
          "color": " #CC33EE", 
          "nodeName": "R:K251", 
          "size": 1.0
        }, 
        {
          "color": " #CC33EE", 
          "nodeName": "R:N325", 
          "size": 1.0
        }, 
        {
          "color": " #00FF00", 
          "nodeName": "A:I28", 
          "size": 1.0
        }, 
        {
          "color": " #CC33EE", 
          "nodeName": "R:N155", 
          "size": 1.0
        }, 
        {
          "color": " #FFEC2B", 
          "nodeName": "B:R52", 
          "size": 1.0
        }, 
        {
          "color": " #CC33EE", 
          "nodeName": "R:R254", 
          "size": 1.0
        }, 
        {
          "color": " #00FF00", 
          "nodeName": "A:C351", 
          "size": 1.0
        }, 
        {
          "color": " #00FF00", 
          "nodeName": "A:K32", 
          "size": 1.0
        }, 
        {
          "color": " #00FF00", 
          "nodeName": "A:D33", 
          "size": 1.0
        }, 
        {
          "color": " #00FF00", 
          "nodeName": "A:E25", 
          "size": 1.0
        }, 
        {
          "color": " #CC33EE", 
          "nodeName": "R:T81", 
          "size": 1.0
        }, 
        {
          "color": " #00FF00", 
          "nodeName": "A:R313", 
          "size": 1.0
        }, 
        {
          "color": " #CC33EE", 
          "nodeName": "R:K159", 
          "size": 1.0
        }, 
        {
          "color": " #FFEC2B", 
          "nodeName": "B:S334", 
          "size": 1.0
        }, 
        {
          "color": " #FFEC2B", 
          "nodeName": "B:N313", 
          "size": 1.0
        }, 
        {
          "color": " #00FF00", 
          "nodeName": "A:D218", 
          "size": 1.0
        }, 
        {
          "color": " #CC33EE", 
          "nodeName": "R:Q245", 
          "size": 1.0
        }, 
        {
          "color": " #FFEC2B", 
          "nodeName": "B:D312", 
          "size": 1.0
        }, 
        {
          "color": " #00FF00", 
          "nodeName": "A:L195", 
          "size": 1.0
        }, 
        {
          "color": " #00FF00", 
          "nodeName": "A:A345", 
          "size": 1.0
        }, 
        {
          "color": " #CC33EE", 
          "nodeName": "R:S79", 
          "size": 1.0
        }, 
        {
          "color": " #00FF00", 
          "nodeName": "A:L353", 
          "size": 1.0
        }, 
        {
          "color": " #FFEC2B", 
          "nodeName": "B:D333", 
          "size": 1.0
        }, 
        {
          "color": " #CC33EE", 
          "nodeName": "R:K76", 
          "size": 1.0
        }, 
        {
          "color": " #00FF00", 
          "nodeName": "A:P315", 
          "size": 1.0
        }, 
        {
          "color": " #00FF00", 
          "nodeName": "A:K193", 
          "size": 1.0
        }, 
        {
          "color": " #CC33EE", 
          "nodeName": "R:T151", 
          "size": 1.0
        }, 
        {
          "color": " #00FF00", 
          "nodeName": "A:K317", 
          "size": 1.0
        }, 
        {
          "color": " #00FF00", 
          "nodeName": "A:T340", 
          "size": 1.0
        }, 
        {
          "color": " #00FF00", 
          "nodeName": "A:N347", 
          "size": 1.0
        }, 
        {
          "color": " #00FF00", 
          "nodeName": "A:A31", 
          "size": 1.0
        }, 
        {
          "color": " #CC33EE", 
          "nodeName": "R:Y154", 
          "size": 1.0
        }, 
        {
          "color": " #00FF00", 
          "nodeName": "A:D337", 
          "size": 1.0
        }, 
        {
          "color": " #CC33EE", 
          "nodeName": "R:Q321", 
          "size": 1.0
        }, 
        {
          "color": " #00FF00", 
          "nodeName": "A:Y354", 
          "size": 1.0
        }, 
        {
          "color": " #CC33EE", 
          "nodeName": "R:S247", 
          "size": 1.0
        }
      ], 
      "trackLabel": "DefaultTrack"
    }
  ], 
  "edges": [
    {
      "frames": [0, 
        2, 
        3, 
        9, 
        16, 
        17, 
        20, 
        23, 
        27, 
        34, 
        41, 
        44, 
        52, 
        56, 
        62, 
        63, 
        64, 
        68, 
        73, 
        104, 
        105, 
        118, 
        121, 
        127, 
        130, 
        131, 
        134, 
        141, 
        143, 
        144, 
        145, 
        146, 
        147, 
        170, 
        172, 
        183, 
        184, 
        186, 
        187, 
        194, 
        198], 
      "name2": "R:K251", 
      "name1": "A:Y354"
    }, 
    {
      "frames": [0, 
        1, 
        4, 
        5, 
        6, 
        7, 
        10, 
        11, 
        12, 
        15, 
        16, 
        17, 
        19, 
        20, 
        23, 
        24, 
        25, 
        26, 
        27, 
        29, 
        30, 
        31, 
        34, 
        37, 
        38, 
        39, 
        42, 
        44, 
        50, 
        51, 
        52, 
        54, 
        55, 
        56, 
        57, 
        58, 
        60, 
        61, 
        62, 
        63, 
        64, 
        65, 
        66, 
        67, 
        68, 
        69, 
        70, 
        71, 
        72, 
        73, 
        74, 
        75, 
        76, 
        77, 
        78, 
        116, 
        118, 
        129, 
        130, 
        136, 
        142, 
        195], 
      "name2": "R:N155", 
      "name1": "A:K32"
    }, 
    {
      "frames": [0, 
        1, 
        2, 
        3, 
        21, 
        22, 
        23, 
        24, 
        26, 
        29, 
        30, 
        31, 
        32, 
        33, 
        34, 
        35, 
        37, 
        38, 
        39, 
        40, 
        41, 
        42, 
        43, 
        44, 
        48, 
        49, 
        50, 
        62, 
        63, 
        64, 
        65, 
        66, 
        70, 
        71, 
        76, 
        85, 
        86, 
        87, 
        88, 
        89, 
        90, 
        93, 
        94, 
        95, 
        96, 
        97], 
      "name2": "R:V146", 
      "name1": "A:N347"
    }, 
    {
      "frames": [0, 
        23, 
        27, 
        35, 
        38, 
        40, 
        46, 
        50, 
        58, 
        63, 
        72, 
        74, 
        78, 
        81, 
        87, 
        88, 
        91, 
        94, 
        95, 
        96, 
        99, 
        100, 
        103, 
        104, 
        107, 
        108, 
        109, 
        112, 
        114, 
        115, 
        116, 
        118, 
        120, 
        124, 
        125, 
        126, 
        128, 
        129, 
        132, 
        134, 
        135, 
        136, 
        138, 
        139, 
        144, 
        166, 
        174, 
        177, 
        188, 
        193, 
        194, 
        196, 
        197, 
        198, 
        199], 
      "name2": "R:Q245", 
      "name1": "A:D341"
    }, 
    {
      "frames": [0, 
        1, 
        3, 
        120, 
        125, 
        126, 
        131, 
        134, 
        142, 
        143, 
        145, 
        158, 
        159, 
        162, 
        163, 
        164, 
        165, 
        166, 
        167, 
        168, 
        169, 
        170, 
        171, 
        172, 
        173, 
        175, 
        197, 
        199], 
      "name2": "R:R143", 
      "name1": "A:G352"
    }, 
    {
      "frames": [0, 
        4, 
        5, 
        6, 
        7, 
        8, 
        9, 
        10, 
        11, 
        12, 
        13, 
        16, 
        17, 
        18, 
        19, 
        20, 
        21, 
        24, 
        25, 
        26, 
        43, 
        44, 
        46, 
        47, 
        48, 
        49, 
        50, 
        52, 
        53, 
        54, 
        55, 
        56, 
        57, 
        58, 
        62, 
        64, 
        65, 
        68, 
        69, 
        70, 
        71, 
        72, 
        75, 
        77, 
        79, 
        81, 
        82, 
        83, 
        84, 
        85, 
        86, 
        87, 
        88, 
        89, 
        90, 
        91, 
        92, 
        94, 
        95, 
        96, 
        97, 
        98, 
        99, 
        100, 
        101, 
        102, 
        103, 
        105, 
        108, 
        109, 
        110, 
        111, 
        112, 
        113, 
        114, 
        115, 
        116, 
        117, 
        118, 
        120, 
        121, 
        122, 
        123, 
        124, 
        125, 
        126, 
        129, 
        130, 
        131, 
        132, 
        133, 
        134, 
        135, 
        136, 
        137, 
        138, 
        139, 
        140, 
        141, 
        142, 
        143, 
        144, 
        145, 
        146, 
        147, 
        148, 
        149, 
        150, 
        151, 
        152, 
        153, 
        154, 
        155, 
        156, 
        157, 
        158, 
        159, 
        171], 
      "name2": "R:Q321", 
      "name1": "A:Y354"
    }, 
    {
      "frames": [0, 
        1, 
        2, 
        3, 
        4, 
        5, 
        6, 
        7, 
        8, 
        12, 
        13, 
        14, 
        15, 
        16, 
        17, 
        18, 
        19, 
        20, 
        21, 
        22, 
        23, 
        24, 
        25, 
        27, 
        28, 
        29, 
        30, 
        32, 
        33, 
        35, 
        36, 
        37, 
        38, 
        39, 
        41, 
        42, 
        43, 
        44, 
        45, 
        46, 
        47, 
        48, 
        49, 
        50, 
        51, 
        52, 
        54, 
        55, 
        56, 
        58, 
        59, 
        60, 
        61, 
        62, 
        63, 
        64, 
        65, 
        66, 
        67, 
        68, 
        69, 
        70, 
        71, 
        72, 
        73, 
        74, 
        75, 
        76, 
        77, 
        78, 
        79, 
        80, 
        81, 
        82, 
        83, 
        84, 
        85, 
        86, 
        87, 
        88, 
        89, 
        90, 
        91, 
        92, 
        93, 
        94, 
        95, 
        96, 
        97, 
        98, 
        99, 
        100, 
        102, 
        103, 
        104, 
        105, 
        106, 
        107, 
        108, 
        109, 
        110, 
        111, 
        112, 
        113, 
        114, 
        115, 
        116, 
        117, 
        119, 
        120, 
        121, 
        123, 
        124, 
        127, 
        128, 
        129, 
        130, 
        131, 
        132, 
        133, 
        134, 
        135, 
        136, 
        137, 
        138, 
        139, 
        140, 
        141, 
        143, 
        144, 
        145, 
        156, 
        169, 
        178, 
        185, 
        189], 
      "name2": "R:S79", 
      "name1": "A:G350"
    }, 
    {
      "frames": [0, 
        1, 
        2, 
        3, 
        4, 
        5, 
        8, 
        9, 
        10, 
        11, 
        12, 
        13, 
        17, 
        18, 
        19, 
        20, 
        21, 
        22, 
        23, 
        24, 
        25, 
        26, 
        27, 
        28, 
        29, 
        30, 
        31, 
        32, 
        33, 
        35, 
        36, 
        38, 
        39, 
        41, 
        42, 
        43, 
        44, 
        46, 
        47, 
        48, 
        49, 
        50, 
        51, 
        53, 
        55, 
        56, 
        57, 
        58, 
        59, 
        60, 
        61, 
        62, 
        64, 
        65, 
        70, 
        71, 
        72, 
        73, 
        74, 
        75, 
        79, 
        80, 
        81, 
        82, 
        83, 
        85, 
        86, 
        87, 
        88, 
        89, 
        90, 
        91, 
        92, 
        93, 
        94, 
        95, 
        96, 
        97, 
        98, 
        99, 
        100, 
        101, 
        102, 
        103, 
        104, 
        105, 
        106, 
        107, 
        108, 
        109, 
        110, 
        111, 
        112, 
        113, 
        114, 
        115, 
        116, 
        118, 
        119, 
        120, 
        121, 
        122, 
        123, 
        124, 
        125, 
        126, 
        128, 
        129, 
        130, 
        132, 
        133, 
        134, 
        135, 
        138, 
        139, 
        140, 
        141, 
        142, 
        144, 
        145, 
        146, 
        147, 
        148, 
        149, 
        150, 
        151, 
        152, 
        153, 
        154, 
        155, 
        156, 
        158, 
        159, 
        160, 
        161, 
        162, 
        163, 
        164, 
        165, 
        166, 
        167, 
        168, 
        169, 
        170, 
        171, 
        172, 
        174, 
        176, 
        177, 
        178, 
        179, 
        180, 
        181, 
        182, 
        183, 
        185, 
        186, 
        187, 
        188, 
        189, 
        190, 
        192, 
        193, 
        194, 
        195, 
        196, 
        197, 
        198, 
        199], 
      "name2": "R:N155", 
      "name1": "A:N194"
    }, 
    {
      "frames": [1, 
        2, 
        3, 
        4, 
        5, 
        6, 
        7, 
        8, 
        9, 
        10, 
        11, 
        12, 
        13, 
        14, 
        15, 
        16, 
        17, 
        18, 
        19, 
        20, 
        21, 
        22, 
        23, 
        24, 
        25, 
        26, 
        27, 
        28, 
        29, 
        30, 
        31, 
        32, 
        33, 
        34, 
        35, 
        36, 
        37, 
        38, 
        39, 
        40, 
        41, 
        42, 
        43, 
        44, 
        45, 
        46, 
        47, 
        48, 
        49, 
        50, 
        51, 
        52, 
        53, 
        54, 
        55, 
        56, 
        58, 
        59, 
        60, 
        61, 
        62, 
        63, 
        64, 
        65, 
        66, 
        67, 
        68, 
        69, 
        70, 
        71, 
        72, 
        73, 
        74, 
        75, 
        76, 
        77, 
        78, 
        79, 
        80, 
        81, 
        82, 
        83, 
        84, 
        86, 
        87, 
        88, 
        89, 
        91, 
        92, 
        93, 
        94, 
        95, 
        96, 
        97, 
        98, 
        99, 
        100, 
        101, 
        102, 
        104, 
        105, 
        106, 
        107, 
        110, 
        111, 
        112, 
        113, 
        114, 
        115, 
        116, 
        117, 
        118, 
        119, 
        121, 
        124, 
        127, 
        129, 
        130, 
        138, 
        148, 
        151, 
        152, 
        153, 
        154, 
        156, 
        157, 
        174, 
        176, 
        177, 
        178, 
        179, 
        180, 
        181, 
        182, 
        183, 
        184, 
        185, 
        186, 
        187, 
        188, 
        189, 
        190, 
        191, 
        192, 
        193, 
        194, 
        195, 
        196, 
        197, 
        198], 
      "name2": "R:R143", 
      "name1": "A:C351"
    }, 
    {
      "frames": [1, 
        2, 
        3, 
        4, 
        8, 
        9, 
        10, 
        11, 
        12, 
        13, 
        14, 
        15, 
        16, 
        17, 
        18, 
        19, 
        20, 
        23, 
        24, 
        25, 
        26, 
        27, 
        28, 
        29, 
        30, 
        32, 
        33, 
        34, 
        36, 
        37, 
        38, 
        39, 
        41, 
        42, 
        43, 
        44, 
        45, 
        46, 
        47, 
        48, 
        50, 
        51, 
        52, 
        53, 
        54, 
        55, 
        56, 
        60, 
        62, 
        63, 
        64, 
        66, 
        67, 
        69, 
        70, 
        71, 
        72, 
        73, 
        74, 
        75, 
        77, 
        79, 
        80, 
        81, 
        82, 
        83, 
        84, 
        85, 
        86, 
        87, 
        88, 
        89, 
        90, 
        91, 
        92, 
        93, 
        94, 
        95, 
        96, 
        97, 
        98, 
        99, 
        100, 
        102, 
        103, 
        104, 
        106, 
        107, 
        108, 
        109, 
        111, 
        112, 
        113, 
        115, 
        116, 
        117, 
        118, 
        119, 
        120, 
        121, 
        122, 
        123, 
        124, 
        125, 
        126, 
        127, 
        128, 
        129, 
        130, 
        131, 
        132, 
        133, 
        134, 
        135, 
        136, 
        137, 
        138, 
        139, 
        140, 
        141, 
        142, 
        143, 
        144, 
        145, 
        146, 
        147, 
        148, 
        149, 
        150, 
        151, 
        152, 
        153, 
        154, 
        155, 
        156, 
        157, 
        159, 
        160, 
        162, 
        164, 
        165, 
        169, 
        170, 
        172, 
        173, 
        174, 
        175, 
        176, 
        178, 
        179, 
        180, 
        181, 
        183, 
        184, 
        188, 
        190], 
      "name2": "R:S247", 
      "name1": "A:E318"
    }, 
    {
      "frames": [1, 
        2, 
        5, 
        6, 
        20, 
        21, 
        23, 
        25, 
        26, 
        29, 
        31, 
        35, 
        42, 
        45, 
        46, 
        50, 
        51, 
        52, 
        53, 
        54, 
        56, 
        58, 
        59, 
        60, 
        61, 
        63, 
        65, 
        70, 
        76, 
        77, 
        78, 
        79, 
        80, 
        81, 
        82, 
        84, 
        85, 
        86, 
        88, 
        89, 
        90, 
        91, 
        93, 
        94, 
        95, 
        97, 
        98, 
        99, 
        100, 
        105, 
        106, 
        107, 
        108, 
        109, 
        111, 
        113, 
        115, 
        119, 
        130, 
        132, 
        133, 
        145, 
        154, 
        156, 
        157, 
        158, 
        176, 
        188, 
        196], 
      "name2": "R:K248", 
      "name1": "A:A345"
    }, 
    {
      "frames": [1, 
        159, 
        168, 
        169], 
      "name2": "R:Q321", 
      "name1": "A:L353"
    }, 
    {
      "frames": [1, 
        2, 
        3, 
        66, 
        67, 
        159, 
        160, 
        165, 
        166, 
        167, 
        168, 
        171], 
      "name2": "R:R324", 
      "name1": "A:Y354"
    }, 
    {
      "frames": [1, 
        24, 
        34, 
        37, 
        44, 
        58], 
      "name2": "R:Q156", 
      "name1": "A:K32"
    }, 
    {
      "frames": [1, 
        2, 
        3, 
        4, 
        5, 
        8, 
        9, 
        10, 
        11, 
        12, 
        13, 
        16, 
        17, 
        20, 
        21, 
        22, 
        24, 
        25, 
        26, 
        27, 
        28, 
        29, 
        30, 
        31, 
        32, 
        33, 
        34, 
        35, 
        36, 
        37, 
        38, 
        39, 
        41, 
        43, 
        44, 
        45, 
        46, 
        47, 
        48, 
        49, 
        50, 
        51, 
        52, 
        53, 
        54, 
        55, 
        56, 
        57, 
        60, 
        61, 
        62, 
        63, 
        64, 
        68, 
        69, 
        70, 
        71, 
        72, 
        73, 
        74, 
        75, 
        76, 
        77, 
        78, 
        80, 
        82, 
        84, 
        85, 
        86, 
        87, 
        88, 
        89, 
        91, 
        92, 
        93, 
        94, 
        95, 
        96, 
        101, 
        106, 
        108, 
        109, 
        111, 
        116, 
        117, 
        118, 
        119, 
        123, 
        132, 
        141, 
        145, 
        148, 
        149, 
        150, 
        152, 
        153, 
        160, 
        161, 
        163, 
        164, 
        165, 
        166, 
        170, 
        171, 
        172, 
        173, 
        176, 
        178, 
        179, 
        180, 
        183, 
        185, 
        190, 
        191, 
        197], 
      "name2": "R:N246", 
      "name1": "A:D341"
    }, 
    {
      "frames": [1, 
        2, 
        3, 
        4, 
        5, 
        6, 
        9, 
        11, 
        12, 
        14, 
        15, 
        16, 
        18, 
        19, 
        20, 
        26, 
        27, 
        28, 
        30, 
        31, 
        36, 
        40, 
        42, 
        43, 
        45, 
        47, 
        62, 
        65, 
        66], 
      "name2": "R:Y154", 
      "name1": "A:A31"
    }, 
    {
      "frames": [3, 
        26, 
        75, 
        76, 
        79, 
        80, 
        81, 
        82, 
        83, 
        86, 
        94, 
        96, 
        97, 
        98, 
        99, 
        119, 
        121, 
        122, 
        125, 
        126, 
        133, 
        138], 
      "name2": "R:K248", 
      "name1": "A:R349"
    }, 
    {
      "frames": [3, 
        6, 
        15, 
        16, 
        19, 
        20, 
        23, 
        27, 
        36, 
        41, 
        44, 
        77, 
        125], 
      "name2": "R:T81", 
      "name1": "A:C351"
    }, 
    {
      "frames": [3, 
        5, 
        8, 
        10, 
        87, 
        115, 
        189, 
        192, 
        193, 
        194, 
        198, 
        199], 
      "name2": "R:N246", 
      "name1": "A:E318"
    }, 
    {
      "frames": [4, 
        5, 
        6, 
        14, 
        15, 
        16, 
        18, 
        19, 
        20, 
        21, 
        23, 
        24, 
        25, 
        27, 
        28, 
        29, 
        30, 
        31, 
        33, 
        34, 
        35, 
        36, 
        38, 
        39, 
        41, 
        42, 
        43, 
        45, 
        46, 
        47, 
        48, 
        49, 
        50, 
        51, 
        52, 
        54, 
        57, 
        58, 
        59, 
        60, 
        61, 
        63, 
        64, 
        66, 
        67, 
        68, 
        69, 
        71, 
        72, 
        73, 
        74, 
        75, 
        76, 
        77, 
        78, 
        79, 
        80, 
        81, 
        85, 
        86, 
        87, 
        88, 
        89, 
        90, 
        91, 
        92, 
        93, 
        94, 
        95, 
        96, 
        97, 
        98, 
        99, 
        102, 
        106, 
        107, 
        118, 
        119, 
        121, 
        122, 
        123, 
        124, 
        125, 
        127, 
        128, 
        129, 
        139, 
        159, 
        167, 
        171, 
        191], 
      "name2": "R:K248", 
      "name1": "A:Y354"
    }, 
    {
      "frames": [4, 
        8, 
        9, 
        10, 
        12, 
        13, 
        14, 
        15, 
        16, 
        17, 
        18, 
        19, 
        20, 
        21, 
        22, 
        23, 
        24, 
        25, 
        26, 
        27, 
        28, 
        30, 
        31, 
        32, 
        34, 
        35, 
        36, 
        38, 
        39, 
        40, 
        41, 
        42, 
        43, 
        44, 
        45, 
        46, 
        47, 
        48, 
        49, 
        50, 
        51, 
        52, 
        53, 
        54, 
        55, 
        56, 
        57, 
        58, 
        59, 
        60, 
        61, 
        62, 
        63, 
        64, 
        65, 
        66, 
        67, 
        68, 
        69, 
        70, 
        71, 
        72, 
        73, 
        74, 
        75, 
        76, 
        77, 
        78, 
        79, 
        80, 
        81, 
        82, 
        83, 
        84, 
        85, 
        86, 
        87, 
        88, 
        89, 
        90, 
        91, 
        92, 
        93, 
        94, 
        95, 
        96, 
        97, 
        98, 
        99, 
        100, 
        101, 
        102, 
        103, 
        104, 
        105, 
        106, 
        107, 
        108, 
        109, 
        110, 
        111, 
        112, 
        113, 
        114, 
        115, 
        116, 
        117, 
        118, 
        119, 
        120, 
        121, 
        122, 
        123, 
        124, 
        125, 
        126, 
        127, 
        128, 
        129, 
        130, 
        131, 
        132, 
        133, 
        134, 
        135, 
        136, 
        137, 
        138, 
        139, 
        140, 
        141, 
        142, 
        143, 
        144, 
        145, 
        146, 
        148, 
        149, 
        150, 
        151, 
        152, 
        153, 
        154, 
        155, 
        156, 
        157, 
        158, 
        159, 
        160, 
        161, 
        162, 
        163, 
        164, 
        165, 
        166, 
        167, 
        168, 
        169, 
        170, 
        171, 
        172, 
        173, 
        174, 
        175, 
        176, 
        177, 
        178, 
        179, 
        180, 
        181, 
        182, 
        183, 
        184, 
        185, 
        186, 
        187, 
        188, 
        189, 
        190, 
        191, 
        192, 
        193, 
        194, 
        195, 
        196, 
        197, 
        198, 
        199], 
      "name2": "R:Q245", 
      "name1": "A:Y320"
    }, 
    {
      "frames": [4, 
        6, 
        8, 
        12, 
        13, 
        14, 
        17, 
        21, 
        24, 
        25, 
        26, 
        27, 
        28, 
        31, 
        32, 
        33, 
        34, 
        35, 
        36, 
        38, 
        39, 
        40, 
        42, 
        43, 
        52, 
        54, 
        55, 
        56, 
        57, 
        62, 
        64, 
        66, 
        68, 
        70, 
        71, 
        72, 
        73, 
        74, 
        87, 
        89, 
        92, 
        93, 
        95, 
        97, 
        99, 
        102, 
        124], 
      "name2": "R:Q321", 
      "name1": "A:G352"
    }, 
    {
      "frames": [5, 
        8, 
        9, 
        11, 
        12, 
        13, 
        40, 
        41, 
        42, 
        43, 
        44, 
        45, 
        46, 
        47, 
        48, 
        56, 
        57, 
        59, 
        61, 
        66, 
        67, 
        88, 
        89, 
        90, 
        91, 
        92, 
        93, 
        102, 
        103, 
        107], 
      "name2": "R:N325", 
      "name1": "A:R349"
    }, 
    {
      "frames": [5, 
        9, 
        56, 
        57, 
        61, 
        93, 
        160, 
        162, 
        164, 
        165, 
        189, 
        192], 
      "name2": "R:Q321", 
      "name1": "A:R349"
    }, 
    {
      "frames": [6, 
        24, 
        27, 
        28, 
        29, 
        35, 
        36, 
        38, 
        40, 
        41, 
        42, 
        43, 
        44, 
        47, 
        48, 
        49, 
        50, 
        51, 
        52, 
        54, 
        55, 
        56, 
        57, 
        60, 
        61, 
        62, 
        63, 
        64, 
        68, 
        70, 
        71, 
        78, 
        93, 
        131, 
        135, 
        136, 
        144], 
      "name2": "R:K76", 
      "name1": "B:N313"
    }, 
    {
      "frames": [6, 
        78, 
        79], 
      "name2": "R:T151", 
      "name1": "A:T340"
    }, 
    {
      "frames": [8, 
        9, 
        10, 
        11, 
        12, 
        17, 
        101, 
        126], 
      "name2": "R:K248", 
      "name1": "A:P315"
    }, 
    {
      "frames": [8, 
        17, 
        18, 
        25, 
        29, 
        43, 
        75, 
        76, 
        77, 
        80, 
        81, 
        82, 
        85, 
        91, 
        93, 
        99, 
        102, 
        109, 
        111, 
        116, 
        117, 
        120, 
        121, 
        122, 
        123, 
        124, 
        125, 
        126, 
        127, 
        128, 
        129, 
        130, 
        131, 
        134, 
        135, 
        139, 
        140, 
        141, 
        142, 
        143, 
        145, 
        147, 
        148, 
        149, 
        151, 
        153, 
        154, 
        155, 
        156, 
        157, 
        158, 
        159, 
        160, 
        161, 
        162, 
        163, 
        164, 
        165, 
        167, 
        168, 
        169, 
        170, 
        172, 
        173, 
        174, 
        175, 
        176, 
        177, 
        178, 
        179, 
        181, 
        182, 
        183, 
        184, 
        185, 
        186, 
        188, 
        189, 
        190, 
        193, 
        194, 
        195, 
        196, 
        197, 
        198, 
        199], 
      "name2": "R:K322", 
      "name1": "A:R349"
    }, 
    {
      "frames": [9, 
        11, 
        141, 
        154, 
        160, 
        167, 
        169, 
        170, 
        176, 
        177, 
        178, 
        179, 
        181, 
        182, 
        185, 
        186, 
        187, 
        189, 
        192, 
        198], 
      "name2": "R:M80", 
      "name1": "A:G350"
    }, 
    {
      "frames": [10, 
        11, 
        12, 
        13, 
        14, 
        15, 
        16, 
        17, 
        22], 
      "name2": "R:T151", 
      "name1": "A:K193"
    }, 
    {
      "frames": [12, 
        17], 
      "name2": "R:K248", 
      "name1": "A:E318"
    }, 
    {
      "frames": [12, 
        15, 
        17, 
        19, 
        20, 
        22, 
        23, 
        25, 
        27, 
        28, 
        29, 
        30, 
        31, 
        34, 
        36, 
        37, 
        39, 
        42, 
        43, 
        45, 
        49, 
        50, 
        51, 
        54, 
        55, 
        57, 
        59, 
        60, 
        62, 
        65, 
        66, 
        67], 
      "name2": "R:T151", 
      "name1": "A:N194"
    }, 
    {
      "frames": [13, 
        18, 
        20, 
        21, 
        22, 
        24, 
        25, 
        27, 
        29, 
        31, 
        32, 
        35, 
        36, 
        37, 
        38, 
        42, 
        46, 
        47, 
        48, 
        49, 
        50, 
        51], 
      "name2": "R:S247", 
      "name1": "A:P315"
    }, 
    {
      "frames": [15], 
      "name2": "R:R160", 
      "name1": "A:I28"
    }, 
    {
      "frames": [17, 
        21, 
        24, 
        46, 
        55, 
        57, 
        61], 
      "name2": "R:Q157", 
      "name1": "A:A31"
    }, 
    {
      "frames": [17, 
        19, 
        22, 
        31, 
        32, 
        83, 
        113, 
        128, 
        151], 
      "name2": "R:Q245", 
      "name1": "A:D337"
    }, 
    {
      "frames": [19, 
        152], 
      "name2": "R:K76", 
      "name1": "A:E217"
    }, 
    {
      "frames": [22, 
        26, 
        53], 
      "name2": "R:K322", 
      "name1": "A:G350"
    }, 
    {
      "frames": [24, 
        38, 
        52, 
        53, 
        60], 
      "name2": "R:Y154", 
      "name1": "A:D33"
    }, 
    {
      "frames": [26, 
        28, 
        45, 
        61], 
      "name2": "R:K152", 
      "name1": "A:N194"
    }, 
    {
      "frames": [29], 
      "name2": "R:Q157", 
      "name1": "A:I28"
    }, 
    {
      "frames": [29, 
        30, 
        31, 
        32], 
      "name2": "R:Q157", 
      "name1": "A:G27"
    }, 
    {
      "frames": [31, 
        34, 
        38, 
        73, 
        80, 
        82, 
        86, 
        87, 
        89, 
        91, 
        92, 
        95, 
        131, 
        140], 
      "name2": "R:K75", 
      "name1": "B:D312"
    }, 
    {
      "frames": [50, 
        162, 
        163, 
        171, 
        179], 
      "name2": "R:Y316", 
      "name1": "A:G352"
    }, 
    {
      "frames": [53, 
        55, 
        56, 
        57, 
        59, 
        60, 
        61, 
        62, 
        63, 
        64, 
        65, 
        66, 
        67, 
        68, 
        70, 
        71, 
        72, 
        73, 
        74, 
        75, 
        76, 
        77, 
        78, 
        79, 
        80, 
        81, 
        82, 
        83, 
        84, 
        86, 
        87, 
        88, 
        89, 
        90, 
        91, 
        92, 
        97, 
        98, 
        99, 
        100, 
        102, 
        103, 
        104, 
        105, 
        106, 
        107, 
        108, 
        110, 
        111, 
        112, 
        113, 
        114, 
        115, 
        116, 
        117, 
        118, 
        119, 
        120, 
        121, 
        122, 
        123, 
        126, 
        127, 
        128, 
        130, 
        131, 
        132, 
        133, 
        134, 
        135, 
        139, 
        140, 
        141, 
        142, 
        143, 
        145, 
        146, 
        148, 
        149, 
        150, 
        151, 
        153, 
        154, 
        155, 
        156, 
        157, 
        158, 
        159, 
        160, 
        161, 
        162, 
        164, 
        165, 
        166, 
        167, 
        168, 
        169, 
        170, 
        172, 
        173, 
        174, 
        177, 
        178, 
        179, 
        180, 
        181, 
        182, 
        183, 
        184, 
        192, 
        196, 
        197, 
        198], 
      "name2": "R:K159", 
      "name1": "A:N347"
    }, 
    {
      "frames": [70, 
        72, 
        73, 
        75, 
        77, 
        79, 
        83, 
        85, 
        86, 
        87, 
        88, 
        91, 
        92, 
        93, 
        94, 
        95, 
        96, 
        99, 
        101, 
        102, 
        103, 
        104, 
        107, 
        108, 
        109, 
        110, 
        111, 
        112, 
        113, 
        115, 
        117, 
        131, 
        141, 
        153, 
        155], 
      "name2": "R:Q157", 
      "name1": "A:K24"
    }, 
    {
      "frames": [71, 
        72, 
        73, 
        74, 
        75, 
        77, 
        78, 
        79, 
        82, 
        83, 
        84, 
        85, 
        87, 
        88, 
        90, 
        94, 
        95, 
        96, 
        98, 
        99, 
        100, 
        102, 
        104, 
        105, 
        106, 
        107, 
        108, 
        109, 
        110, 
        111, 
        113, 
        114, 
        115, 
        116, 
        118, 
        120, 
        121, 
        122, 
        123, 
        124, 
        125, 
        126, 
        127, 
        128, 
        129, 
        130, 
        131, 
        132, 
        134, 
        135, 
        136, 
        137, 
        138, 
        139, 
        140, 
        142, 
        143, 
        144, 
        147, 
        148, 
        150, 
        151, 
        153, 
        155, 
        156, 
        158, 
        159, 
        162, 
        164, 
        165, 
        168, 
        169, 
        170, 
        171, 
        173, 
        174, 
        177, 
        178, 
        179, 
        180, 
        181, 
        182, 
        183, 
        184, 
        185, 
        187, 
        188, 
        189, 
        191, 
        192, 
        193, 
        194, 
        195, 
        197, 
        198, 
        199], 
      "name2": "R:Y154", 
      "name1": "A:K32"
    }, 
    {
      "frames": [73], 
      "name2": "R:A150", 
      "name1": "A:N347"
    }, 
    {
      "frames": [73, 
        74, 
        77, 
        78, 
        79, 
        86, 
        87, 
        88, 
        89, 
        90, 
        93, 
        94, 
        95, 
        97, 
        100, 
        101, 
        104, 
        105, 
        106, 
        111, 
        112, 
        113, 
        114, 
        130, 
        134, 
        181, 
        182, 
        183, 
        184, 
        187, 
        188, 
        189, 
        190, 
        191, 
        192, 
        194, 
        196, 
        197, 
        198, 
        199], 
      "name2": "R:Q157", 
      "name1": "A:K32"
    }, 
    {
      "frames": [73, 
        77, 
        83, 
        100, 
        104, 
        106, 
        111, 
        124, 
        126, 
        133, 
        163, 
        166, 
        167, 
        169, 
        170, 
        175, 
        176], 
      "name2": "R:R160", 
      "name1": "A:E25"
    }, 
    {
      "frames": [74, 
        79, 
        82, 
        84, 
        85, 
        90, 
        93, 
        94, 
        95, 
        96, 
        99, 
        101, 
        103, 
        104, 
        105, 
        108, 
        109, 
        110, 
        115, 
        117, 
        118, 
        119, 
        121, 
        136, 
        140, 
        141, 
        143, 
        145, 
        147, 
        148, 
        149, 
        150, 
        151, 
        152, 
        154, 
        157, 
        158, 
        159, 
        160, 
        162, 
        163, 
        165, 
        166, 
        167, 
        168, 
        170, 
        171, 
        172, 
        174, 
        175, 
        176, 
        177, 
        178, 
        182, 
        184, 
        185, 
        186, 
        189, 
        190, 
        191, 
        192, 
        193, 
        194, 
        195, 
        196, 
        197, 
        198, 
        199], 
      "name2": "R:S247", 
      "name1": "A:N312"
    }, 
    {
      "frames": [74, 
        75, 
        76, 
        79, 
        88, 
        90, 
        92, 
        94, 
        95, 
        96, 
        98, 
        102, 
        106, 
        116, 
        118, 
        119, 
        120, 
        122, 
        123, 
        126, 
        127, 
        128, 
        129, 
        130, 
        131, 
        132, 
        133, 
        134, 
        135, 
        136, 
        137, 
        138, 
        139, 
        142, 
        143, 
        146, 
        147, 
        148, 
        149, 
        150, 
        151, 
        152, 
        156, 
        158, 
        159, 
        161, 
        162, 
        163, 
        164, 
        165, 
        166, 
        167, 
        168, 
        169, 
        171, 
        172, 
        173, 
        175, 
        176, 
        177, 
        178, 
        179, 
        180, 
        181, 
        182, 
        183, 
        184, 
        185, 
        186, 
        187, 
        188, 
        189, 
        190, 
        191, 
        192, 
        194, 
        195, 
        197, 
        199], 
      "name2": "R:Q157", 
      "name1": "A:E25"
    }, 
    {
      "frames": [76, 
        82, 
        90, 
        102, 
        107, 
        108, 
        109, 
        111, 
        117, 
        120, 
        121, 
        122, 
        123, 
        124, 
        125, 
        126, 
        127, 
        128, 
        130, 
        131, 
        132, 
        133, 
        134, 
        135, 
        136, 
        137, 
        138, 
        139, 
        140, 
        141, 
        142, 
        143, 
        144, 
        145, 
        146, 
        148, 
        149, 
        150, 
        151, 
        152, 
        153, 
        154, 
        155, 
        156, 
        157, 
        159, 
        160, 
        161, 
        165, 
        174, 
        198], 
      "name2": "R:Y316", 
      "name1": "A:C351"
    }, 
    {
      "frames": [77, 
        78, 
        79, 
        80, 
        83, 
        86, 
        87, 
        88, 
        89, 
        90, 
        92, 
        93, 
        94, 
        95, 
        96, 
        97, 
        99, 
        100, 
        101, 
        102, 
        103, 
        104, 
        105, 
        106, 
        107, 
        108, 
        109, 
        110, 
        111, 
        114, 
        115, 
        119, 
        120, 
        121, 
        122, 
        125, 
        126, 
        127, 
        132, 
        133, 
        134, 
        135, 
        136, 
        137, 
        138, 
        139, 
        140, 
        141, 
        142, 
        143, 
        144, 
        145, 
        146, 
        148, 
        149, 
        150, 
        152, 
        153, 
        154, 
        155, 
        156, 
        157, 
        158, 
        159, 
        161, 
        162, 
        163, 
        164, 
        165, 
        166, 
        167, 
        168, 
        169, 
        171, 
        172, 
        173, 
        174, 
        175, 
        176, 
        177, 
        178, 
        179, 
        180, 
        181, 
        182, 
        183, 
        184, 
        185, 
        186, 
        187, 
        188, 
        189, 
        190, 
        191, 
        192, 
        193, 
        194, 
        195, 
        196, 
        197, 
        198, 
        199], 
      "name2": "R:N155", 
      "name1": "A:K193"
    }, 
    {
      "frames": [78, 
        86, 
        91, 
        93, 
        94, 
        131, 
        134, 
        138, 
        143], 
      "name2": "R:K76", 
      "name1": "B:D333"
    }, 
    {
      "frames": [78], 
      "name2": "R:N246", 
      "name1": "A:A345"
    }, 
    {
      "frames": [79, 
        80, 
        81, 
        82], 
      "name2": "R:R160", 
      "name1": "A:K24"
    }, 
    {
      "frames": [80, 
        123, 
        125, 
        128, 
        150, 
        152, 
        153, 
        156, 
        158, 
        161, 
        171, 
        174, 
        175, 
        176, 
        178, 
        179, 
        180, 
        181, 
        182, 
        183, 
        185, 
        187, 
        188, 
        189, 
        190, 
        192, 
        193, 
        195, 
        198, 
        199], 
      "name2": "R:K322", 
      "name1": "A:N346"
    }, 
    {
      "frames": [81, 
        84, 
        85, 
        91, 
        93, 
        111, 
        112, 
        113, 
        116, 
        126, 
        127, 
        136, 
        142, 
        143, 
        144, 
        146, 
        147, 
        149, 
        153, 
        154, 
        156, 
        159, 
        160, 
        161, 
        165, 
        166, 
        172, 
        173, 
        174, 
        175, 
        179, 
        182, 
        184, 
        185, 
        187, 
        189, 
        190, 
        191, 
        193, 
        195, 
        197, 
        198, 
        199], 
      "name2": "R:Q156", 
      "name1": "A:N194"
    }, 
    {
      "frames": [83, 
        86, 
        91], 
      "name2": "R:K76", 
      "name1": "B:S334"
    }, 
    {
      "frames": [84, 
        87, 
        110, 
        112, 
        117, 
        149, 
        151, 
        152, 
        153, 
        154, 
        155, 
        156, 
        157, 
        158, 
        159, 
        160, 
        161, 
        163, 
        165, 
        166, 
        167, 
        168, 
        172, 
        173, 
        174, 
        175, 
        176, 
        178, 
        179, 
        180, 
        183, 
        185, 
        186, 
        187, 
        190, 
        192, 
        193, 
        194, 
        195, 
        197, 
        198, 
        199], 
      "name2": "R:K251", 
      "name1": "A:R313"
    }, 
    {
      "frames": [85, 
        112, 
        113], 
      "name2": "R:K76", 
      "name1": "B:R52"
    }, 
    {
      "frames": [87], 
      "name2": "R:K76", 
      "name1": "B:H54"
    }, 
    {
      "frames": [107, 
        169, 
        174], 
      "name2": "R:R143", 
      "name1": "A:L353"
    }, 
    {
      "frames": [108, 
        109, 
        110, 
        111, 
        112, 
        113, 
        114, 
        115, 
        116, 
        117, 
        120, 
        130, 
        131, 
        132, 
        135, 
        136, 
        137, 
        141, 
        142, 
        143, 
        144, 
        145, 
        146, 
        147, 
        148, 
        149, 
        150, 
        151, 
        152, 
        153, 
        154, 
        155, 
        157, 
        158, 
        159, 
        160, 
        161, 
        162, 
        164, 
        165, 
        166, 
        167, 
        168, 
        169, 
        170, 
        171, 
        172, 
        173, 
        174, 
        175, 
        177, 
        178, 
        179, 
        180, 
        181, 
        182, 
        183, 
        184, 
        185, 
        186, 
        187, 
        188, 
        189, 
        190, 
        191, 
        192, 
        193, 
        194, 
        195, 
        196, 
        197, 
        198, 
        199], 
      "name2": "R:K248", 
      "name1": "A:L353"
    }, 
    {
      "frames": [118, 
        142, 
        146, 
        147, 
        148, 
        149, 
        150, 
        151, 
        152, 
        153, 
        154, 
        155, 
        157, 
        158, 
        159, 
        160, 
        161, 
        162, 
        163, 
        164, 
        165, 
        166, 
        167, 
        168, 
        170, 
        171, 
        172, 
        173, 
        174, 
        175, 
        177, 
        179, 
        180, 
        181, 
        182, 
        183, 
        184, 
        185, 
        186, 
        187, 
        188, 
        190, 
        191, 
        192, 
        193, 
        194, 
        195, 
        196, 
        197, 
        198, 
        199], 
      "name2": "R:T81", 
      "name1": "A:G350"
    }, 
    {
      "frames": [138, 
        143, 
        161, 
        193, 
        198], 
      "name2": "R:Q157", 
      "name1": "A:D26"
    }, 
    {
      "frames": [139, 
        145, 
        146, 
        147, 
        149], 
      "name2": "R:K75", 
      "name1": "B:D333"
    }, 
    {
      "frames": [147, 
        149], 
      "name2": "R:K75", 
      "name1": "B:N313"
    }, 
    {
      "frames": [153, 
        154, 
        155, 
        156, 
        157], 
      "name2": "R:R254", 
      "name1": "A:Y354"
    }, 
    {
      "frames": [163], 
      "name2": "R:S247", 
      "name1": "A:K317"
    }, 
    {
      "frames": [180, 
        184], 
      "name2": "R:Q156", 
      "name1": "A:K193"
    }, 
    {
      "frames": [183, 
        195], 
      "name2": "R:K76", 
      "name1": "A:D218"
    }, 
    {
      "frames": [188], 
      "name2": "R:N155", 
      "name1": "A:L195"
    }, 
    {
      "frames": [188], 
      "name2": "R:S247", 
      "name1": "A:S314"
    }, 
    {
      "frames": [192], 
      "name2": "R:N246", 
      "name1": "A:Y320"
    }, 
    {
      "frames": [193, 
        195, 
        196, 
        199], 
      "name2": "R:N246", 
      "name1": "A:P315"
    }
  ], 
  "trees": [
    {
      "treeLabel": "DefaultTree", 
      "treePaths": [
        " R.R0248.R:K248", 
        " R.R0324.R:R324", 
        " R.R0322.R:K322", 
        " R.R0246.R:N246", 
        " R.R0075.R:K75", 
        " A.A0352.A:G352", 
        " A.A0350.A:G350", 
        " A.A0312.A:N312", 
        " A.A0194.A:N194", 
        " A.A0024.A:K24", 
        " A.A0026.A:D26", 
        " R.R0156.R:Q156", 
        " R.R0146.R:V146", 
        " B.B0054.B:H54", 
        " R.R0152.R:K152", 
        " A.A0341.A:D341", 
        " A.A0217.A:E217", 
        " A.A0318.A:E318", 
        " R.R0143.R:R143", 
        " R.R0316.R:Y316", 
        " A.A0349.A:R349", 
        " R.R0157.R:Q157", 
        " R.R0160.R:R160", 
        " A.A0314.A:S314", 
        " A.A0346.A:N346", 
        " A.A0027.A:G27", 
        " R.R0150.R:A150", 
        " A.A0320.A:Y320", 
        " R.R0080.R:M80", 
        " R.R0251.R:K251", 
        " R.R0325.R:N325", 
        " A.A0028.A:I28", 
        " R.R0155.R:N155", 
        " B.B0052.B:R52", 
        " R.R0254.R:R254", 
        " A.A0351.A:C351", 
        " A.A0032.A:K32", 
        " A.A0033.A:D33", 
        " A.A0025.A:E25", 
        " R.R0081.R:T81", 
        " A.A0313.A:R313", 
        " R.R0159.R:K159", 
        " B.B0334.B:S334", 
        " B.B0313.B:N313", 
        " A.A0218.A:D218", 
        " R.R0245.R:Q245", 
        " B.B0312.B:D312", 
        " A.A0195.A:L195", 
        " A.A0345.A:A345", 
        " R.R0079.R:S79", 
        " A.A0353.A:L353", 
        " B.B0333.B:D333", 
        " R.R0076.R:K76", 
        " A.A0315.A:P315", 
        " A.A0193.A:K193", 
        " R.R0151.R:T151", 
        " A.A0317.A:K317", 
        " A.A0340.A:T340", 
        " A.A0347.A:N347", 
        " A.A0031.A:A31", 
        " R.R0154.R:Y154", 
        " A.A0337.A:D337", 
        " R.R0321.R:Q321", 
        " A.A0354.A:Y354", 
        " R.R0247.R:S247"
      ]
    }
  ]
}