branch_name	branch_id	S_sub	N_sub	N_sitewise	branch_length	is_fg	is_mg
Anas_platyrhynchos	0	18.9663	16.6119	S36T,M42V,A106T,A135S,C145S,M150L,L165V,A183T,N191D,T194I,V245A,K312S,T321A,K323R,E330D,A344V	0.1152	no	no
Anolis_carolinensis	1	54.4202	60.5639	A15E,T20I,T21S,N22E,E23Q,N25K,Y26N,Y28R,S35N,A46T,V51I,V73I,S95M,I109L,L116M,I136V,I144V,V151T,L169M,K179S,D181G,A187S,N188S,H193D,M194T,E195H,L196K,C209F,M211I,L212V,I215V,I216V,T246A,S252T,L256I,L259I,I263V,N266H,L269M,D270H,H271F,E274D,A276G,I278V,V293I,N312K,T313F,V316I,A322T,W325G,D330E,S332I,V342M	0.4882	no	no
Anser_cygnoides	2	4.4410	4.8745	A6T,F49L,K233R,K334R	0.0273	no	no
Node21	3	19.3625	27.8900	T8A,A11V,N12T,S28I,H32Y,T35I,R36S,T115N,T151K,V158G,F172L,E176D,S179T,Q186L,S230N,I260M,N270D,E274D,L294M,I316F,R318Q,A322V,Q326H,A338V	0.1427	no	no
Aquila_chrysaetos	4	15.5428	14.3865	I37V,V62A,L67Q,V105M,L118F,H143R,T169A,A183T,L196M,V245A,I316V,V320I,W325R,P349Q	0.0941	no	no
Bos_taurus	5	34.6698	25.5881	D11N,A20G,E29Q,Q33R,I48T,I62V,K104N,T109A,I124V,I134V,Q138R,L158S,L180H,V184F,E193A,T201I,V216L,Q232R,H274D,S323G,R325H,K326M,T335S,Q349H	0.2301	no	no
Bufo_gargarizans	6	92.1809	124.3049	T7M,D13P,D24N,N28P,K33M,M42A,V45I,F47C,I48V,F49L,V52I,L55V,V57I,I60V,Y61F,I62V,V76I,C87T,Q95E,A96S,I101V,L105F,M106L,I109M,I110L,G112S,A113T,I116V,C127A,I130F,Q138K,A139V,L142A,F145Y,S147V,K148T,H150Q,K151N,G153R,K154C,I156V,V158A,V160L,S164A,I166G,A168S,S175N,G176R,Q177V,D181H,Y189F,P190D,H193I,V198L,N199V,L201I,T204A,F208I,V209L,A212T,A213S,I222L,K223R,I226V,S229Q,F231V,H234K,L237M,F241L,V243I,Y254H,V256A,H261L,I263L,D264K,N268H,D270N,H272F,A276V,L277S,T280M,I283V,L286V,I298V,V300T,N305H,C307W,K311R,D312G,A316N,K317R,P318T,K326Q,T327G,I336V,E343F,A344V,M347V	1.6298	no	no
Canis_lupus	7	36.4780	24.0934	E9D,Y10D,V13I,P15S,G16E,Q26E,E29K,R30H,M42V,L44V,V52L,I62L,V130M,V163I,N176K,L178C,E193D,S264R,V279I,V310M,S322L,C336Y,S346N	0.2258	no	no
Caretta_caretta	8	4.5889	3.9095	S55F,H143R,M144V,T246M	0.0245	no	no
Chelonia_mydas	9	2.4592	1.2581	H227R	0.0106	no	no
Node24	10	9.1615	3.6652	H98R,I169T,I201L,V246T	0.0334	no	no
Crotalus_tigris	11	65.6869	77.1629	T7M,D9E,Y16F,T20N,N22S,D24E,E27S,R33G,S35K,K36R,I37V,S52T,L58I,I62V,E65K,T69M,V73I,L83F,C84S,H103Y,K108Q,R111L,L113F,C127S,I130V,A135V,A142T,H143R,A147H,A155V,L159S,V160I,V162I,A166L,F167L,T176I,A178E,V184I,H186F,P190A,H193S,M194I,E195Q,V200T,V213F,K227S,V244I,I260M,I263S,V267I,H271Y,N272R,F296V,V300E,I309V,T313N,G314C,I321V,A322T,K323R,Q326H,E329D,D330E,D331N,T335S,C336G,V342A,Y348V	0.6576	no	no
Equus_caballus	12	22.8479	31.2129	A8D,E9D,D11E,D14V,F18L,G27E,S35K,V52M,I97F,K104N,V105I,V137G,M150R,A151T,A155V,V163T,L180Y,H190Q,V198I,V243L,N255T,R261L,H268Q,T269A,T271I,H274Q,A282V,Y285F,D330N,T335S,V342M	0.1988	no	no
Geotrypetes_seraphini	13	76.4460	99.4489	N3S,T7H,D11H,D13G,N22E,D24N,D27N,N28S,E29I,I37T,I48V,I59A,T69K,H98N,E99Q,L105F,I110L,T115A,I116V,I130V,F133Y,K141R,A147G,K149Q,M150L,W152L,K154L,V155G,V158T,L165V,L167I,I169T,S175N,S178F,K182N,P190N,E195Q,V197M,F208I,I216V,S219V,K223N,L225I,F231L,Q232R,H234Y,R261S,K265P,F267A,D270H,T271L,N272D,V278T,A282T,F306L,L313F,K317G,Q319R,Q324A,T328S,L350I	0.9528	no	no
Gopherus_flavomarginatus	14	6.7670	11.2798	L7F,P8S,P13A,N26S,S178L,V188I,I201F,L212I,R261C,I321V,C336Y	0.0453	no	no
Homo_sapiens	15	0.0000	2.0000	N19S,L259F	0.0045	no	no
Latimeria_chalumnae	16	0.0000	0.0000		1.5727	no	no
Loxodonta_africana	17	32.3012	33.0307	E13T,N22S,S25R,E29N,L44M,L70M,V73L,A93T,G96S,V105S,T109I,I113T,I134L,T151I,G153A,I160M,N179I,L180H,G186D,H190K,E193K,T204A,L212F,V216I,T269A,A296V,S327F,T335I,C336S,F348L,L350M	0.2509	no	no
Mauremys_reevesii	18	2.0177	2.8321	A166V,H192Q,M211L	0.0133	no	no
Node25	19	15.4466	9.9170	D9E,R33K,F45L,I163V,T194I,V197A,R314T,D330E	0.0746	no	no
Node23	20	36.0180	41.9248	T7L,A10C,D11Y,F18L,N22C,N30H,F34A,S44A,I48A,V52I,Y64C,I80T,C87S,T104S,T137A,I173K,F174Y,N188V,H193L,I198F,V243I,S252L,K258I,T262N,D264H,R265V,E274D,Y275S,F286L,T313I,A322V,N340P	0.2708	yes	no
Mus_musculus	21	59.5474	62.0974	M7L,E8Y,E9D,Y10G,D11H,P15F,F17L,T20N,N22S,S24N,H28N,E29K,Q33K,S35K,K36E,M42V,C49F,V52L,V59I,K68R,S69T,M76L,I97T,H98Y,L111R,I113M,L116M,T120V,I124T,Y143F,Q145R,R149W,M150K,T151I,K154Q,I163V,N176H,S178Q,N179D,L180I,G186Q,D191S,V197M,A200V,T201I,V216L,V220G,G230N,M257A,K258M,R261Q,M270I,H274K,I278V,L286F,F306V,V310M,P317S,Y318H,T332S,A344T	0.5767	no	no
Myotis_myotis	22	36.1012	54.2341	E9D,Y10D,E13F,P15A,G16S,F17M,T20V,D23A,S24N,S25K,E29N,R30N,Q33E,S35K,F37L,L44V,V45A,I48L,V73M,M76V,I97M,K108Q,T109I,I113V,L116F,F118L,T126V,I134M,Q138R,Q146K,A151S,L158G,V167L,S168A,N176D,N179K,L180Y,L183W,I184V,G186D,E193T,K233N,N255T,R261G,E266V,F273Y,I278V,L319V,V321A,S322W,W325P,H340Q,N341Q,A344G	0.3978	no	no
Pan_troglodytes	23	0.0000	0.0000		0.0000	no	no
Node12	24	32.8236	35.5944	E8A,Y10H,E13H,D14E,P15D,W16Y,F17G,T20S,S21F,Q26E,E29Q,R30D,Y61S,Q65H,K68Q,M76V,T109S,L116I,Q138K,I156T,C157S,S178F,E193A,R229G,K235R,V244M,T252M,S264H,T269A,A276T,I278M,G299S,S323H,T332N,C336F	0.2604	no	no
Node11	25	17.6949	13.4141	F37V,A135V,S159L,H268Y	0.0519	no	no
Panthera_tigris	26	40.1369	32.7050	S24G,Q26R,F37V,V45G,V52A,S55A,I62V,M76V,K104D,M106L,T126A,I128V,V130I,I134V,V137A,Q138R,K148R,V162G,V163A,V167L,N176H,I184V,L212V,H227R,Q232K,I239V,V246A,S264N,I313L,E329D,N341H	0.2932	no	no
Node17	27	13.8737	13.1177	N22S,Q33E,N191D,Y267H,H268Y,K304R,S323G,T332A	0.0647	no	no
Node16	28	8.1135	5.8239	G96S	0.0079	no	no
Phascolarctos_cinereus	29	67.5400	73.0507	D11E,D14P,P15D,F18K,N19S,T20L,Q26E,C41I,M42T,V48S,S55C,V59A,I60V,Y64C,L67A,V73Q,I124F,A142T,W152M,G153R,V155I,C157Y,S159T,I163L,I173K,N179Q,D181N,Y189N,A200T,L205I,L212T,I222V,L226I,R229K,L249M,T271P,H274Y,I277F,D312A,G314K,S322I,W325Y,E329D,T335S,C336F,S337I,V342A,E343Q	0.7171	no	no
Pogona_vitticeps	30	49.6816	60.9901	E6A,D9E,Y13D,D14Y,L17S,S18N,T21Y,E27R,E29M,S35M,K36G,I37T,V40T,S52L,V67M,I80V,L83F,Q138L,H143Y,R150K,I154V,A166G,T176K,A178I,K179Q,H186S,A187V,L196V,I201T,L212F,V213I,I215L,K227R,K229R,Q238R,F241L,L249I,I260S,N272A,I279V,G288S,N305H,A307M,G314R,C315H,V316A,Q319K,I321F,N341H,Y348D	0.4433	no	no
Node28	31	51.5454	35.8291	S55A,T71S,V156A,T204V,C217F,K223N,L226F,R265K,A338D,N340H	0.1034	no	no
Node27	32	57.5688	37.7635	G103H,A106P,K154I,I156V,I198T,I222V,K238Q,S339T	0.1296	no	no
Spea_bombifrons	33	86.0496	91.2264	D13E,D27P,N28D,I37V,I41V,M42V,V52I,Y61F,K68R,I83M,Y94L,S99T,I101K,L105V,I134L,Q146L,K148R,V162M,L165V,S178N,Y186V,P190E,P191S,P192Y,H193Q,L196V,V197L,N199T,V205F,F208Y,M214I,I215L,S219A,F220S,G230S,Q232R,L237I,F241V,V243L,I248V,Y254F,H261Y,F267Y,N268V,R275T,I283F,N305K,F306I,I309M,K311S,D312N,L315I,A316I,P318H,T322Q,D324E,T327N,D332Y,E343D,T345M	1.0228	no	no
Node7	34	98.0899	65.5252		0.0000	no	no
Sphaerodactylus_townsendi	35	74.9712	75.9082	E6S,N19S,T21V,N22S,I37L,V40I,S44T,F45S,S55T,I60V,I62V,Y64H,E65Q,L70V,I80T,C87G,K108Q,I109V,L113F,I128V,D131E,I136V,T140A,A142V,A147S,I158V,L159F,V160L,I163V,L165M,I173M,F174Y,K179R,P190S,S191T,L196Q,F197S,V200I,I201T,T204A,I215L,I216F,S219L,I220T,K223H,L237V,L249C,S252A,A262V,D270S,N272Y,F273Y,G288S,K304A,K311T,T313I,G314W,V316A,Q319R,I321M,D331N,G332S,C336Y,M347L,Y348H	0.6951	no	no
Node26	36	72.7619	63.9886	D17L,N26Y,P40V,F47C,L51V,V52S,L67V,L84C,M106A,T120G,F133Y,I134F,T137V,M144I,V155A,Q177E,S178A,T194M,V197F,K199E,I209C,T213V,R229K,S242A,V243I,V246T,T262A,F267V,V277L,V278I,F306L,G320Q,E331D,A344E	0.4606	no	no
Sphenodon_punctatus	37	52.9707	77.1515	M5T,Y12T,N19E,T21L,D24K,N26A,E27D,N28L,E29H,F31Y,L32V,K36Q,I48V,F49L,I62L,L67M,C87F,S95A,H98Y,L105Y,I109F,T115S,I128M,F133L,H143Y,M144Q,Q146K,A147V,R149K,M150T,V151L,V162M,I173M,F174I,T176M,D181H,Y189N,P190S,I201T,M203I,F207Y,I220R,I222S,K223L,H227R,A228V,V245A,I248L,K258V,D264H,E274A,Y275F,I279V,H287R,G288C,N305H,I310F,N312D,Q319L,I321R,A322M,W325L,T327S,T335S,C336Y,V342I	0.5808	no	no
Node1	38	51.2161	30.5707	C145S,Q232H	0.0581	no	no
Struthio_camelus	39	24.8497	23.2924	N26I,E29D,N30S,T33I,A79S,I80V,A97T,I101V,I109A,M144T,V158I,H193R,I215T,I216T,V245G,I246T,I279V,L283F,R318W,Q319K,K323R,W325G	0.1548	no	no
Tursiops_truncatus	40	19.9699	12.6587	F37L,I97F,V130M,I156V,T252M,T263V,T269A,G320D,H340R,V342M	0.1165	no	no
Node15	41	22.3265	15.2651	P15L,T20A,L44V,L183P,V197M,H227Q,I278T,I313A,W325R,K334R,C336A	0.1129	no	no
Node14	42	10.5955	9.3206	E8A,E27G,N179Y,T213A	0.0291	no	no
Node13	43	15.7089	11.8454	V48I,V155A,D191N,M257V	0.0588	no	no
Node10	44	12.4016	8.6163		0.0000	no	no
Node9	45	76.9411	60.2144	N30R,K33Q,I37F,F49C,I80L,L84V,I86V,I130V,H143Y,C145Q,V158L,V160I,A168S,I169L,F172I,Q183L,V184I,H186G,A213T,I216V,L252T,T262S,N264S,D270M,V278I,I279V,V300L,L313I,Q326K,N340H,Y348F	0.6164	no	no
Node8	46	104.5791	94.8930	T7M,D9E,D24S,N28H,S44L,I59V,E65Q,T69S,A79P,S95A,A97I,I101V,L105V,R111L,L118F,T124I,I136V,I166L,L167V,Q177V,P191D,H193E,E195S,L196T,I220V,Y254F,I263T,R265W,F267Y,H287R,G288A,F296A,I298V,I309L,T327S,T328S,S332T,P349Q	0.8984	yes	no
Tyto_alba	47	17.7374	8.3078	T7N,R36T,T151I,P190S,I279V,Q324P,T337S	0.0811	no	no
Node22	48	14.6405	17.0885	A20I,F45A,F49L,I59V,T69M,I84V,I101T,T213A,K223R,N272S,V278I,K304R,F306L,K312N	0.0857	no	no
Node20	49	19.3012	13.0634	D11A,V52A,V73I,A177V,H234N,I298M,D330E	0.0665	no	no
Node19	50	61.8110	80.7520	E6T,Y12N,D17N,N19S,T21I,N22D,D24N,E27G,N28S,L32H,R33T,S35T,K36R,A46V,S55A,L58F,Y61L,I62V,V76L,S77N,L83W,L84I,C87W,H98Q,L105V,M106A,K108R,C127S,I130F,F133L,Q138F,A147T,V151T,V155L,V160I,I169T,T176E,Q177A,S178F,N179S,S183A,V184I,H186Q,A187E,S191N,I198L,K199E,M203V,F207Y,I220L,I239K,N255T,L256F,K258R,R261K,T262I,R265W,E266S,D270N,V277I,I283L,N312K,T313S,V316I,G320V,I321T,C336F,V342A,E343D	0.6442	no	no
Node18	51	48.3519	29.2349	G230S,G314R,H318R	0.0592	no	no
Node2	52	80.1501	61.0747	N77S,A159L,I166A,L167F,P191S,I194T,V198I,L209I,L211M,A213T,L242S,A245V,L252S,T269L,L286F,W307Q,D312N,S323K,S332G,S337T	0.4250	no	no
Node3	53	90.7707	61.8427	F145C	0.0851	no	no
Xenopus_tropicalis	54	94.8513	101.0757	D4N,S32D,K33M,H35R,I37Y,M42L,F47C,F49T,V57I,I62A,L75M,S99G,A113G,T120S,T124I,I130F,T140K,N143K,F145S,Q146H,K151R,V155L,I156V,V160A,V162A,I169V,I173M,Y174F,Q177R,D181E,Y186F,P191E,P192G,H193Y,E195N,V197I,L201F,M203I,S219T,N227F,A228S,G230N,V245I,V246A,A249V,V256I,I263L,D264Y,F267I,R275K,A276V,I278V,L290I,V293I,I298V,V300I,K311V,G314H,T322L,T323S,G330R,K334R,N335S,S339F,T340N,A344T,T345I,S346T,P349Q	1.2491	no	no
Node6	55	99.4825	95.4897	C41I,S55L,L58I,V73T,T115R,A135S,A137T,H143N,M150H,L212A,I216F,I220F,H227N,A245V,G288A,C315L,I321E,Q324D,S332D	0.6648	no	no
Node5	56	93.2969	78.2734	S35H,W92L,H186Y,L226I,L249A,Y275R,W325L,Q326K,E329D,Y348H	0.2991	no	no
Node4	57	0.0000	0.0000		0.2399	no	no
Root	58	0.0000	0.0000		0.0000	no	no
